S0120000657863657074696F6E732E73726563D0
S21400000018F09FE518F09FE518F09FE518F09FE5BB
S21400001018F09FE518F09FE518F09FE518F09FE5AB
S21400002064020000680200006C020000700200001B
S21400003074020000A43B01003402000078020000B5
S214000040240000EA84809FE5000058E380402DE904
S2140000501D00000A0040A0E30050A0E370709FE57A
S214000060018048E2082097E504E097E50C6097E5F4
S21400007002005EE1062082000700000A000056E348
S2140000800500000A0E30A0E10300B3E80EC043E00E
S21400009006005CE10300A2E8FAFFFF1A100097E5ED
S2140000A0000050E30230A0110300000A3000A3E86D
S2140000B0021043E0010050E1FBFFFF1A018048E216
S2140000C0010078E3147087E2E5FFFF1AD24C00EBDC
S2140000D001000000B04101003C108FE21600A0E3D2
S2140000E0563412EF000050E3080000BA28209FE5BF
S2140000F01CD09FE5080092E5000050E300D0A01158
S21400010010109FE5040092E5000050E30000811502
S214000110CBFFFFEAF8FFFF3F844B0100B04C010025
S21400012000D01FE5C6FFFFEAF8FFFF3F1C309FE543
S2140001301C009FE5003043E0060053E31EFF2F91AE
S21400014010309FE5000053E31EFF2F0113FF2FE141
S214000150934B0100904B01000000000024109FE527
S21400016024009FE5001041E04111A0E1A11F81E0BD
S214000170C110B0E11EFF2F0110309FE5000053E3D1
S2140001801EFF2F0113FF2FE1904B0100904B010043
S2140001900000000010402DE92C409FE50030D4E51B
S2140001A0000053E30600001ADFFFFFEB1C309FE55C
S2140001B0000053E318009F1500F020130130A0E361
S2140001C00030C4E51040BDE81EFF2FE1904B010053
S2140001D000000000383C010040309FE5000053E37B
S2140001E010402DE938109F1538009F1500F0201399
S2140001F034009FE5003090E5000053E30100001A4C
S2140002001040BDE8D4FFFFEA20309FE5000053E32E
S214000210FAFFFF0A0FE0A0E113FF2FE1F7FFFFEA66
S21400022000000000944B0100383C0100C84101006A
S2140002300000000004E04EE20F502DE9133AE0E320
S214000240F33E13E5490053E30000000AFEFFFFEA11
S2140002506A0000EB4920A0E3133AE0E3EF2E03E543
S2140002600F90FDE8FEFFFFEAFEFFFFEAFEFFFFEA53
S214000270FEFFFFEAFEFFFFEAFEFFFFEAD230A0E342
S21400028003F029E10730E0E303D0A0E1D330A0E398
S21400029003F029E11EFF2FE15330A0E303F029E12C
S2140002A01EFF2FE1123AE0E3012CA0E3B72703E597
S2140002B00F2CA0E3F72E03E5131AE0E3FF2F0FE35E
S2140002C0FB2E01E50120A0E3FF2E01E5FF2F03E54D
S2140002D01EFF2FE1F0412DE9E7FFFFEBF0FFFFEBFC
S2140002E00030A0E3203F4FE30820A0E30C2083E586
S2140002F0E8FFFFEB480C03E3010040E3C80000EB17
S2140003000040A0E3204F4FE35C7C03E3017040E332
S214000310AC5B04E3015040E30C1094E50700A0E159
S2140003206C0000EB0C3094E5020013E3FCFFFF1AB0
S2140003300C3094E5043083E30C3084E50C3094E50F
S214000340043023E20C3084E5686C03E3016040E38C
S2140003500410A0E10600A0E1B70000EB0410A0E343
S214000360201F4FE30600A0E1B30000EB0930A0E336
S2140003700C3084E56C0C03E3010040E3A80000EBBE
S214000380003095E5000053E3FCFFFF0A0C1094E5EF
S2140003907C0C03E3010040E34E0000EB0030A0E3DA
S2140003A0003085E5900C03E3010040E39C0000EB81
S2140003B0041095E5A80C03E3010040E3450000EBBC
S2140003C0D4FFFFEA0030A0E3203F4FE30820A0E37D
S2140003D00C2083E51EFF2FE10030A0E3203F4FE313
S2140003E00C2093E50C2083E5D03104E3013040E394
S2140003F0002093E5012022E2002083E51EFF2FE186
S2140004000030A0E3203F4FE30C2093E50E2002E2ED
S2140004100C2083E50C2093E5042082E30C2083E582
S214000420AC2B04E3012040E30110A0E3001082E5BA
S214000430081093E5B02B04E3012040E3001082E5AA
S2140004400C2093E50B2002E20C2083E51EFF2FE133
S2140004500030A0E310402DE90010A0E10320A0E149
S2140004600300A0E1930F00EB1040BDE81EFF2FE154
S21400047010402DE90010A0E30040A0E1CC0F00EBF7
S21400048018309FE5000093E53C3090E5000053E30C
S2140004900FE0A01113FF2F110400A0E1174C00EB92
S2140004A0B83C01000E002DE904E02DE508D04DE231
S2140004B010C08DE20C30A0E10C209DE5081090E500
S2140004C004C08DE58F0000EB08D08DE204E09DE4CB
S2140004D00CD08DE21EFF2FE10F002DE904E02DE584
S2140004E00CD04DE2341B00EB14C08DE210209DE5CD
S2140004F0081090E50C30A0E104C08DE5810000EB0B
S2140005000CD08DE204E09DE410D08DE21EFF2FE1BA
S21400051030402DE90050A0E124D04DE20100A0E1DA
S2140005200140A0E15F0000EB01C0A0E30210A0E3E1
S214000530383095E5E4209FE5000053E30CE080E0CA
S21400054010308DE210408DE514008DE50CE08DE551
S214000550084095E51CC08DE508108DE518208DE552
S21400056004308DE52A00000A643094E5FC20D4E1CE
S214000570010013E30238A0E11D00001A020413E391
S2140005802338A0E11600000A020A13E3643094053B
S214000590022A8203023AC303BC20C40164308405E5
S2140005A00500A0E104208DE20410A0E1871900EB0D
S2140005B0643094E5000050E30A50A0030050E013B6
S2140005C0010013E30200001ABC30D4E1020C13E36E
S2140005D00900000A0500A0E124D08DE23040BDE805
S2140005E01EFF2FE1580084E26A4B00EBFC20D4E1AA
S2140005F00238A0E12338A0E1E2FFFFEA580084E2D7
S214000600624B00EB0500A0E124D08DE23040BDE84F
S2140006101EFF2FE10500A0E1021700EBD1FFFFEA65
S214000620BC3C010010402DE90040A0E1E21A00EBBE
S2140006300410A0E11040BDE8B4FFFFEA0F002DE96A
S21400064004E02DE50CD04DE2DB1A00EB14C08DE281
S21400065010209DE5041090E50C30A0E104C08DE567
S214000660B00E00EB0CD08DE204E09DE410D08DE2DD
S2140006701EFF2FE10E002DE904E02DE508D04DE227
S21400068010C08DE20C30A0E10C209DE5041090E532
S21400069004C08DE5A30E00EB08D08DE204E09DE4D7
S2140006A00CD08DE21EFF2FE10310C0E3030010E222
S2140006B0000060E2043091E404C080E28CC1A0E156
S2140006C00020E0E3323C831101C0A0E30CC48CE1BF
S2140006D00CC88CE10C2043E00320C2E18C2312E01E
S2140006E00430910404008002F9FFFF0AFF0013E3C0
S2140006F001008012FF0C131301008012FF08131371
S214000700010080121EFF2FE1F04F2DE943DF4DE27E
S2140007100350A0E101A0A0E10240A0E10060A0E13A
S21400072024008DE5F31A00EB003090E50300A0E10D
S2140007305C308DE5DBFFFFEB000056E358008DE5EF
S21400074038508DE50200000A383096E5000053E385
S214000750DB00000A64309AE5FC20DAE1010013E3CE
S2140007600238A0E1B000001A020413E32338A0E127
S214000770A900000A020A13E30600001A64309AE58C
S214000780022A82E3023AC3E3BC20CAE10228A0E1BF
S21400079064308AE52238A0E1080013E3A400000ACA
S2140007A010209AE5000052E3A100000A1A2003E296
S2140007B00A0052E3A700000A0030A0E304B0A0E15C
S2140007C050308DE54C308DE554308DE568308DE544
S2140007D06C308DE528308DE560308DE564308DE534
S2140007E0C8908DE29C308DE598308DE5083F9FE5FA
S2140007F094908DE52CA08DE5108083E20030DBE53B
S214000800250053E3000053130B40A0E11300000A39
S2140008100130F4E5000053E325005313FBFFFF1AF5
S2140008200B5054E00D00000A98309DE59C209DE595
S214000830013083E2070053E3052082E000B089E53B
S214000840045089E598308DE59C208DE5089089D286
S214000850930000CA28309DE5053083E028308DE5FA
S2140008600030D4E5000053E34703000A0020A0E36D
S21400087000A0E0E30230A0E17720CDE50200A0E191
S21400088034208DE518208DE50250A0E101B084E209
S2140008900120D4E50A60A0E101C0A0E32BE0A0E3BC
S2140008A02040A0E301B08BE2201042E2580051E362
S2140008B001F19F97680200EA5C0D00005C120000E0
S2140008C05C1200001C1100005C1200005C120000AC
S2140008D05C1200005C1200005C1200005C1200005B
S2140008E0000B0000441100005C120000280B000002
S2140008F0140F00005C12000030110000700D0000A4
S214000900700D0000700D0000700D0000700D0000EE
S214000910700D0000700D0000700D0000700D0000DE
S2140009205C1200005C1200005C1200005C1200000A
S2140009305C1200005C1200005C1200005C120000FA
S2140009405C1200005C120000240E00007C11000007
S2140009505C1200007C1100005C1200005C120000BB
S2140009605C1200005C120000000F00005C12000029
S2140009705C120000541100005C1200005C120000C3
S2140009805C1200005C1200005C120000681100009F
S2140009905C1200005C120000980D00005C12000063
S2140009A05C1200005C1200005C1200005C1200008A
S2140009B05C1200005C1200005C1200005C1200007A
S2140009C05C120000D0100000AC1000007C1100008B
S2140009D07C1100007C110000BC100000AC10000070
S2140009E05C1200005C120000B00F00005C120000F9
S2140009F0DC0F00003C0B0000540F00002410000029
S214000A005C120000381000005C120000140D00009C
S214000A105C1200005C120000980F000058008AE28A
S214000A205C4A00EBFC20DAE10238A0E12338A0E1C2
S214000A304FFFFFEA0A10A0E124009DE5C70D00EB7A
S214000A40000050E32100001ABC30DAE11A2003E26D
S214000A500A0052E357FFFF1AFE20DAE1000052E3D5
S214000A6054FFFFBA64209AE5010012E30200001A60
S214000A70020C13E358008A02444A000B0530A0E13A
S214000A800420A0E10A10A0E124009DE5A40700EBE5
S214000A9028008DE528009DE543DF8DE2F04FBDE898
S214000AA01EFF2FE194208DE22C109DE524009DE58D
S214000AB0DE3600EB000050E3BB03001AC8908DE260
S214000AC063FFFFEA24009DE5D61500EB20FFFFEA52
S214000AD064309AE5010013E30200001ABC30DAE144
S214000AE0020C13E3E605000A0030E0E328308DE54B
S214000AF028009DE543DF8DE2F04FBDE81EFF2FE1A5
S214000B0038209DE5001092E5042082E2000051E3C3
S214000B1034108DE538208DE5050000AA34209DE5CB
S214000B20002062E234208DE518209DE5042082E353
S214000B3018208DE50020DBE559FFFFEA44208DE50F
S214000B4018309DE5205013E2DF04001A18309DE5AA
S214000B50103013E238209D155104001A18209DE528
S214000B60405012E238209DE54D04000A0070A0E3D4
S214000B70B060D2E1042082E238208DE50020A0E3B8
S214000B8030208DE57720CDE501007AE3C200000A2B
S214000B90075086E1000055E300005A0318209DE543
S214000BA08020C2E30150A0130050A0031C208DE556
S214000BB07F03001A000053E33303001A18309DE544
S214000BC0015013E23003000A3030A0E3422F8DE2DA
S214000BD0413062E540208DE505005AE10A30A0A1CB
S214000BE00530A0B120308DE50030A0E348308DE51B
S214000BF030309DE5000053E30200000A20309DE5FA
S214000C00013083E220308DE51C309DE5023013E292
S214000C1018308DE520309D150230831220308D155A
S214000C201C309DE5843013E23C308DE5AE01001AA1
S214000C3034309DE520209DE5026043E0000056E349
S214000C40A90100DA100056E3540600DA98208DE277
S214000C50140092E80930A0E10410A0E10690A0E19B
S214000C601070A0E30560A0E124409DE52C509DE5B2
S214000C70020000EA109049E2100059E3140000DA7E
S214000C80012082E2700A9FE5070052E3101081E21D
S214000C90810083E898208DE59C108DE5083083D28E
S214000CA0F3FFFFDA94208DE20510A0E10400A0E136
S214000CB05E3600EB000050E39103001A109049E204
S214000CC0100059E3C8308DE29C109DE598209DE504
S214000CD0EAFFFFCA0650A0E10140A0E10960A0E1DA
S214000CE00390A0E1012082E20C3A9FE5044086E0F2
S214000CF0070052E398208DE59C408DE5480089E882
S214000D00700100CA7730DDE5089089E230308DE565
S214000D10760100EA44208DE518309DE5200013E3B7
S214000D209F04001A18309DE5100013E3E203001A32
S214000D3018309DE538209DE5400013E30230A0E121
S214000D40DF03000AB060D2E1042082E20130A0E3B3
S214000D5038208DE50070A0E387FFFFEA000050E32F
S214000D600020DBE50C30A0010400A001CCFEFFEA69
S214000D700010A0E3307042E20120DBE4011181E0C4
S214000D80811087E0307042E2090057E3F9FFFF9ACE
S214000D9034108DE5C3FEFFEA000053E35C399FE59F
S214000DA044208DE57700CD1568308DE518309DE53B
S214000DB0200013E36A04001A18309DE5100013E3C0
S214000DC03405001A18309DE5400013E30070A013A8
S214000DD00070A00338309DE5B060D3110060930525
S214000DE0043083120430830238308D1538308D0578
S214000DF018209DE5010012E34303000A073096E140
S214000E004103000A3030A0E34410DDE5022082E30F
S214000E107830CDE57910CDE518208DE50230A0E3D9
S214000E2055FFFFEA000053E318309DE5103083E3DA
S214000E3044208DE57700CD1518308DE518309DE5FA
S214000E40200013E34D04001A18309DE5100013E34C
S214000E501605001A18309DE5400013E37C04000ACE
S214000E6038309DE5F060D3E1043083E2C67FA0E130
S214000E7038308DE50620A0E10730A0E1000052E3FF
S214000E800030D3E26B0400BA7730DDE501007AE388
S214000E9030308DE50130A0E33CFFFF1A010053E33C
S214000EA0C602000A020053E3C8108D125C02001A44
S214000EB0C8308DE20320A0E168C09DE52632A0E19F
S214000EC0073E83E12702A0E10F1006E20070A0E1D2
S214000ED00360A0E10130DCE7071096E1013062E52F
S214000EE0F5FFFF1A0230A0E140208DE518209DE5B1
S214000EF01C208DE5C8208DE2035042E035FFFFEA56
S214000F0018209DE5082082E318208DE50020DBE50B
S214000F1063FEFFEA0020DBE52A0052E301108BE2C5
S214000F206106000A307042E2090057E301B0A0E112
S214000F3005A0A0E15BFEFF8A0120DBE40AA18AE0AF
S214000F408AA087E0307042E2090057E3F9FFFF9A73
S214000F5054FEFFEA7830A0E33020A0E338109DE589
S214000F6018009DE57930CDE544308DE5043081E20A
S214000F7038308DE588379FE5020080E368308DE5E0
S214000F80006091E518008DE57820CDE50070A0E3BF
S214000F900230A0E3F8FEFFEA000053E360379FE567
S214000FA044208DE57700CD1568308DE57EFFFFEA9D
S214000FB00020DBE56C0052E318209D0518109D15F7
S214000FC0202082031010811318208D0518108D150F
S214000FD00120DB0501B08B0231FEFFEA000053E37F
S214000FE018309DE57700CD15200013E32B05001A79
S214000FF018309DE5100013E3AB00001A18309DE58D
S214001000400013E3A800000A38209DE5003092E572
S214001010042082E238208DE5B822DDE1B020C3E16D
S214001020F5FDFFEA18209DE5202082E318208DE5D7
S2140010300020DBE51AFEFFEA0040A0E338309DE51D
S21400104044208DE5002093E5040052E140208DE524
S2140010507740CDE5046083E27005000A01007AE37C
S2140010603805000A0A20A0E10410A0E140009DE532
S2140010706F1B00EB000050E39505000A04A0A0E1FA
S21400108040309DE5035040E018309DE51C308DE56E
S214001090C53FC5E120308DE57730DDE538608DE56C
S2140010A048A08DE530308DE5D0FEFFEA000053E322
S2140010B044208DE57700CD155FFFFFEA18209DE5FB
S2140010C0402082E318208DE50020DBE5F4FDFFEAF2
S2140010D00030A0E344208DE50120A0E338009DE524
S2140010E00250A0E120208DE530308DE5002090E50F
S2140010F018C09DE57730CDE503A0A0E148308DE52A
S214001100043080E238308DE5A0308DE21CC08DE5DD
S214001110A020CDE540308DE5BAFEFFEA18209DE51B
S214001120012082E318208DE50020DBE5DCFDFFEAE8
S21400113018209DE5802082E318208DE50020DBE561
S214001140D7FDFFEA0020DBE50C30A0E10E00A0E1B1
S214001150D3FDFFEA18309DE5103083E344208DE58B
S21400116018308DE575FEFFEA18309DE5103083E3F4
S21400117044208DE518308DE5E6FEFFEA000053E3D7
S21400118018309DE57700CD15080013E338309DE54F
S21400119044208DE5076083E23104000A0730C6E389
S2140011A0082083E238208DE5002093E5043093E59F
S2140011B050208DE554308DE554309DE550509DE52A
S2140011C00241C3E30500A0E10410A0E10020E0E333
S2140011D030359FE55D4700EB000050E3A403001A9E
S2140011E00500A0E10410A0E10020E0E314359FE52F
S2140011F0444700EB000050E39D03001A60209DE585
S21400120050009DE564309DE554109DE5374700EBA2
S214001210000050E38F04001A7730DDE530308DE5AE
S2140012200330A0E318109DE58010C1E31C108DE587
S21400123044109DE50350A0E120308DE5C8349FE5BD
S214001240470051E3C4249FE500A0A0E30320A0D1FB
S21400125048A08DE540208DE564FEFFEA44208DE53C
S21400126044109DE5000053E37700CD15000051E3E0
S214001270C500000A0030A0E30120A0E3A010CDE5E1
S21400128018109DE530308DE57730CDE503A0A0E160
S21400129048308DE5A0308DE20250A0E120208DE59B
S2140012A01C108DE540308DE556FEFFEA38209DE5A2
S2140012B0003092E5042082E238208DE528209DE566
S2140012C0002083E54CFDFFEA94208DE22C109DE57E
S2140012D024009DE5D53400EB000050E3B201001A6F
S2140012E07730DDE530308DE5C8908DE29C409DE599
S2140012F030309DE5000053E30B00000A0120A0E318
S21400130098309DE5023083E0070053E3024084E016
S21400131098308DE577308DE2042089E5003089E548
S2140013209C408DE5089089D2B10100CA18309DE531
S214001330000053E30B00000A0220A0E398309DE56E
S214001340013083E2070053E3024084E098308DE5E5
S21400135078308DE2042089E5003089E59C408DE5F3
S214001360089089D2AB0100CA3C309DE5800053E36B
S2140013704801000A05A04AE000005AE3310000DAFE
S21400138010005AE398309DD51E0000DA0420A0E134
S2140013901060A0E398309DE524709DE52C409DE507
S2140013A0020000EA10A04AE210005AE3140000DA35
S2140013B0013083E2070053E3102082E2008089E5D3
S2140013C0046089E598308DE59C208DE5089089D2EB
S2140013D0F3FFFFDA94208DE20410A0E10700A0E1FD
S2140013E0923400EB000050E37F01001A10A04AE29E
S2140013F010005AE3C8908DE29C209DE598309DE54C
S214001400EAFFFFCA0240A0E1013083E2070053E38F
S2140014100A4084E0000589E898308DE59C408DE51B
S214001420089089D2070000DA94208DE22C109DE502
S21400143024009DE57D3400EB000050E35A01001ABD
S2140014409C409DE5C8908DE21C309DE5010C13E3A1
S2140014505F00001A98309DE540209DE5013083E24C
S214001460054084E0070053E39C408DE5240089E8AE
S21400147098308DE5990100CA089089E21C309DE5F8
S214001480040013E33300000A34309DE520209DE578
S214001490025043E0000055E32E0000DA100055E34A
S2140014A098309DD51C0000DA1060A0E398309DE5CA
S2140014B024709DE52CA09DE5020000EA105045E250
S2140014C0100055E3140000DA013083E228229FE57D
S2140014D0070053E3104084E2440089E898308DE525
S2140014E09C408DE5089089D2F3FFFFDA94208DE2C8
S2140014F00A10A0E10700A0E14C3400EB000050E326
S2140015002700001A105045E298308DE2100055E38F
S214001510C8908DE2180093E8EAFFFFCA013083E224
S214001520070053E398308DE5CC319FE5054084E015
S2140015309C408DE5280089E8060000DA94208DE2BC
S2140015402C109DE524009DE5383400EB000050E3A8
S2140015501501001A9C409DE528309DE534209DE548
S21400156020109DE5010052E1023083A0013083B0D7
S214001570000054E328308DE50501001A0030A0E392
S214001580C8908DE298308DE59BFCFFEA9C309DE587
S214001590000053E32CA09DE55704001A0030A0E39A
S2140015A098308DE564309AE5010013E3BC30DAE14B
S2140015B00100001A020C13E3C701000A400013E3FF
S2140015C048FDFF1A28009DE543DF8DE2F04FBDE899
S2140015D01EFF2FE144309DE5650053E34F0000DA1F
S2140015E060209DE550009DE564309DE554109DE526
S2140015F0384600EB000050E34501000A0120A0E356
S21400160098309DE508119FE5023083E0024084E0B3
S214001610070053E3001089E5042089E59C408DE52A
S21400162098308DE5089089D28E0300CA7C309DE5FF
S2140016304C209DE5020053E1020000BA1C309DE5F7
S214001640010013E37300000A98308DE2180093E857
S21400165058209DE5013083E25C109DE5070053E3CA
S214001660044082E0060089E898308DE59C408DE5D0
S214001670089089D2910300CA4C309DE5015043E2A0
S214001680000055E37CFFFFDA100055E37A0100DA2C
S2140016901060A0E398309DE524709DE52CA09DE5A4
S2140016A0020000EA105045E2100055E3730100DA2C
S2140016B0013083E2070053E3104084E2008089E5AE
S2140016C0046089E598308DE59C408DE5089089D2C8
S2140016D0F3FFFFDA94208DE20A10A0E10700A0E1F4
S2140016E0D23300EB000050E3ADFFFF1A98308DE2D6
S2140016F0C8908DE2180093E8E9FFFFEAC03C0100BD
S214001700F03C0100043D0100FFFFEF7FE03C0100DC
S214001710E43C0100203D010067666666183D010056
S2140017204C309DE5010053E3C50100DA0130A0E32B
S21400173098509DE540209DE5035085E0034084E0F9
S214001740070055E3002089E5043089E59C408DE5D7
S21400175098508DE5089089D2D10100CA58309DE591
S214001760015085E25C209DE5070055E3044083E0D8
S2140017700C0089E898508DE59C408DE5089089D24C
S214001780D90100CA60209DE550009DE564309DE5C6
S21400179054109DE5CF4500EB000050E31401001AFD
S2140017A04C309DE540209DE5015085E2013043E246
S2140017B0012082E2034084E0070055E398508DE55F
S2140017C0002089E59C408DE5043089E5DA0100CAF1
S2140017D0089089E26C209DE5015085E2044082E095
S2140017E084308DE2070055E398508DE59C408DE5EA
S2140017F0042089E5003089E51EFFFFDA94208DE29B
S2140018002C109DE524009DE5883300EB000050E396
S2140018106500001AC8908DE29C409DE516FFFFEA21
S2140018200210A0E1A621A0E1872E82E1A701A0E197
S214001830073006E20070A0E10260A0E1303083E2EB
S214001840072096E1013041E5012041E2F3FFFF1A4F
S21400185018009DE5300053E30000A00301000012CD
S214001860000050E30703000A3030A0E318009DE5AF
S214001870021041E21C008DE5C8008DE240108DE5A7
S214001880015040E0013042E5D2FCFFEAC8308DE26C
S21400189040308DE5CFFCFFEA34309DE520209DE505
S2140018A0026043E0000056E3B1FEFFDA100056E3A4
S2140018B098309DD5240000DA0920A0E10410A0E1AC
S2140018C00690A0E11070A0E30560A0E198309DE5C9
S2140018D024409DE52C509DE5020000EA109049E268
S2140018E0100059E3140000DA013083E2070053E3E6
S2140018F0101081E2008082E5047082E598308DE564
S2140019009C108DE5082082D2F3FFFFDA94208DE24A
S2140019100510A0E10400A0E1443300EB000050E312
S2140019207700001A109049E2100059E3C8208DE2B3
S2140019309C109DE598309DE5EAFFFFCA0650A0E1A1
S2140019400140A0E10960A0E10290A0E1013083E23D
S214001950070053E3064084E0008089E5046089E5DB
S21400196098308DE59C408DE5089089D280FEFFDAA0
S21400197094208DE22C109DE524009DE52B3300EB92
S214001980000050E30800001AC8908DE29C409DE5D8
S21400199077FEFFEA94208DE22C109DE524009DE55D
S2140019A0223300EB000050E3F3FEFF0A2CA09DE577
S2140019B0FBFEFFEA010053E318208DE538FDFF1A11
S2140019C0000057E3090056037D01008A422F8DE28E
S2140019D0306086E218109DE5416062E51C108DE5DA
S2140019E00350A0E140208DE57AFCFFEA04A0A0E1C8
S2140019F0EBFEFFEA94208DE22C109DE524009DE589
S214001A000A3300EB000050E3E7FFFF1AC8908DE2B0
S214001A109C409DE544FEFFEA94208DE22C109DE557
S214001A2024009DE5013300EB000050E3DEFFFF1AC3
S214001A30C8908DE29C409DE54AFEFFEA0120A0E3A7
S214001A4098309DE538131FE5023083E0024084E0BD
S214001A50070053E3001089E5042089E59C408DE5E6
S214001A6098308DE5089089D20F0300CA4C309DE56A
S214001A70053093E10200001A1C309DE5010013E3D7
S214001A807DFEFF0A98309DE558209DE5013083E2F3
S214001A905C109DE5044082E0070053E3060089E8F9
S214001AA09C408DE598308DE5089089D2360300CAB3
S214001AB0000055E3170300BA013083E24C209DE591
S214001AC0070053E398308DE540309DE5044082E002
S214001AD09C408DE5003089E5042089E565FEFFDA47
S214001AE094208DE22C109DE524009DE5CF3200EB7E
S214001AF0000050E3ACFFFF1A9C409DE5C8908DE2C5
S214001B005DFEFFEA05A0A0E1A5FEFFEA0230A0E325
S214001B1019FCFFEA7C509DE5000055E3C6FFFFDA9E
S214001B2048309DE54C209DE5020053E10350A0B1EE
S214001B300250A0A1000055E3090000DA98309DE5A8
S214001B4040209DE5013083E2054084E0070053E332
S214001B50240089E89C408DE598308DE5089089D270
S214001B60A30200CA48309DE5000055E3053043A0B7
S214001B70000053E30350A0E16C0000DA100053E3CA
S214001B8098309DD5580000DA1060A0E398309DE5A7
S214001B9024709DE52CA09DE5020000EA105045E269
S214001BA0100055E3500000DA013083E2070053E3EB
S214001BB0104084E2008089E5046089E598308DE570
S214001BC09C408DE5089089D2F3FFFFDA94208DE2E1
S214001BD00A10A0E10700A0E1943200EB000050E3F9
S214001BE06FFEFF1A98308DE2C8908DE2180093E8D9
S214001BF0E9FFFFEA4C309DE5016043E2000056E352
S214001C00F3FEFFDA100056E3C30000DA18B08DE5E5
S214001C101070A0E306B0A0E124A09DE52C609DE531
S214001C20020000EA10B04BE210005BE3B80000DAF6
S214001C30015085E2070055E3104084E2008089E504
S214001C40047089E598508DE59C408DE5089089D212
S214001C50F3FFFFDA94208DE20610A0E10A00A0E16F
S214001C60723200EB000050E36A02001AC8908DE260
S214001C709C409DE598509DE5E9FFFFEA98309DE57C
S214001C80013083E2054084E0070053E398308DE599
S214001C909C408DE5008089E5045089E5F5FDFFDA76
S214001CA08EFFFFEA006092E5042082E20530A0E1A4
S214001CB038208DE50070A0E3AFFBFFEA38209DE5F5
S214001CC00230A0E1042082E2006093E50070A0E309
S214001CD00130A0E338208DE5A7FBFFEA58008AE232
S214001CE0AA4500EBBC30DAE133FEFFEA013083E2BE
S214001CF0070053E3054084E0008089E5045089E549
S214001D0098308DE59C408DE5089089D2070000DA72
S214001D1094208DE22C109DE524009DE5433200EBD7
S214001D20000050E320FFFF1A9C409DE5C8908DE21E
S214001D307C209DE54C309DE5030052E15E0100AA43
S214001D4098309DE558109DE5013083E25C009DE5E6
S214001D50014084E0070053E3030089E89C408DE5DA
S214001D6098308DE5089089D2820100CA4C309DE5F6
S214001D7048009DE5022043E0005043E0020055E1A4
S214001D800250A0A1000055E30B0000DA98109DE574
S214001D9040C09DE5011081E200308CE0054084E003
S214001DA0070051E3003089E5045089E59C408DE545
S214001DB098108DE5089089D2620100CA000055E3AC
S214001DC00250A0B1055042A0000055E3AAFDFFDA7C
S214001DD0100055E3A8FFFFDA1060A0E398309DE5F9
S214001DE024709DE52CA09DE5020000EA105045E217
S214001DF0100055E3A1FFFFDA013083E2070053E34A
S214001E00104084E2008089E5046089E598308DE51D
S214001E109C408DE5089089D2F3FFFFDA94208DE28E
S214001E200A10A0E10700A0E1003200EB000050E33A
S214001E30DBFDFF1A98308DE2C8908DE2180093E81B
S214001E40E9FFFFEA1C309DE5010013E336FEFF1AAA
S214001E500130A0E398509DE540209DE5035085E0C5
S214001E60034084E0070055E39C408DE5002089E5AB
S214001E7098508DE5043089E554FEFFDA94208DE213
S214001E802C109DE524009DE5E83100EB000050E3B2
S214001E90C5FEFF1AC8908DE29C409DE598509DE5D2
S214001EA04BFEFFEA94208DE22C109DE524009DE574
S214001EB0DE3100EB000050E3BBFEFF1AC8908DE257
S214001EC09C409DE598509DE523FEFFEA38309DE551
S214001ED0076083E20730C6E3082083E2C00093E889
S214001EE038208DE50030A0E323FBFFEA94208DE246
S214001EF02C109DE524009DE5CC3100EB000050E35E
S214001F00A9FEFF1AC8908DE29C409DE598509DE57D
S214001F101BFEFFEA0B60A0E118B09DE5015085E2CC
S214001F20064084E0070055E398508DE59C408DE51B
S214001F30008089E5046089E524FEFFDA94208DE2BE
S214001F402C109DE524009DE5B83100EB000050E321
S214001F5095FEFF1A9C409DE598509DE5C8908DE241
S214001F601BFEFFEA38309DE5076083E20730C6E3D4
S214001F70082083E238208DE5C00093E89BFBFFEA4B
S214001F8038309DE5076083E20760C6E30C0096E8FC
S214001F90081086E238108DE50260A0E10370A0E12B
S214001FA0B5FBFFEA38309DE5076083E20730C6E3FD
S214001FB0082083E2C00093E838208DE50130A0E3D6
S214001FC0EDFAFFEAC8308DE21C908DE50A40A0E3EA
S214001FD00050A0E30390A0E10600A0E10710A0E1F6
S214001FE00420A0E10530A0E17F4400EB302082E22F
S214001FF0012069E50600A0E10710A0E10530A0E198
S2140020000420A0E1784400EB0060A0E10170A0E1AC
S214002010073096E1EFFFFF1A0930A0E118208DE2A5
S21400202040908DE5040292E81C208DE5C8208DE2E4
S214002030035042E0E7FAFFEA2D30A0E3006076E2C4
S2140020407730CDE530308DE50070E7E20130A0E373
S214002050CCFAFFEA38109DE5006091E5041081E2B5
S214002060C67FA0E10620A0E10730A0E138108DE58C
S21400207081FBFFEA50C09DE50C20A0E10C00A0E12A
S21400208054C09DE50C30A0E10C10A0E1AF4300EB7E
S214002090000050E3DC01001A44309DE501007AE3BD
S2140020A02050C3E306A0A003BC00000A470055E387
S2140020B000005A03B900001A54309DE5006053E250
S2140020C018309DE5013C83E31C308DE5610100BAC4
S2140020D04750A0E301A0A0E330008DE550709DE5D9
S2140020E00200A0E38C108DE201048DE810108DE54F
S2140020F080008DE27C108DE20C008DE50720A0E1CB
S2140021000630A0E108108DE524009DE5910900EB5E
S214002110470055E340008DE5F101001A18309DE5B3
S214002120010013E3A301000A40309DE50A4083E066
S21400213064309DE560209DE50700A0E10610A0E163
S214002140644300EB000050E30430A0110900001ABD
S2140021508C309DE5040053E10600002A3010A0E311
S214002160012083E28C208DE50010C3E58C309DE5D0
S214002170030054E1F9FFFF8A40209DE5470055E340
S214002180023043E04C308DE50701001A7C309DE5B7
S214002190030073E30320A0E148308DE50030A0A3E0
S2140021A00130A0B30A0052E103A0A0D101A083C36E
S2140021B000005AE3E800000A44309DE5023043E29E
S2140021C044308DE548309DE54420DDE5013043E2AE
S2140021D0000053E38420CDE52D20A0B32B20A0A340
S2140021E07C308DE548309DB5013063B2090053E37D
S2140021F093C08DC28520CDE50C00A0C1330000CA77
S2140022003020A0E3023083E08620CDE58730CDE5A0
S21400221088308DE24C109DE584208DE2023043E04C
S214002220010051E36C308DE5035081E0990100DA3E
S21400223058309DE5035085E0C53FC5E120308DE56B
S2140022400030A0E348308DE530309DE5000053E3D4
S214002250B700001A03A0A0E17730DDE530308DE549
S21400226062FAFFEA0760C6E3003096E550308DE577
S214002270043096E554308DE5083086E238308DE53A
S214002280CCFBFFEA58008AE2404400EB0030E0E373
S21400229028308DE515FAFFEA38309DE5006093E5B5
S2140022A0043083E238308DE50070A0E3CFFAFFEA11
S2140022B038309DE5006093E5EAFAFFEA1C309DE5BC
S2140022C0010013E3A8FEFF0A9CFEFFEA0200A0E15D
S2140022D0C02B1FE59312C2E0C31FA0E1421161E0CC
S2140022E0012181E0822043E0302082E2090051E3B0
S2140022F0012040E50130A0E1012040E2F2FFFFCAE4
S214002300303081E2020040E2FF1003E200005CE1B0
S214002310011042E57401009A86008DE20230A0E1C9
S214002320000000EA0110D3E40C0053E10110C0E401
S214002330FBFFFF1A013083E2023043E086208DE285
S214002340033082E0B2FFFFEA94208DE22C109DE578
S21400235024009DE5B53000EB000050E392FDFF1A27
S2140023607C209DE54C309DE5C8908DE29C409DE527
S214002370022043E090FEFFEA94208DE22C109DE5BB
S21400238024009DE5A93000EB000050E386FDFF1A0F
S214002390C8908DE27C209DE59C409DE572FEFFEA9C
S2140023A054309DE5006053E218309DE5013C83E320
S2140023B01C308DE5A90000BA0030A0E350709DE502
S2140023C030308DE5460055E34500001A03E0A0E3F3
S2140023D08CC08DE27C108DE280008DE20720A0E1AB
S2140023E00630A0E100E08DE510C08DE50C008DE51F
S2140023F008108DE504A08DE524009DE5D50800EBCA
S21400240000C0A0E10040DCE530C044E200407CE2D1
S21400241040008DE564309DE560209DE50700A0E165
S2140024200610A0E10C40A4E0AA4200EB000050E336
S2140024300130A0E30030A013030014E101306A125B
S2140024407C308D157C309D0540209DE50A3083E06C
S214002450034082E035FFFFEA2D30A0E330308DE503
S2140024607730CDE56DFBFFEA94208DE22C109DE5DC
S21400247024009DE56D3000EB000050E34AFDFF1A96
S214002480C8908DE268FCFFEA18309DE51C308DE5AB
S214002490C8308DE2025043E040208DE5CDF9FFEADA
S2140024A038309DE528209DE5001093E5043083E252
S2140024B038308DE5C23FA0E10C0081E8CEF8FFEA97
S2140024C094208DE22C109DE524009DE5573000EB0E
S2140024D0000050E334FDFF1AC8908DE29C409DE555
S2140024E064FCFFEA450055E3FCFEFF1A0200A0E389
S2140024F08C108DE200008DE510108DE580008DE2D9
S2140025007C108DE201408AE20C008DE50720A0E1F8
S2140025100630A0E104408DE508108DE524009DE519
S2140025208C0800EB40008DE540309DE5044083E0DC
S214002530FEFEFFEA2D30A0E300A0A0E37730CDE555
S21400254030308DE5ACF9FFEA40009DE555F8FFEB2D
S21400255004A0A0E10050A0E1CAFAFFEA4C209DE5E5
S21400256048309DE5030052E1420000CA18209DE570
S214002570010012E348309D1558209D150250831027
S214002580C53FC511C32FC3010350A00120308D15D0
S2140025906730A0E320208D0544308DE529FFFFEA53
S2140025A098208DE2140092E8CDF9FFEA44309DE5CC
S2140025B0650053E3C70000DA44309DE5660053E348
S2140025C07C309DE548308DE5E3FFFF1A000053E3BD
S2140025D0A50000DA00005AE39C00001A18209DE5CA
S2140025E0010012E39900001A20308DE50350A0E1A7
S2140025F014FFFFEA94208DE22C109DE524009DE553
S2140026000A3000EB000050E3E7FCFF1AC8908DE2AA
S2140026109C409DE552FDFFEA06A0A0E1E0FBFFEA34
S21400262006005AE30A30A0310630A02318109DE5B4
S21400263020308DE50350A0E1243F1FE502A0A0E175
S21400264038608DE51C108DE530208DE548208DE541
S21400265040308DE565F9FFEA4750A0E301A0A0E30E
S21400266054309DE5026183E22D30A0E350709DE575
S21400267030308DE552FFFFEA48309DE558209DE555
S214002680000053E34C309DE5025083E048309DD572
S214002690013063D2035085D0C53FC5E120308DE5BB
S2140026A06730A0E344308DE5E6FEFFEA94208DE235
S2140026B02C109DE524009DE5DC2F00EB000050E388
S2140026C0B9FCFF1AC8908DE27C509DE59C409DE5C4
S2140026D0E5FCFFEA18309DE51C308DE57730DDE53A
S2140026E00A50A0E120A08DE538608DE500A0A0E1AD
S2140026F048008DE530308DE53CF9FFEA24009DE585
S21400270094208DE20A10A0E1C82F00EB000050E3F1
S214002710A1FBFF0AA2FBFFEA100075E3005065E28A
S214002720260000AA1060A0E324709DE52CA09DE57D
S214002730020000EA105045E2100055E31F0000DAE0
S214002740013083E2070053E3104084E2008089E50D
S214002750046089E598308DE59C408DE5089089D227
S214002760F3FFFFDA94208DE20A10A0E10700A0E153
S214002770AE2F00EB000050E389FBFF1A98308DE285
S214002780C8908DE2180093E8E9FFFFEA94208DE2F6
S2140027902C109DE524009DE5A42F00EB000050E3DF
S2140027A081FCFF1A98308DE2C8908DE27C509DE542
S2140027B0180093E8BDFCFFEA8C309DE56DFEFFEA4D
S2140027C0013083E2054084E0070053E3008089E59A
S2140027D0045089E598308DE59C408DE5089089E2A7
S2140027E0B4FCFFDA94208DE22C109DE524009DE5D4
S2140027F08E2F00EB000050E36BFCFF1A98308DE242
S214002800C8908DE2180093E8AAFCFFEA0330A0E324
S21400281018109DE58010C1E31C108DE544109DE561
S2140028200350A0E120308DE5C4309FE5470051E31A
S214002830C0209FE500A0A0E30320A0D17730DDE50F
S21400284048A08DE540208DE530308DE5E7F8FFEABD
S21400285048309DE558209DE5025083E00A5085E00B
S214002860C53FC5E120308DE576FEFFEA00005AE35D
S2140028700200001A18309DE5010013E31300000A59
S21400288058309DE5015083E20A5085E0C53FC5E11A
S21400289020308DE56BFEFFEA18309DE5013013E22F
S2140028A048308DE5EDFFFF0A60FEFFEA38709DE5D3
S2140028B000A097E50120DBE506005AE101B0A0E1A3
S2140028C0041087E206A0A0B138108DE5F4F7FFEA01
S2140028D00130A0E343FFFFEA7C309DE548308DE5FC
S2140028E037FEFFEA0A40A0E10EFFFFEA86308DE2DF
S2140028F047FEFFEAE83C0100EC3C010070402DE991
S2140029000150A0E10260A0E10040A0E12A1200EB25
S2140029100630A0E10520A0E10410A0E17040BDE86B
S21400292078F7FFEAF0412DE90140A0E101CBA0E3F2
S21400293000E0A0E30260A0E10070A0E10380A0E157
S21400294046DE4DE2BE30D4E108D04DE2BC10D1E107
S214002950BE30CDE1643094E51C2094E50210C1E35E
S21400296064308DE5243094E5BC10CDE158008DE24E
S21400297068108DE208C08DE514C08DE51C208DE53D
S21400298024308DE518E08DE500108DE510108DE5FE
S2140029907A4200EB0620A0E10830A0E10D10A0E18D
S2140029A00700A0E157F7FFEB006050E2040000BA12
S2140029B00D10A0E10700A0E1840D00EB000050E33D
S2140029C00060E013BC30DDE1400013E3BC30D411FE
S2140029D040308313BC30C41158008DE2694200EBCE
S2140029E00600A0E146DE8DE208D08DE2F041BDE8AB
S2140029F01EFF2FE1F04F2DE901B0A0E1641091E534
S214002A00010011E3FC10DBE1ABDF4DE214308DE595
S214002A100138A0E124008DE52338A0110200001A39
S214002A20020413E32338A0E1FF03000A020A13E3BB
S214002A3064309B05023AC30364308B050030A0E384
S214002A400260A0E103A0A0E1021A8103BC10CB0142
S214002A501C308DE510308DE518308DE524809DE521
S214002A600670A0E10130D7E4000053E33C308DE56A
S214002A70DF03000A0F1200EB3C309DE5030080E008
S214002A800150D0E5085005E2000055E30590A0E1AE
S214002A901700000A04209BE50C0000EA051200EB74
S214002AA000309BE50020D3E5020080E00120D0E561
S214002AB0080012E3013083E20B00000A04209BE5C5
S214002AC0012042E200308BE504208BE501A08AE27B
S214002AD0000052E3F0FFFFCA0B10A0E10800A0E1DF
S214002AE0AA1A00EB000050E3EBFFFF0A0760A0E124
S214002AF0DAFFFFEA250053E38000001A0540A0E154
S214002B0008508DE50160D6E5013087E2780056E38F
S214002B1006F19F97790200EAF431000000350000C4
S214002B2000350000003500000035000000350000CC
S214002B3000350000003500000035000000350000BC
S214002B4000350000003500000035000000350000AC
S214002B50003500000035000000350000003500009C
S214002B60003500000035000000350000003500008C
S214002B70003500000035000000350000003500007C
S214002B80003500000035000000350000003500006C
S214002B90003500000035000000350000003500005C
S214002BA0003500000035000000350000FC2C000059
S214002BB0003500000035000000350000003500003C
S214002BC0943300000035000000350000003500009A
S214002BD000350000003500007C3300007C33000028
S214002BE07C3300007C3300007C3300007C33000024
S214002BF07C3300007C3300007C3300007C33000014
S214002C0000350000003500000035000000350000EB
S214002C1000350000003500000035000000350000DB
S214002C200035000000350000683300005C3300000B
S214002C30003500005C330000003500000035000061
S214002C400035000000350000F832000000350000B6
S214002C5000350000D03200000035000000350000CE
S214002C60003500000035000000350000003500008B
S214002C700035000000350000A832000000350000D6
S214002C80003500002432000000350000003500004A
S214002C90003500000035000000350000003500005B
S214002CA0003500002C330000103300005C330000B9
S214002CB05C3300005C33000044330000402D00000D
S214002CC000350000003500004034000000350000EC
S214002CD0EC330000E4330000D4330000003500007D
S214002CE000350000C833000000350000AC3300009B
S214002CF00035000000350000A83200000370A0E197
S214002D0004309BE5000053E34C0400DA00309BE5FA
S214002D10011057E50020D3E5020051E13403001A04
S214002D2004209BE5013083E2012042E200308BE57F
S214002D3001A08AE204208BE50760A0E147FFFFEAD6
S214002D400C308DE5F43E9FE51C308DE50030A0E3A9
S214002D500370A0E310308DE504309BE5000053E3DC
S214002D603A0100DA08309DE5400013E30C00000A43
S214002D70017047E2030057E307F19F979D0000EAC2
S214002D8068300000702F0000E42D00002835000099
S214002D900B10A0E10800A0E1FC1900EB000050E3D6
S214002DA02F01001A431100EB00309BE50020D3E50D
S214002DB0020080E00120D0E5080012E3013083E243
S214002DC0EAFFFF0A04209BE5012042E2000052E3EE
S214002DD001A08AE204208BE500308BC5F0FFFFCA15
S214002DE0EAFFFFEA013044E2570F53E30030A093B6
S214002DF00070A0E31090A0E3573F448208209DE5B2
S214002E0001304382366D82E3344E9F850A20A0E16E
S214002E1003A0A0E10730A0E110709DE5525F8DE2AF
S214002E2000109BE500C0D1E52B004CE24D0050E3BE
S214002E3000F19F97B90000EACC3100002031000075
S214002E40CC31000020310000203100009431000019
S214002E5080310000803100008031000080310000A9
S214002E60803100008031000080310000DC3100003D
S214002E70DC3100002031000020310000203100004D
S214002E8020310000203100002031000020310000F9
S214002E9070310000703100007031000070310000A9
S214002EA07031000070310000203100002031000039
S214002EB020310000203100002031000020310000C9
S214002EC020310000203100002031000020310000B9
S214002ED020310000203100002031000020310000A9
S214002EE0203100002031000020310000DC300000DE
S214002EF02031000020310000203100002031000089
S214002F002031000020310000203100002031000078
S214002F107031000070310000703100007031000028
S214002F2070310000703100002031000020310000B8
S214002F302031000020310000203100002031000048
S214002F402031000020310000203100002031000038
S214002F502031000020310000203100002031000028
S214002F60203100002031000020310000DC3000005D
S214002F7008309DE5000054E30040E003015013E2F2
S214002F803A01001A08309DE5100013E37303000AA7
S214002F90C81000EB00309BE50020D3E5020080E07F
S214002FA00120D0E5080012E3013083E20D00001A8C
S214002FB004209BE5015085E2012042E2050054E131
S214002FC000308BE504208BE50600000A000052E383
S214002FD0EEFFFFCA0B10A0E10800A0E16B1900EBA2
S214002FE0000050E3E9FFFF0A0C709DE505A08AE0AB
S214002FF00760A0E199FEFFEA08309DE5000054E373
S2140030000140A003015013E2FE02001A08309DE5BD
S214003010100013E30900001A760300EA032082E09A
S21400302000208BE50B10A0E10800A0E1035085E02E
S214003030034044E0551900EB000050E34203001A39
S2140030400C009BE8040053E1F3FFFFBA043043E0B2
S214003050042082E0045085E00C008BE805A08AE09E
S2140030600C709DE5E1FFFFEA08309DE5000054E3A3
S2140030700040E003100013E39B02000A0050A0E3A8
S21400308000209BE50030D2E5AA1F8DE2033081E0E8
S214003090603253E5000053E3012082E25D02000A3D
S2140030A004309BE5015085E2013043E2050054E11F
S2140030B00C008BE8CBFFFF0A000053E3F0FFFFCACB
S2140030C00B10A0E10800A0E1301900EB000050E36F
S2140030D0C4FFFF1A00209BE5E9FFFFEA060C06E2A4
S2140030E0020C50E30D00001A0970A0E1026CC6E362
S2140030F0056C86E300C0C5E5015085E204009BE54B
S214003100010040E2000050E304008BE5230200DAF1
S214003110011081E200108BE5014054E23FFFFF1AE8
S214003120010C16E310708DE502A0A0E10370A0E18B
S2140031300500000A523F8DE2030055E14503008A70
S214003140523F8DE2030055E12902000A10C016E244
S2140031508D02000A523F8DE2035045E0077085E07D
S21400316007A08AE00C709DE50760A0E13BFEFFEA41
S2140031700A0057E3E9FFFFDA2E6DC6E3DCFFFFEA3D
S214003180C00A9FE58770A0E1F77090E12E6DC6E358
S214003190D7FFFFEA020B16E3D5FFFF0A000057E34E
S2140031A0026C86030870A003010B16E3166DC613A7
S2140031B0CFFFFF1A00005AE30E6DC6E301A04A12C5
S2140031C001408412013083E2CBFFFFEA800016E361
S2140031D0D2FFFF0A8060C6E3C5FFFFEA640A9FE5E8
S2140031E08770A0E1F77090E1080057E3E1FFFFCA9F
S2140031F0CAFFFFEA64309BE5010013E30200001AF1
S214003200BC30DBE1020C13E31903000A0030E0E3F4
S21400321018308DE518009DE5ABDF8DE2F04FBDE878
S2140032201EFF2FE10310A0E108309DE548008DE267
S214003230403083E308308DE5611900EB04309BE5F0
S214003240000053E30C008DE50170A0E3C4FEFFCA46
S2140032500B10A0E10800A0E1CC1800EB000050E342
S214003260BFFEFF0A64309BE5010013E30300001A6B
S214003270BC30DBE1020C13E358008B024340000B2A
S21400328018309DE5000053E3DFFFFF0ABC30DBE1AA
S214003290400013E3DCFFFF1A18009DE5ABDF8DE26C
S2140032A0F04FBDE81EFF2FE10C308DE508309DE5A0
S2140032B0023C83E308308DE58C399FE51C308DE5B4
S2140032C01030A0E30370A0E310308DE5A1FEFFEA06
S2140032D00C308DE508309DE5013083E308308DE540
S2140032E064399FE51C308DE50830A0E30370A0E349
S2140032F010308DE597FEFFEA08209DE5022082E368
S2140033000160D7E508208DE50370A0E1FDFDFFEA2A
S2140033100C308DE524399FE51C308DE50A30A0E39E
S2140033200370A0E310308DE58AFEFFEA0C308DE5D1
S21400333008309DE5403083E308308DE50070A0E35B
S21400334084FEFFEA08209DE5042082E30160D7E5BD
S21400335008208DE50370A0E1EAFDFFEA0C308DE55C
S2140033600470A0E37BFEFFEA0C308DE508309DE597
S214003370013083E308308DE5E5FFFFEA044184E091
S214003380844086E0304044E20160D7E50370A0E167
S214003390DCFDFFEA08209DE5102082E30160D7E50A
S2140033A008208DE50370A0E1D6FDFFEA0C308DE520
S2140033B094389FE51C308DE50A30A0E30370A0E347
S2140033C010308DE563FEFFEA0C308DE50270A0E359
S2140033D060FEFFEA0C308DE508309DE5223E83E373
S2140033E0B3FFFFEA0C308DE5BCFFFFEA0C308DE53D
S2140033F008309DE5100013E33D00001A040013E3B7
S214003400BD02001A08309DE5010013E3AF01001A63
S21400341008309DE5020013E3AC01000A0A20A0E193
S21400342014009DE5001090E5CA3FA0E10C0081E87D
S214003430043080E20C709DE514308DE5AAFDFFEAAD
S2140034400160D7E56C0056E308309D0508209D1501
S21400345002308303012082130260D70508308D05F1
S2140034600270870208208D150370A011A5FDFFEAE3
S2140034700070A0E340908DE20900A0E10820A0E3E0
S2140034800010A0E3451300EB08309DE5103013E272
S21400349008308DE514309D050050930504308302F6
S2140034A014308D053C508D12820F00EB00309BE5EA
S2140034B00030D3E5033080E00130D3E5A331A0E14E
S2140034C0013023E2000054E30030A0030130031271
S2140034D0000053E39702001A08309DE5000053E30E
S2140034E00300001A003085E518309DE5013083E2C0
S2140034F018308DE50C709DE50760A0E157FDFFEAEA
S2140035000C308DE56B0F00EB063080E00130D3E524
S214003510033003E2010053E308309D0501308303C6
S21400352008308D057AFFFFEA0800A0E1710F00EB76
S214003530013044E2570F53E3003090E528308DE524
S2140035400030A093573F4482013043820520A0E11B
S21400355034308D8534308D950030A0E330308DE5E5
S2140035600370A0E120308DE52C308DE508309DE518
S21400357008808DE50280A0E1C4469F85525F8DE2FB
S2140035801E6D83E300009BE50010D0E52BC041E2F2
S2140035904E005CE30CF19F97ED0000EA5438000003
S2140035A054390000543800005439000054390000E3
S2140035B02C380000D8360000D8360000D836000078
S2140035C0D8360000D8360000D8360000D8360000BE
S2140035D0D8360000D83600005439000054390000B0
S2140035E054390000543900005439000054390000A2
S2140035F054390000343900005439000054390000B2
S21400360054390000F43800004439000054390000F2
S21400361054390000C0380000543900005439000006
S2140036205439000054390000843800005439000032
S2140036305439000054390000543900005439000051
S2140036407438000054390000543900005439000022
S2140036505439000064380000543900005439000022
S2140036605439000054390000543900005439000021
S2140036705439000034390000543900005439000031
S21400368054390000F4380000443900005439000072
S21400369054390000C0380000543900005439000086
S2140036A054390000543900008438000054390000B2
S2140036B054390000543900005439000054390000D1
S2140036C074380000543900005439000054390000A2
S2140036D05439000064380000090078E10D00001A33
S2140036E0066DC6E30010C5E5015085E204109BE5B3
S2140036F0011041E2000051E3014044E201A08AE2E9
S21400370004108BE59B0000DA010080E200008BE5E8
S214003710000054E39AFFFF1A0820A0E1000057E3D8
S21400372008809DE5016CC613012042E2010052E3C9
S2140037303E02009A012049E2060052E30F00008A8A
S214003740020059E39F00009A030059E3044049121F
S214003750FF4004120430E011039085100700000AB1
S214003760011075E50B20A0E10800A0E1F32A00EBAC
S214003770050059E1F9FFFF1A01A04AE204A04AE059
S214003780010C16E30A00000A010B16E33302001AC6
S214003790011055E5DF2001E2450052E3BF01001AA3
S2140037A0015045E201A04AE20B20A0E10800A0E19A
S2140037B0E22A00EB102016E24DFFFF1A061C06E276
S2140037C0010B51E30020C5E5AE01000A30309DE54F
S2140037D0000053E3AA00001A0020A0E3521F8DE267
S2140037E00800A0E1BE1E00EB010016E30040A0E1C9
S2140037F00150A0E10100001A020016E39200000A40
S21400380014209DE5003092E5042082E214208DE528
S214003810300083E818309DE50C709DE5013083E2AA
S21400382018308DE50760A0E18CFCFFEA010C16E37A
S214003830A8FFFF0A34309DE5000053E38060C6E32E
S214003840017087E20130431234308D150140841236
S214003850A5FFFFEA800016E3AEFFFF0A8060C6E31E
S2140038609FFFFFEA070059E3AAFFFF1A0890A0E3AC
S2140038709BFFFFEA060059E3A6FFFF1A0790A0E3A6
S21400388097FFFFEA000058E3000057033F00001AC6
S21400389007CC06E2070C5CE31E6DC6030180A0039E
S2140038A00070A0038EFFFF0A040059E301005913BD
S2140038B098FFFF1A019089E2FF9009E288FFFFEA6D
S2140038C0000059E3000057030500001A07CC06E283
S2140038D0070C5CE31E6DC6030190A0030070A003F6
S2140038E07FFFFF0A03C049E2FD001CE3F0FFFF0A6A
S2140038F088FFFFEA05CC06E2010B5CE30300000A42
S214003900010B16E383FFFF0A000057E3AE01000A2F
S214003910020C16E320309D051E6DC6E303304700FB
S2140039202C508D0530308D05066D86E30070A0E3C3
S2140039306BFFFFEA010058E376FFFF1A0280A0E360
S21400394067FFFFEA020059E372FFFF1A0390A0E345
S21400395063FFFFEA28309DE500C0D3E501005CE187
S2140039606CFFFF1A020C16E36AFFFF0A0A6DC6E335
S21400397020708DE55AFFFFEA0B10A0E108009DE5D8
S214003980021700EB000050E360FFFF0A61FFFFEA4A
S214003990020058E3C3FFFF1A0380A0E350FFFFEACC
S2140039A00B10A0E10800A0E110308DE508208DE5A1
S2140039B0F61600EB000050E308209DE510309DE56C
S2140039C0D4FDFF0AD5FDFFEA523F8DE2030055E124
S2140039D00590A0E10600009A011079E50B20A0E111
S2140039E024009DE5552A00EB523F8DE2030059E185
S2140039F0F8FFFF1A64309BE5010013E304FEFF1A8C
S214003A00BC30DBE1020C13E301FEFF1A58008BE228
S214003A105E3E00EBFEFDFFEA000055E3F4FFFF0A02
S214003A2005A08AE00C709DE570FDFFEA58008BE269
S214003A3008208DE5573E00EBFC10DBE10138A0E1E5
S214003A402338A0E108209DE5F7FBFFEA0130A0E15E
S214003A500020A0E13D3D00EB14309DE5000050E362
S214003A60047083E2006093E58F01001A0400A0E171
S214003A700510A0E16F3D00EB14708DE5000086E5B3
S214003A8063FFFFEA2C109DE50A30A0E30020A0E3C8
S214003A90011081E20800A0E1381F00EB30309DE500
S214003AA0032040E02C109DE5A63F8DE2033083E224
S214003AB0030051E1A63F8D22023083222C308D2553
S214003AC088119FE52C009DE58D1700EB41FFFFEA6E
S214003AD014209DE5003092E50C709DE500A083E57E
S214003AE0043082E214308DE5FFFBFFEA14309DE5DA
S214003AF0005093E50570A0E1046083E200209BE59A
S214003B000030D2E5AA0F8DE2033080E0603253E544
S214003B10000053E3011082E21000000A04309BE527
S214003B20013043E20A008BE80030D2E5014054E25F
S214003B300130C7E40900000A04309BE5000053E3A7
S214003B40EDFFFFCA0B10A0E10800A0E18F1600EB06
S214003B50000050E3E8FFFF0A070055E1C0FDFF0A3A
S214003B60055057E0A2FFFF0A0030A0E30030C7E58B
S214003B7018309DE5013083E214608DE518308DE540
S214003B8005A08AE00C709DE518FDFFEA00C0C5E5BB
S214003B9010309DE50020A0E3521F8DE20800A0E152
S214003BA01CC09DE50FE0A0E11CFF2FE1200016E3FE
S214003BB0C100001A040016E3D800001A010016E33C
S214003BC0BD00001A020016E31201000A1C309DE533
S214003BD074209FE5020053E1521F8DE210309DE5F0
S214003BE00020A0E30800A0E1CA00000AD51F00EBF1
S214003BF014209DE5003092E5042082E214208DE535
S214003C00030083E8B10000EA40908DE20900A0E1DD
S214003C100820A0E30010A0E3601100EB08309DE54B
S214003C20103013E208308DE5AC00000A000054E3C3
S214003C300070A0132EFEFF0A0060A0E3110000EA49
S214003C4080B700005D010000243D010018BE0000A2
S214003C50483D010008309DE5000053E33600001A99
S214003C60003087E505A08AE0014044E20060A0E35A
S214003C70047087E204209BE5000052E3230000DA8C
S214003C80000054E32800000A7E0D00EB060050E119
S214003C9073FDFF0A06009BE8AA3F8DE20100D1E40F
S214003CA006C083E0012042E2015086E200108BE568
S214003CB00530A0E100908DE50710A0E104208BE51B
S214003CC060014CE5522F8DE20800A0E1D40F00EB16
S214003CD0010070E362FDFF0A000050E3DCFFFF0A0C
S214003CE0020070E30560A001E1FFFF0A08309DE5D1
S214003CF0000053E305A08AE0014044E20060A01300
S214003D00D9FFFF0A04209BE5000052E3DBFFFFCA51
S214003D100B10A0E10800A0E11C1600EB000050E329
S214003D20D6FFFF0A000056E34DFDFF1A08309DE55A
S214003D30000053E3EBFDFF0AEDFDFFEA05A08AE075
S214003D40014044E20060A0E3C9FFFFEA000055E33B
S214003D5043FDFF0A05A08AE00C709DE5A3FCFFEA80
S214003D6014309DE5006093E50650A0E1047083E200
S214003D70500D00EB00209BE50030D2E5030080E00C
S214003D800130D0E5080013E3011082E20E00001AAD
S214003D9004309BE5013043E20A008BE80030D2E5B0
S214003DA0014054E20130C5E40700000A04309BE5F8
S214003DB0000053E3EDFFFFCA0B10A0E10800A0E1EE
S214003DC0F21500EB000050E3E8FFFF0A0030A0E326
S214003DD00030C5E518309DE514708DE50C709DE546
S214003DE0066045E0013083E206A08AE018308DE5E3
S214003DF00760A0E119FBFFEA14509DE50430A0E13E
S214003E00001095E50120A0E300B08DE50800A0E1D4
S214003E10BB0900EB000050E3043085E210FDFF0A0A
S214003E2018209DE50C709DE5012082E200A08AE046
S214003E3018208DE514308DE50760A0E107FBFFEA4A
S214003E400B10A0E10800A0E1D01500EB000050E345
S214003E50ADFBFF0A02FDFFEA013045E2011055E521
S214003E600B20A0E10800A0E10350A0E1332900EBFD
S214003E70B2FCFFEA58008BE2443D00EB0030E0E382
S214003E8018308DE5E2FCFFEA20309DE5032057E080
S214003E90002062122C508D154EFEFF0A00FFFFEA2E
S214003EA00B20A0E10800A0E1242900EB02A04AE2D2
S214003EB0021055E5025045E23AFEFFEA14209DE561
S214003EC0003092E5042082E214208DE5000083E5B0
S214003ED018309DE5013083E218308DE59CFCFFEA42
S214003EE014209DE5000054E3043082E2007092E561
S214003EF014308DE54FFFFF1A7AFDFFEA14209DE58A
S214003F00003092E5B0A0C3E1043082E20C709DE57B
S214003F1014308DE5F4FAFFEA962000EB33FFFFEA53
S214003F2014209DE5003092E5042082E214208DE501
S214003F30B000C3E1E5FFFFEAD20C00EB000057E15A
S214003F40C7FCFF0A0C009BE80100D2E400208BE5CA
S214003F50AA2F8DE2016087E2013043E2077082E01B
S214003F6000908DE5522F8DE204308BE5600147E529
S214003F700630A0E10510A0E10800A0E1280F00EB44
S214003F80010070E3B6FCFF0A000050E30000850560
S214003F901100000A020070E30670A0010D00001A6E
S214003FA004309BE5000053E33EFDFFCA0B10A0E182
S214003FB00800A0E1751500EB000050E339FDFF0A8C
S214003FC0000057E3A6FCFF1A42FDFFEA0820A0E126
S214003FD008809DE5D3FDFFEA000095E57A0C00EB2E
S214003FE0007050E22900000A000056E339FDFF0A7F
S214003FF0523F8DE2066083E0011076E50B20A0E1DB
S2140040000800A0E1CD2800EB523F8DE2060053E108
S214004010F8FFFF1A2FFDFFEA14209DE5003092E519
S214004020000083E5043082E214308DE5A7FFFFEA46
S214004030523F8DE2030055E10590A0E16CFEFF9A29
S214004040011079E50B20A0E124009DE5BB2800EBDC
S214004050523F8DE2030059E1F8FFFF1A64FEFFEAC3
S214004060523F8DE2030055E10590A0E160FEFF9A05
S214004070011079E50B20A0E124009DE5AF2800EBB8
S214004080523F8DE2030059E1F8FFFF1A58FEFFEA9F
S21400409008309DE5000053E306A08AE0014044E2B4
S2140040A0045085020070A003BCFFFFEA0000A0E3F6
S2140040B0F71500EB14708DE5000086E5D4FDFFEAE9
S2140040C0F0412DE90050A0E10160A0E10270A0E1FE
S2140040D0390C00EB004050E20200000A383094E54C
S2140040E0000053E34F08000B0730A0E10620A0E1D4
S2140040F00510A0E10400A0E1F041BDE83CFAFFEAAB
S21400410070402DE90150A0E10260A0E10040A0E16E
S214004110290C00EB0630A0E10520A0E10410A0E188
S2140041207040BDE832FAFFEA10402DE9004050E248
S21400413010D04DE20500000A38C094E500005CE3AC
S2140041400200001A0E008DE9360800EB0E009DE90D
S2140041500400A0E110D08DE21040BDE824FAFFEA8A
S21400416070402DE90050A0E10140A0E1120C00EBE8
S214004170003050E20200000A383093E5000053E3B6
S2140041803400000AFC20D4E10238A0E1020713E361
S2140041902338A0E10C00000A100094E5000050E36C
S2140041A01400000A012013E21B00001A020013E3A9
S2140041B014209405000050E3082084E50000A013B6
S2140041C01D00000A7040BDE81EFF2FE1100013E33B
S2140041D03200000A040013E32000001A100094E5E1
S2140041E0082082E3BC20C4E1000050E30228A0E1DE
S2140041F02238A0E1EAFFFF1A0A2D03E2020C52E37E
S214004200E7FFFF0A0500A0E10410A0E1750C00EB33
S214004210BC30D4E1100094E5E1FFFFEA0020A0E303
S214004220143094E5000050E3003063E2183084E573
S214004230082084E50000A013E1FFFF1AFC30D4E15B
S214004240800013E340308313BC30C4110000E01339
S2140042507040BDE81EFF2FE1F20700EBC8FFFFEA43
S214004260301094E5000051E30700000A403084E275
S214004270030051E10200000A0500A0E19B0900EBE3
S214004280FC20D4E10030A0E3303084E50030A0E329
S214004290100094E52420C2E3090084E8CFFFFFEA7B
S2140042A00930A0E3402082E3003085E50000E0E32B
S2140042B0BC20C4E1C2FFFFEAF0412DE90050A0E1B6
S2140042C0E0009FE50280A0E10370A0E10160A0E1AC
S2140042D0303C00EBD0309FE5004093E5483194E554
S2140042E0000053E3533F8402042093E548318405DD
S2140042F01F0052E3010082D20F0000DAAC309FE5C7
S214004300000053E32300000A190EA0E300F020E3A8
S214004310003050E21F00000A0010A0E30100A0E3F6
S2140043200120A0E148C194E5041083E500C083E5C0
S214004330483184E5881183E58C1183E5000055E358
S2140043400700001A022082E2040083E554009FE57D
S214004350026183E70D3C00EB0000A0E3F041BDE8FE
S2140043601EFF2FE10110A0E302E183E088808EE5C6
S21400437088C193E51112A0E101C08CE188C183E5F4
S21400438008718EE5020055E38CC1930501108C017F
S2140043908C118305EAFFFFEA08009FE5FB3B00EB74
S2140043A00000E0E3ECFFFFEAB44B0100B83C01007C
S2140043B000000000F04F2DE90190A0E300A0A0E36C
S2140043C014D04DE204008DE55C019FE50160A0E19C
S2140043D0F03B00EB54319FE5003093E508308DE567
S2140043E0523F83E20C308DE508309DE5487193E539
S2140043F0000057E33D00000A0C809DE508B0A0E1F0
S214004400044097E5015054E201408452044187502D
S2140044100700005A260000EA003194E5030056E142
S2140044200500000A015045E2010075E3044044E23D
S2140044301F00000A000056E3F6FFFF1A043097E557
S214004440013043E2050053E1003094E5045087054F
S21400445000A08415000053E3F1FFFF0A881197E5DA
S2140044601925A0E1010012E1048097E52400000A66
S2140044708C1197E5010012E12400001A801094E5E3
S21400448004009DE50FE0A0E113FF2FE1043097E55F
S214004490080053E1D3FFFF1A00309BE5070053E105
S2140044A0D0FFFF1A015045E2010075E3044044E2E4
S2140044B0DFFFFF1A78309FE5000053E30B00000A89
S2140044C0043097E5000053E31400001A003097E527
S2140044D0000053E30500000A0700A0E100308BE56A
S2140044E000F020E300709BE5000057E3C3FFFF1ACF
S2140044F034009FE5A53B00EB14D08DE2F04FBDE8FD
S2140045001EFF2FE10FE0A0E113FF2FE1DEFFFFEA21
S214004510800094E50FE0A0E113FF2FE1DAFFFFEA49
S21400452007B0A0E1007097E5EEFFFFEAB44B01008C
S214004530B83C01000000000010402DE908009FE58F
S2140045408E3B00EB1040BDE81EFF2FE1B44B010090
S21400455018309FE5000053E31EFF2F0110402DE9A1
S2140045600C009FE5B9EFFFEB1040BDE81EFF2FE102
S21400457094410100BC640000F04F2DE9103090E536
S214004580105091E5030055E114D04DE20000A0C3A1
S2140045906C0000CA015045E2144081E204108DE52B
S2140045A0051194E7149080E20070A0E1011081E20A
S2140045B0050199E74E3700EB0531A0E108308DE59F
S2140045C0038084E0006050E2033089E00C308DE523
S2140045D02F00000A0000A0E304B0A0E10010A0E154
S2140045E009A0A0E10020A0E164E19FE504009BE4AF
S2140045F00E3000E0962322E02008A0E12238A0E159
S214004600963020E000C09AE50E3002E0033041E02C
S2140046100E200CE00E1000E0023083E02C1861E063
S214004620431881E00E3003E0013883E10B0058E1C7
S21400463004308AE44118A0E12028A0E1EAFFFF2A1E
S21400464008309DE5033099E7000053E31000001A98
S2140046500C209DE5043042E2030059E10B00002ADD
S214004660043012E5000053E30800001A083042E266
S214004670030000EA002093E5000052E3043043E222
S2140046800200001A030059E1015045E2F8FFFF3A24
S214004690105087E504109DE50700A0E1E91000EB47
S2140046A0000050E3260000BA09E0A0E10030A0E3D5
S2140046B09CC09FE5016086E2041094E400009EE53D
S2140046C00C2001E0022043E02138A0E10C1000E0BD
S2140046D0012082E0203863E0423883E00C2002E0CC
S2140046E0032882E1040058E104208EE44338A0E168
S2140046F0F0FFFF2A053199E7000053E3053189E012
S2140047000F00001A042043E2020059E10B00002AC1
S214004710042013E5000052E30800001A083043E2C4
S214004720030000EA002093E5000052E3043043E271
S2140047300200001A030059E1015045E2F8FFFF3A73
S214004740105087E50600A0E114D08DE2F04FBDE8DA
S2140047501EFF2FE1FFFF0000F04F2DE9401090E50F
S2140047605CD04DE2000051E30040A0E102A0A0E1D1
S21400477003B0A0E18C509DE50600000A0130A0E3DE
S214004780442090E51332A0E10C0081E9FD0E00EB19
S2140047900030A0E3403084E500005BE30130A0B3C6
S2140047A00030A0A30B90A0E1003085B5003085A5B1
S2140047B0B0339FE50291CBB309B0A0B10930D3E185
S2140047C01300000A0020A0E30030A0E30A00A0E1E6
S2140047D00B10A0E1BF3900EB008050E22700000A72
S2140047E00130A0E390209DE5000052E388209DE57F
S2140047F0003082E59E00000A6C039FE590309DE540
S214004800000083E5010040E25CD08DE2F04FBDE899
S2140048101EFF2FE154339FE588209DE500005AE3F4
S214004820003082E50D00001AFF94C9E30F96C9E335
S214004830000059E30900001A90309DE530039FE51B
S214004840000053E308308012EEFFFF0A90209DE53B
S214004850003082E55CD08DE2F04FBDE81EFF2FE110
S21400486090309DE50C039FE5000053E30330801273
S214004870E4FFFF0A90209DE5003082E5F4FFFFEAA2
S21400488050208DE254308DE204208DE500308DE519
S2140048900A20A0E10B30A0E10400A0E1401100EBEB
S2140048A0295AB0E114008DE56700001A50809DE596
S2140048B054509DE5055088E0433E85E2023083E291
S2140048C0200053E3410E85C2403063C21993A0C155
S2140048D0209063D2020080C23A0089C11A09A0D192
S2140048E0E23700EB0130A0E320308DE5015045E2D1
S2140048F01F1641E20020A0E37C329FE5163700EB4E
S214004900923F8FE20C0093E8183800EB913F8FE25D
S2140049100C0093E8113700EB0060A0E10500A0E171
S2140049200170A0E1DA3700EB233E8FE20C0093E83B
S2140049300E3800EB0020A0E10130A0E10600A0E167
S2140049400710A0E1053700EB0060A0E10170A0E1D0
S2140049508C3900EB0020A0E308008DE50030A0E3D2
S2140049600600A0E10710A0E1603900EB000050E36C
S2140049702E01001A08609DE5160056E30630A0E1F9
S2140049800130A0832C308D850C00008AFC319FE519
S214004990863183E00A20A0E1030093E80B30A0E113
S2140049A0643900EB000050E30620A01101304212EB
S2140049B008308D150030A0132C008D052C308D1579
S2140049C0055048E0013055E20C308DE50130654277
S2140049D018308D450030A0530030A04318308D5558
S2140049E00C308D4508309DE5000053E3060100BA03
S2140049F00C209DE530308DE5032082E00030A0E3FA
S214004A000C208DE528308DE580309DE5090053E3C8
S214004A101900008A050053E30150A0D30050A0C33C
S214004A20043043C280308DC580309DE5023043E2BD
S214004A30030053E303F19F97090100EA9052000038
S214004A40444F0000C0520000F0560000FF34CBE395
S214004A500F36C3E3FF5F45E2FF1583E320808DE555
S214004A600A00A0E1035045E2031681E350809DE56D
S214004A709FFFFFEA04019FE562FFFFEA0010A0E344
S214004A800400A0E1441084E580108DE51A0E00EBCA
S214004A900030E0E334308DE51C308DE50130A0E3D6
S214004AA080109DE510008DE584108DE5400084E5BE
S214004AB024308DE554309DE50320E0E108109DE5A7
S214004AC00E0051E3A22FA0E10020A0C3000052E395
S214004AD03200000A1C509DE5000055E30020A0C3EC
S214004AE00120A0D384109DE5A0309FE5A12F12E001
S214004AF008209DE5823183E0000393E8F201000A76
S214004B001C609DE5000056E35F04001A0020A0E349
S214004B1070309FE50800A0E10910A0E1933700EB94
S214004B200A20A0E10B30A0E1FC3800EB000050E3C7
S214004B30C902000A1C609DE520608DE584309DE575
S214004B400330E0E110509DE508308DE5940000EA62
S214004B5061436F63A787D23FB3C8608B288AC63F7E
S214004B60FB799F501344D33F0000F07F213D0100A6
S214004B700F270000503D01005C3D01000000F83F9B
S214004B80203D01000000F03F00001440703E010090
S214004B90803D01000000244000001C400000E03F73
S214004BA024209DE5000052E3C300001A24309DE552
S214004BB028609DE518509DE520308DE50C209DE58C
S214004BC0000055E3000052C30230A0E1070000DAFF
S214004BD0020055E10530A0B118109DE5035045E0F0
S214004BE0031041E0033042E018108DE50C308DE5EF
S214004BF028309DE5000053E31600000A24309DE5AA
S214004C00000053E39602000A000056E30E0000DAA6
S214004C1020109DE50620A0E10400A0E10E0F00EBA9
S214004C2014709DE50010A0E120008DE50720A0E1AE
S214004C300400A0E1940E00EB0030A0E10710A0E114
S214004C400400A0E114308DE5CE0D00EB28309DE584
S214004C50062053E08302001A0110A0E30400A0E13E
S214004C60800E00EB30309DE5000053E30060A0E1CD
S214004C706B0200DA0010A0E10320A0E10400A0E12E
S214004C80F50E00EB80309DE5010053E30060A0E1E7
S214004C90730300DA0070A0E3103096E5033186E077
S214004CA0100093E5310E00EB200060E20C209DE53D
S214004CB0020080E01F0010E20E02000A203060E2D0
S214004CC0040053E32B0400DA18309DE51C0060E274
S214004CD0003083E018308DE5003082E00C308DE542
S214004CE0005085E018309DE5000053E3040000DA2C
S214004CF00320A0E114109DE50400A0E1170F00EBCF
S214004D0014008DE50C309DE5000053E3040000DA46
S214004D100610A0E10320A0E10400A0E10F0F00EBC5
S214004D200060A0E12C309DE5000053E3B502001AB8
S214004D301C309DE580209DE5000053E30130A0D3A4
S214004D400030A0C3020052E30030A0D3000053E3BB
S214004D50F101000A1C309DE5000053E376FFFF1AC0
S214004D600610A0E10520A0E30400A0E18C0D00EBF6
S214004D700010A0E10060A0E114009DE5310F00EBFB
S214004D80000050E36CFFFFDA3130A0E308209DE519
S214004D90012082E208208DE510209DE50030C2E566
S214004DA0015082E20610A0E10400A0E1750D00EBC0
S214004DB020309DE5000053E30200000A20109DE528
S214004DC00400A0E16F0D00EB14109DE50400A0E1C7
S214004DD06C0D00EB0020A0E390109DE508309DE5EB
S214004DE00020C5E5020051E188209DE5013083E200
S214004DF0003082E51803000A10009DE5005081E5AA
S214004E005CD08DE2F04FBDE81EFF2FE10030A0E33E
S214004E1018209DE530308DE508309DE5032042E002
S214004E20003063E218208DE528308DE5F5FEFFEAB8
S214004E3008909DE50900A0E1953600EB0130A0E161
S214004E400020A0E10710A0E10600A0E1213800EB59
S214004E50000050E30930A0010130430208308D0500
S214004E60C3FEFFEA0050A0E30400A0E1445084E53E
S214004E700510A0E1200D00EB08209DE554309DE5CF
S214004E800E0052E30020A0C30120A0D3050053E18A
S214004E900020A0B3050052E110008DE5400084E537
S214004EA0B703001A0010E0E384208DE50120A0E39C
S214004EB034108DE51C108DE524208DE580209DE5C1
S214004EC0010052E3400300DA1C309DE5016043E236
S214004ED028309DE5060053E128309DB530209DB56D
S214004EE0033046B0033082B0066043A030308DB544
S214004EF01C309DE528608DB50060A0B3000053E32C
S214004F0018309DB51C209DB5025043B00030A0B3AC
S214004F1018509DA51C309DA518209DE5032082E015
S214004F2018208DE50C209DE50110A0E3033082E0FB
S214004F300400A0E10C308DE5CA0D00EB20008DE5E5
S214004F401DFFFFEA0030A0E324308DE508309DE524
S214004F5084209DE5023083E034308DE5013083E225
S214004F60010053E30300A0A10100A0B30E0053E329
S214004F700050A083015005921C308DE50010A0E380
S214004F80170050E3441084E50800009A0120A0E3CF
S214004F900430A0E30210A0E18330A0E1142083E2F5
S214004FA0000052E1012081E2F9FFFF9A441084E5F7
S214004FB00400A0E1D00C00EB000055E310008DE5E6
S214004FC0400084E5BAFEFF0A0A80A0E10B90A0E14B
S214004FD008109DE5000051E338808DE53C908DE596
S214004FE0A50100DA5C241FE50F3001E24152A0E182
S214004FF0833182E0100015E3C00093E89101000AB7
S2140050007C341FE50A00A0E10B10A0E1203083E20B
S2140050100C0093E8F93600EB0390A0E300A0A0E1B3
S21400502001B0A0E10F5005E2000055E30C00000AB5
S214005030AC841FE5010015E30600000A0600A0E1A7
S2140050400710A0E10C0098E8483600EB0060A0E1ED
S2140050500170A0E1019089E2C550B0E1088088E2C5
S214005060F3FFFF1A0A00A0E10B10A0E10620A0E162
S2140050700730A0E1E13600EB00A0A0E101B0A0E11E
S2140050802C309DE5000053E30600000A0020A0E354
S21400509014351FE50A00A0E10B10A0E1933700EBE2
S2140050A0000050E38802001A0900A0E1F83500EB82
S2140050B00A20A0E10B30A0E12C3600EB2C351FE5D2
S2140050C00020A0E3253500EB1C309DE5000053E3EF
S2140050D00080A0E10D9541E2F000000A08309DE551
S2140050E044308DE51C309DE540308DE524309DE54F
S2140050F0000053E38001000A40209DE574351FE55B
S214005100823183E00C0013E90000A0E378151FE568
S214005110BA3600EB0820A0E10930A0E10E3500EB1E
S2140051200080A0E10190A0E10A00A0E10B10A0E140
S214005130943700EB0050A0E1D53500EB0020A0E14D
S2140051400130A0E10A00A0E10B10A0E1023500EB5F
S214005150305085E2FFA005E210509DE50020A0E15A
S21400516000A0C5E50130A0E10060A0E10170A0E16B
S2140051700800A0E10910A0E16E3700EB000050E344
S214005180015085E23E00001A0620A0E10730A0E1AB
S2140051900000A0E318161FE5EF3400EB0020A0E1A6
S2140051A00130A0E10800A0E10910A0E1613700EBA2
S2140051B0000050E39002001A40209DE5010052E3F3
S2140051C0C900000A10309DE540209DE502B083E04E
S2140051D00B0000EA0620A0E10730A0E10000A0E3F3
S2140051E064161FE5DC3400EB0820A0E10930A0E1DE
S2140051F03E3700EB000050E37F02001A05005BE13B
S214005200B900000A0800A0E10910A0E10020A0E310
S21400521084361FE5D53500EB0020A0E390361FE569
S2140052200080A0E10190A0E10600A0E10710A0E147
S214005230CE3500EB0170A0E10060A0E1513700EB35
S21400524000A0A0E1923500EB0020A0E10130A0E133
S2140052500600A0E10710A0E1BF3400EB30A08AE210
S214005260FFA00AE201A0C5E40820A0E10930A0E101
S2140052700060A0E10170A0E11C3700EB000050E3E5
S214005280D3FFFF0A44309DE508308DE5CDFEFFEAEA
S2140052900030A0E324308DE584309DE5000053E324
S2140052A0020200DA0E0053E30050A083015005927C
S2140052B00300A0E134308DE51C308DE52EFFFFEABB
S2140052C00130A0E324308DE5F2FFFFEA0820A0E1DC
S2140052D00930A0E10A00A0E10B10A0E1473600EB80
S2140052E0283700EB0A60A0E100A0A0E1683500EBDB
S2140052F00820A0E10930A0E19C3500EB0020A0E1E9
S2140053000130A0E10600A0E10B10A0E1923400EB12
S21400531010E09DE5010055E330C08AE20020A0E1E0
S2140053200130A0E100C0CEE501508EE22F00000A59
S2140053300020A0E3A8371FE58C3500EB0020A0E393
S2140053400030A0E30060A0E10170A0E1E13600EBD0
S214005350000050E39BFEFF1A0C408DE510B09DE563
S2140053601C409DE5090000EA0020A0E3E0371FE5A9
S2140053707E3500EB0020A0E30030A0E30060A0E153
S2140053800170A0E1D33600EB000050E31802001ACB
S2140053900820A0E10930A0E10600A0E10710A0E186
S2140053A0163600EBF73600EB00A0A0E1383500EB30
S2140053B00820A0E10930A0E16C3500EB0020A0E158
S2140053C00130A0E10600A0E10710A0E1623400EB86
S2140053D030C08AE201C0C5E40BC045E004005CE1D1
S2140053E00020A0E10130A0E1DEFFFF1A0C409DE5A1
S2140053F00200A0E10310A0E1583400EB0020A0E179
S2140054000130A0E10060A0E10170A0E10800A0E189
S2140054100910A0E1B53600EB000050E30800001AC2
S2140054200620A0E10730A0E10800A0E10910A0E1F5
S214005430A83600EB000050E362FEFF0A01001AE304
S21400544060FEFF0A01A055E5013045E210209DE50B
S214005450020000EA030052E1B701000A01A073E56A
S21400546039005AE3015083E2F9FFFF0A01A08AE2FD
S21400547000A0C3E553FEFFEA0900A0E1043500EBF7
S2140054800A20A0E10B30A0E1383500EB0020A0E3B5
S21400549000391FE5313400EB0080A0E10D9541E2B4
S2140054A00A00A0E10B10A0E10020A0E32C391FE5C4
S2140054B0293400EB0820A0E10930A0E100A0A0E11B
S2140054C001B0A0E19B3600EB006050E26100001ADC
S2140054D00820A0E1023189E20A00A0E10B10A0E159
S2140054E0823600EB000050E392FDFF1A38B08DE2E2
S2140054F0000C9BE86EFDFFEA1C00A0E318309DE55B
S214005500003083E018308DE50C309DE5003083E0F8
S214005510005085E00C308DE5F1FDFFEA24309DE576
S214005520000053E3E700001A10B09DE50090A0E3EA
S2140055300B50A0E10A80A0E314A09DE51C709DE539
S214005540050000EA0A10A0E10930A0E10820A0E169
S2140055500400A0E1920B00EB00A0A0E10610A0E181
S2140055600A00A0E103FCFFEB300080E20100C5E486
S2140055700B3045E0030057E1F1FFFFCA10509DE5F0
S2140055801C309DE50070A0E1010053E3035085A0A8
S214005590015085B20090A0E314A08DE514109DE59F
S2140055A00120A0E30400A0E1EC0C00EB0610A0E153
S2140055B014008DE5230D00EB000050E3A80100DA8F
S2140055C0012055E5013045E210109DE5020000EA95
S2140055D0030051E17501000A012073E5390052E32A
S2140055E0015083E2F9FFFF0A012082E20020C3E5B2
S2140055F00610A0E10400A0E1620B00EB20309DE560
S214005600000053E3EFFDFF0A000059E303005911C1
S214005610E9FDFF0A0910A0E10400A0E1590B00EB28
S214005620E5FDFFEA80309DE5010053E3C10100DAA5
S2140056300070A0E330309DE5000053E30100A003B6
S21400564099FDFF0A93FDFFEA38B08DE2000C9BE857
S2140056500290A0E373FEFFEA0060A0E320608DE501
S214005660C8FDFFEA28209DE514109DE50400A0E192
S214005670790C00EB14008DE576FDFFEA3601000A92
S21400568008309DE5005063E2003B1FE50F2005E271
S214005690823183E00C0093E838108DE2030091E835
S2140056A0B23400EB4552B0E100A0A0E101B0A0E1A9
S2140056B00290A0E371FEFF0A346B1FE5010015E3BC
S2140056C00600000A0A00A0E10B10A0E10C0096E814
S2140056D0A63400EB00A0A0E101B0A0E1019089E2B1
S2140056E0C550B0E1086086E2F3FFFF1A63FEFFEAEA
S2140056F00130A0E324308DE513FEFFEA40609DE50F
S214005700781B1FE5861181E00820A0E10930A0E1A2
S214005710030011E9953400EB48008DE54C108DE54B
S2140057200B10A0E10A00A0E1163600EB0050A0E145
S214005730573400EB0130A0E10020A0E10B10A0E1FF
S2140057400A00A0E1843300EB10309DE5305085E27E
S214005750010056E30050C3E50080A0E10190A0E1FF
S214005760015083E21900000A00A0A0E310309DE576
S21400577040209DE5E8BB1FE5027083E00A20A0E11B
S2140057800B30A0E10800A0E10910A0E1773400EB9F
S2140057900190A0E10080A0E1FA3500EB0060A0E1F6
S2140057A03B3400EB0020A0E10130A0E10800A0E1BE
S2140057B00910A0E1683300EB306086E20160C5E4C2
S2140057C0050057E10080A0E10190A0E1EAFFFF1A82
S2140057D00020A0E3403C1FE548108DE2030091E85E
S2140057E05E3300EB0820A0E10930A0E1BF3500EBF6
S2140057F0000050E3DC00000A44309DE508308DE5EB
S21400580001A055E50FFFFFEA0610A0E114009DE594
S2140058108C0C00EB000050E344FDFFAA0030A0E330
S21400582014109DE50A20A0E30400A0E1DC0A00EBCA
S21400583024309DE5000053E308309DE5013043E247
S21400584014008DE508308DE50E00001A34209DE525
S21400585080109DE5000052E30230A0E10130A0D3A5
S2140058600030A0C3020051E30030A0D3000053E391
S2140058700230A0011C308D052AFFFF0A34309DE55A
S2140058801C308DE532FDFFEA0030A0E30A20A0E3DD
S21400589020109DE50400A0E1C10A00EB80309DE5E4
S2140058A034209DE5020053E30130A0C30030A0D3AE
S2140058B0000052E30030A0C3000053E320008DE553
S2140058C01C208D05ECFFFF1A000055E3040000DAEB
S2140058D00520A0E120109DE50400A0E11F0C00EBD0
S2140058E020008DE5000057E320809D05E900001AA2
S2140058F01C309DE510209DE5013043E2033082E038
S2140059001C308DE501300AE20670A0E10250A0E1ED
S21400591018308DE520909DE514609DE5080000EAAE
S2140059209F0A00EB0810A0E10090A0E10030A0E381
S2140059300A20A0E30400A0E1990A00EB0080A0E1A1
S2140059400A50A0E10710A0E10600A0E109FBFFEB6A
S2140059500910A0E100A0A0E10600A0E1390C00EBD0
S2140059600820A0E100B0A0E10710A0E10400A0E13B
S2140059704C0C00EB0C2090E5000052E330208AE24D
S2140059800030A0E10C208DE53100001A0010A0E1E7
S21400599014008DE50600A0E12A0C00EB0020A0E133
S2140059A014309DE50310A0E10400A0E114208DE56D
S2140059B0740A00EB80309DE514209DE5033092E1EB
S2140059C00200001A18309DE5000053E3DC00000AD0
S2140059D000005BE38B0000BA80309DE503309BE15E
S2140059E00200001A18309DE5000053E38500000A07
S2140059F0000052E3B80000CA1C309DE5050053E1E4
S214005A000C30DDE501A085E20030C5E50A50A0E1D6
S214005A10BD00000A0610A0E10030A0E30A20A0E3C3
S214005A200400A0E15E0A00EB080059E10060A0E176
S214005A300910A0E10030A0E30A20A0E30400A0E1E2
S214005A40B6FFFF1A560A00EB0090A0E10080A0E126
S214005A50BAFFFFEA0120A0E3D1FFFFEA10009DE5B0
S214005A6068FBFFEA00005AE389FCFF1AFF34CBE329
S214005A700F36C3E3000053E3ECFEFF1A0271CBE3DC
S214005A80277AA0E1077AA0E1000057E3E8FEFF0AC4
S214005A9018309DE5013083E218308DE50C309DE529
S214005AA0013083E20C308DE50170A0E3E0FEFFEAF2
S214005AB00130A0E30010A0E334308DE5441084E507
S214005AC084308DE51C308DE538FDFFEA1C309DE501
S214005AD0000053E367FEFF0A34509DE5000055E3DF
S214005AE081FEFFDA0020A0E35C3F1FE50A00A0E18C
S214005AF00B10A0E19D3300EB00A0A0E101B0A0E1F7
S214005B00010089E2623300EB0A20A0E10B30A0E13D
S214005B10963300EB843F1FE50020A0E38F3200EBB6
S214005B2008309DE5013043E20080A0E144308DE579
S214005B300D9541E240508DE56BFDFFEA3020A0E375
S214005B4010109DE50020C1E508209DE5012082E2B9
S214005B5008208DE501A055E543FEFFEA38B08DE24A
S214005B60000C9BE80290A0E344FDFFEA48308DE27B
S214005B700C0093E80000A0E3E41F1FE5763200EB7C
S214005B800820A0E10930A0E1EA3400EB000050E371
S214005B900100001A54FEFFEA0350A0E1013055E56B
S214005BA0300053E3013045E2FAFFFF0AB4FDFFEA96
S214005BB03130A0E308209DE5012082E208208DE533
S214005BC010209DE50030C2E588FEFFEA20209DE516
S214005BD0000052E350309D05433E8312033083128B
S214005BE028609D1528609D053630630218509DE597
S214005BF0C8FCFFEA0C409DE572FCFFEA44309DE5D8
S214005C0008308DE50FFEFFEA000052E30610A0E123
S214005C1014608DE520908DE50760A0E10C709DE591
S214005C200A0000DA0120A0E30400A0E14B0B00EB21
S214005C300610A0E114008DE5820B00EB000050E397
S214005C40480000DA390057E33400000A31708AE26F
S214005C5020909DE50070C5E520808DE5015085E229
S214005C6062FEFFEA0300001A010017E30100000AC3
S214005C7052FEFFEA0350A0E1013055E5300053E341
S214005C80013045E2FAFFFF0A58FEFFEA0060A0E393
S214005C9020608DE5A8FBFFEA20709DE50400A0E1EA
S214005CA0041097E5940900EB0050A0E1102097E55A
S214005CB0022082E20221A0E10C1087E20C0080E2C2
S214005CC09F0800EB0510A0E10120A0E30400A0E17E
S214005CD0220B00EB0080A0E104FFFFEA14608DE5D4
S214005CE00760A0E10C709DE5390057E320908DE534
S214005CF00A00000A017087E20070C5E520909DE565
S214005D00015085E220808DE538FEFFEA14608DE5BF
S214005D1020808DE50760A0E10C709DE51EFEFFEA81
S214005D203920A0E320909DE50020C5E520808DE584
S214005D30015085E222FEFFEA00005AE33BFEFF1A0E
S214005D4049FFFFEA14608DE50760A0E10C709DE551
S214005D50390057E320908DE5F0FFFF0A00005BE373
S214005D60B9FFFFCAB9FFFFEAB8FFFF1A010017E341
S214005D70B6FFFF0AB2FFFFEA3C006012D8FBFF0A3C
S214005D80DDFDFFEA0030E0E384508DE51C308DE554
S214005D904FFBFFEAFC30D1E10328A0E1020712E343
S214005DA0F0412DE90150A0E10080A0E13400001A86
S214005DB0042091E5023B83E3000052E3BC30C1E1DE
S214005DC0500000DA284095E5000054E35000000A31
S214005DD00020A0E30338A0E1010203E22078B0E14E
S214005DE0006098E52338A0E1002088E55E00000A00
S214005DF0502095E5040013E30500000A301095E5F1
S214005E00043095E5000051E3032042E03C30951550
S214005E10032042100030A0E31C1095E50800A0E126
S214005E200FE0A0E114FF2FE1010070E33B00000A41
S214005E300010A0E3FC30D5E1102095E5023BC3E35B
S214005E40010A13E3BC30C5E1041085E5002085E5B2
S214005E504300001A301095E5000051E3006088E525
S214005E602B00000A403085E2030051E10800A01133
S214005E709E02001B0000A0E3300085E5F041BDE86F
S214005E801EFF2FE1106091E5000056E32000000A97
S214005E902228A0E1030012E30030A013004091E5A1
S214005EA014309105064044E0000054E3006081E5AC
S214005EB0083081E5030000CA150000EA000054E33C
S214005EC0006086E0120000DA0430A0E1247095E558
S214005ED00620A0E11C1095E50800A0E10FE0A0E177
S214005EE017FF2FE1000050E3004044E0F2FFFFCA36
S214005EF00000E0E3BC30D5E1403083E3BC30C5E1D0
S214005F00F041BDE81EFF2FE13C2091E5000052E382
S214005F10ABFFFFCA0000A0E3F041BDE81EFF2FE183
S214005F20001098E51D0051E3F0FFFF8A98309FE5CA
S214005F303331E0E1013013E2ECFFFF1AFC20D5E13B
S214005F4010C095E5022BC2E3010A12E3043085E592
S214005F50BC20C5E100C085E5BDFFFF0A000051E397
S214005F60BBFFFF1A500085E5B9FFFFEA0720A0E156
S214005F700130A0E31C1095E50800A0E10FE0A0E1C9
S214005F8014FF2FE1010070E30020A0E10200000AE8
S214005F90BC30D5E1284095E595FFFFEA003098E54E
S214005FA0000053E3F9FFFF0A160053E31D005313E6
S214005FB0BC30D51140308313006088050700A0016F
S214005FC00200A011BC30C511CCFFFFEA0100402042
S214005FD070402DE9004050E20150A0E10200000AA6
S214005FE0383094E5000053E31500000AFC00D5E1C4
S214005FF0000050E30040A0010E00000A643095E562
S214006000010013E30100001A020C10E31300000A5B
S2140060100400A0E10510A0E15DFFFFEB643095E50C
S214006020010013E30040A0E10200001ABC30D5E1F5
S214006030020C13E30400000A0400A0E17040BDE86F
S2140060401EFF2FE1770000EBE7FFFFEA580085E22E
S214006050CE3400EB0400A0E17040BDE81EFF2FE147
S214006060580085E2CB3400EBE8FFFFEA10402DE94C
S214006070004050E20300000A4F0400EB0410A0E1C9
S2140060801040BDE8D1FFFFEA10309FE510109FE5F5
S214006090000093E5250400EB1040BDE81EFF2FE14D
S2140060A0B83C0100D05F000010402DE908109FE5C5
S2140060B01E0400EB1040BDE81EFF2FE1D4FB0000DD
S2140060C00030A0E310402DE90040A0E1BC10C0E184
S2140060D0BE20C0E1003080E5043080E5083080E571
S2140060E0643080E5103080E5143080E5183080E5B7
S2140060F00310A0E10820A0E35C0080E2270800EB84
S2140061002C009FE52C109FE52C209FE52C309FE56A
S214006110200084E51C4084E5241084E5282084E5DE
S2140061202C3084E5580084E2943400EB1040BDE83F
S2140061301EFF2FE16C990000A8990000009A00004D
S214006140309A0000643090E5010013E30200001A64
S214006150BC30D0E1020C13E30100000A0000A0E30B
S2140061601EFF2FE110402DE9580080E2893400EB35
S2140061700000A0E31040BDE81EFF2FE1643090E56C
S214006180010013E30200001ABC30D0E1020C13E356
S2140061900100000A0000A0E31EFF2FE110402DE9D9
S2140061A0580080E2793400EB0000A0E31040BDE820
S2140061B01EFF2FE1012041E270402DE9824082E07F
S2140061C0042182E08241A0E10160A0E1741084E233
S2140061D0BF0400EB005050E20600000A0010A0E3E7
S2140061E00C0085E2046085E5682084E2001085E501
S2140061F0080085E5E90700EB0500A0E17040BDE872
S2140062001EFF2FE110402DE910309FE510109FE58E
S214006210000093E5C50300EB1040BDE81EFF2FE12C
S214006220B83C0100D4FB000010402DE90040A0E17E
S2140062307C009FE5573400EB382094E5000052E3DD
S2140062401700001A0300A0E368109FE5BB3F84E236
S214006250E83284E5E02284E5E40284E53C1084E547
S214006260040094E50410A0E394FFFFEB080094E517
S2140062700120A0E30910A0E390FFFFEB0C0094E5DB
S2140062800220A0E31210A0E38CFFFFEB0130A0E396
S2140062901C009FE5383084E53C3400EB1040BDE838
S2140062A01EFF2FE108009FE5383400EB1040BDE8E4
S2140062B01EFF2FE1B84B0100A8600000F0412DE959
S2140062C00060A0E108019FE5323400EB04319FE551
S2140062D0005093E5383095E5000053E32D00000AA2
S2140062E00470A0E32E5E85E2043095E5013053E2AB
S2140062F0084095E50400005A210000EA013043E218
S214006300010073E3684084E21D00000AFC20D4E12B
S214006310000052E3F8FFFF1A0050A0E30020E0E37D
S2140063200130A0E3BE20C4E1BC30C4E1580084E2E2
S214006330645084E5113400EB94009FE5133400EBC1
S214006340005084E5085084E5045084E5105084E548
S214006350145084E5185084E50510A0E10820A0E359
S2140063605C0084E28D0700EB305084E5345084E511
S214006370445084E5485084E50400A0E1F041BDE8BF
S2140063801EFF2FE1004095E5000054E30400000ADC
S2140063900450A0E1D3FFFFEA0500A0E1A1FFFFEB58
S2140063A0CEFFFFEA0710A0E10600A0E180FFFFEBAA
S2140063B0000050E30040A0E1000085E5F3FFFF1A6F
S2140063C00C009FE5F13300EB0C30A0E3003086E5CF
S2140063D0E8FFFFEABC4B0100B83C010010402DE985
S2140063E008009FE5EB3300EB1040BDE81EFF2FE1F1
S2140063F0BC4B010010402DE908009FE5E33300EB9D
S2140064001040BDE81EFF2FE1BC4B010010402DE9F7
S21400641008009FE5DF3300EB1040BDE81EFF2FE1CC
S214006420B84B010010402DE908009FE5D73300EB7C
S2140064301040BDE81EFF2FE1B84B010010402DE9CB
S21400644014009FE5D33300EB5B0300EB0C109FE5D5
S214006450150300EB1040BDE81EFF2FE1BC4B01000A
S2140064604461000010402DE9530300EB10109FE537
S2140064700D0300EB0C009FE5C43300EB1040BDE8B5
S2140064801EFF2FE17C610000BC4B010010402DE98F
S21400649008009FE5B93300EB1040BDE81EFF2FE172
S2140064A0BC4B010010402DE908009FE5B33300EB1C
S2140064B01040BDE81EFF2FE1B84B010070402DE9EB
S2140064C034509FE534409FE5054044E04441B0E148
S2140064D0045185100500000A014044E2043035E509
S2140064E00FE0A0E113FF2FE1000054E3F9FFFF1ACD
S2140064F0273700EB7040BDE81EFF2FE1AC410100DE
S214006500B0410100F04F2DE9920317E014D04DE2A0
S21400651038409DE54600000A000050E30060A0E118
S2140065200150A0E104308DE508208DE50200000A48
S214006530383090E5000053E35D00000A643094E5CF
S214006540010013E3FC30D4E10328A0E13C00000A7C
S2140065502228A0E1020A12E30600001A642094E54D
S214006560023A83E3022AC2E3BC30C4E10338A0E166
S214006570642084E52328A0E1048094E5000058E325
S2140065800010A0B30130A0B10830A0A10380A0B1D4
S214006590041084B5020012E30790A0010F00000A61
S2140065A0450000EA0820A0E1001094E50500A0E1FF
S2140065B0630600EB003094E5083083E0003084E5A5
S2140065C00410A0E10600A0E1F00B00EB000050E391
S2140065D0089049E0085085E02600001A048094E5FB
S2140065E0080059E1EEFFFF8A0920A0E10500A0E1BE
S2140065F0001094E5520600EB042094E5003094E584
S214006600092042E0099083E0042084E5009084E5B8
S214006610643094E5010013E31100001ABC30D4E1A5
S214006620020C13E30E00001A580084E2573300EB06
S21400663004709DE50700A0E114D08DE2F04FBDE8A0
S2140066401EFF2FE1020412E32228A0E1C0FFFF1A7A
S214006650580084E24F3300EBFC30D4E10328A0E17D
S214006660BAFFFFEA04709DE50700A0E114D08DE2B2
S214006670F04FBDE81EFF2FE1643094E5010013E300
S2140066800300001ABC30D4E1020C13E35800840265
S2140066903E33000B090047E008109DE5142F00EB81
S2140066A00070A0E10700A0E114D08DE2F04FBDE835
S2140066B01EFF2FE1DBFEFFEB9FFFFFEA030057E123
S2140066C00730A031001094E50320A0E10500A0E10A
S2140066D00C308DE51A0600EB0C309DE5008094E545
S2140066E0042094E5301094E5038088E0032042E01F
S2140066F0000051E3008084E5042084E5039047E031
S2140067002800000A000059E3C0FFFF0A400084E2A8
S214006710000051E10300000A0600A0E1730000EB50
S214006720008094E50C309DE50010A0E3301084E571
S214006730142094E50C708DE500B0A0E30670A0E18F
S21400674010A094E5035085E00260A0E1010000EA95
S214006750000059E3ADFFFF0A105084E5149084E56D
S214006760005084E50410A0E10700A0E1870B00EBD1
S214006770042094E5000050E310A084E5146084E54E
S214006780008084E5029049E0025085E004B084E58C
S214006790EEFFFF0A643094E5010013E30C709DE5FC
S2140067A0B7FFFF0ABAFFFFEA000059E3DFFFFF1A50
S2140067B096FFFFEAF0402DE90150A0E10260A0E15B
S2140067C00370A0E10040A0E10CD04DE27A0200EB9D
S2140067D000708DE50630A0E10520A0E10410A0E1E0
S2140067E047FFFFEB0CD08DE2F040BDE81EFF2FE127
S2140067F0F0412DE90140A0E1E4709FE50060A0E1D2
S214006800AB0600EB083097E5045093E5FE1E64E205
S2140068100F1081E20350C5E3054081E02446A0E165
S214006820014044E20446A0E1010A54E3060000BA2F
S2140068300010A0E30600A0E1D00B00EB083097E5BF
S214006840053083E0030050E10400000A0600A0E1E2
S2140068509D0600EB0000A0E3F041BDE81EFF2FE11F
S214006860001064E20600A0E1C40B00EB010070E338
S2140068700C00000A6C209FE5081097E5003092E5B2
S214006880045045E0015085E30600A0E1044043E0E3
S214006890045081E5004082E58B0600EB0100A0E392
S2140068A0F041BDE81EFF2FE10010A0E30600A0E1C6
S2140068B0B20B00EB082097E5023040E00F0053E3F0
S2140068C0E1FFFFDA20109FE500C091E514109FE578
S2140068D0013083E30C0040E0043082E5000081E5EF
S2140068E0D9FFFFEA74470100C84B01007C4B01004A
S2140068F070402DE9004051E23100000A0050A0E14E
S2140069006B0600EB041014E5ACE29FE50130C1E332
S21400691008C044E203008CE008609EE5042090E591
S214006920060050E10320C2E34E00000A010011E316
S214006930042080E50900001A084014E504C04CE075
S21400694008109CE508608EE2060051E1043083E002
S2140069505C00000A0C409CE50C4081E5081084E5CC
S214006960021080E0041091E5010011E3012083137A
S21400697004208C1503308C172C00000A020C53E3FD
S2140069801100002A0140A0E304009EE5A331A0E127
S214006990042083E04331A0E1143380E182118EE0CD
S2140069A082019EE7081041E204308EE50C108CE56B
S2140069B008008CE582C18EE70CC080E50500A0E1EA
S2140069C0410600EB7040BDE81EFF2FE1A324A0E1C6
S2140069D0040052E34800008A2323A0E1394082E203
S2140069E08441A0E1381082E204008EE004209EE795
S2140069F0080040E2020050E14500000A041092E55B
S214006A000310C1E3010053E12C00002A082092E5A0
S214006A10020050E1F8FFFF1A0C3090E50C308CE5D0
S214006A2008008CE508C083E50CC080E5E2FFFFEABD
S214006A30081090E584419FE5040051E1023083E0B0
S214006A403A00000A0C0090E5012083E3020C53E3B1
S214006A500C0081E5081080E504208CE503308CE707
S214006A60D9FFFF2AC6FFFFEA010011E3023083E0E8
S214006A700600001A082014E502C04CE008008CE26C
S214006A80030090E80C1080E5080081E5023083E002
S214006A902C219FE5001092E5012083E3010053E1DD
S214006AA004208CE508C08EE5C3FFFF3A14319FE54D
S214006AB00500A0E1001093E54CFFFFEBBEFFFFEAE8
S214006AC00200A0E1D3FFFFEA021080E0041091E587
S214006AD0010011E33400001A081080E2033082E05F
S214006AE0060091E8010083E30C2081E5081082E5AA
S214006AF004008CE503308CE7AFFFFFEA140052E396
S214006B001200008A5C4082E28441A0E15B1082E2CF
S214006B10B4FFFFEA0140A0E304309EE54121A0E176
S214006B20142283E104208EE50030A0E1BAFFFFEADC
S214006B30012083E314C08EE510C08EE50C108CE5B2
S214006B4008108CE504208CE503308CE79AFFFFEAFA
S214006B50540052E30400008A2326A0E16F4082E23C
S214006B608441A0E16E1082E29EFFFFEA550F52E3D9
S214006B700400008AA327A0E1784082E28441A0E1D5
S214006B80771082E297FFFFEA3C109FE5010052E192
S214006B902329A0917D4082928441A0917C1082920C
S214006BA0FE4FA0837E10A0838EFFFFEA012083E3C2
S214006BB004208CE5003080E57FFFFFEA7447010083
S214006BC07C470100804B0100C44B010054050000C7
S214006BD0083092E5000053E3CB00000AF04F2DE9A1
S214006BE0FC30D1E10338A0E1020713E30CD04DE2FC
S214006BF00140A0E100B0A0E10260A0E123A8A0E16E
S214006C002000000A102091E5000052E31D00000A53
S214006C1002901AE2005096E52500000A0080A0E3E4
S214006C200870A0E17C949FE5000057E34A00000A44
S214006C30090057E10730A0310930A02124A094E5CF
S214006C400820A0E11C1094E50B00A0E10FE0A0E1F5
S214006C501AFF2FE1000050E3890000DA083096E5BD
S214006C60003043E0000053E3008088E0007047E017
S214006C70083086E5EBFFFF1A0000A0E30CD08DE29B
S214006C80F04FBDE81EFF2FE10410A0E10B00A0E1CD
S214006C9032F5FFEB000050E3FC00001AFC30D4E1B4
S214006CA00338A0E123A8A0E102901AE2005096E57E
S214006CB0D9FFFF1A01A01AE20A90A0019400001A58
S214006CC0000059E32000000A020413E3087094E56C
S214006CD02338A0E12400000A070059E10780A0E15C
S214006CE03700003A120D13E33A00001A0930A0E10B
S214006CF0000094E50820A0E10A10A0E104308DE52C
S214006D00D40400EB081094E5002094E5077041E0F9
S214006D10088082E0087084E5008084E504309DE504
S214006D20082096E5032042E0000052E303A08AE034
S214006D30039049E0082086E5CEFFFF0AFC30D4E148
S214006D40000059E30338A0E1DEFFFF1A00A095E536
S214006D50049095E5085085E2D8FFFFEA008095E5A7
S214006D60047095E5085085E2AEFFFFEA000094E562
S214006D70103094E5030050E10200008A148094E588
S214006D80080059E14500002A090057E10970A021D2
S214006D900A10A0E10720A0E1AE0400EB082094E56D
S214006DA0003094E5072042E0073083E0000052E31D
S214006DB0082084E5003084E52C00000A0730A0E1B6
S214006DC0D6FFFFEA0970A0E10930A0E10980A0E142
S214006DD0000094E5C6FFFFEA101094E5008094E5F5
S214006DE0142094E5018048E0822082E0017088E269
S214006DF0A22F82E0097087E0C220A0E1020057E1DE
S214006E000270A0910720A081010B13E33200000A54
S214006E100210A0E10B00A0E1AD0100EB003050E253
S214006E209C00000A0820A0E1101094E504308DE5CF
S214006E30430400EBBC20D4E1122DC2E3802082E3A1
S214006E40BC20C4E104309DE5080083E0088047E0EC
S214006E50103084E5088084E5147084E5000084E53D
S214006E600970A0E10930A0E10980A0E1A0FFFFEAD7
S214006E700410A0E10B00A0E154FCFFEB000050E37F
S214006E80CDFFFF0AFC30D4E10000E0E3403083E3AE
S214006E90BC30C4E10CD08DE2F04FBDE81EFF2FE100
S214006EA0060179E30900A0310201E0230810A0E101
S214006EB0542D00EB247094E5980003E00A20A0E12E
S214006EC01C1094E50B00A0E10FE0A0E117FF2FE1F6
S214006ED0003050E291FFFFCAE9FFFFEA0B00A0E195
S214006EE06B0800EB003050E2D6FFFF1A101094E556
S214006EF00B00A0E17DFEFFEB0C20A0E3FC30D4E10C
S214006F0000208BE58030C3E3DEFFFFEA0000A0E34D
S214006F101EFF2FE10900A0E109A0A0E10980A0E181
S214006F20260000EA000050E32D00000A080059E1A0
S214006F300910A0310810A021102094E514C094E593
S214006F40083094E5000094E503308CE0020050E140
S214006F500020A0930120A083030051E10020A0D3CD
S214006F60000052E30170A0E13800001A0C0051E165
S214006F70240000BA247094E50C30A0E10A20A0E1B9
S214006F801C1094E50B00A0E10FE0A0E117FF2FE135
S214006F90007050E2BAFFFFDA079059E00100A01334
S214006FA02400000A083096E5073043E0000053E36B
S214006FB007A08AE0078048E0083086E52DFFFF0A34
S214006FC0000058E3D6FFFF1A083085E2048013E578
S214006FD0000058E30350A0E108A013E5083083E260
S214006FE0F9FFFF0A0820A0E10A10A0E30A00A0E1CA
S214006FF08F0300EB000050E3010080120A9040105F
S21400700001908802C8FFFFEA0120A0E10A10A0E173
S214007010100400EB082094E5003094E5072042E0D9
S214007020073083E0079059E0082084E5003084E5C7
S2140070300100A013DAFFFF1A0410A0E10B00A0E184
S214007040E2FBFFEB000050E3D5FFFF0A8CFFFFEAF0
S2140070500320A0E10A10A0E104308DE5FD0300EB5B
S214007060002094E504309DE5032082E0002084E5BE
S2140070700410A0E10B00A0E1D4FBFFEB000050E3FE
S21400708004309DE57EFFFF1A0370A0E1C1FFFFEA12
S2140070900000E0E3F8FEFFEA0C20A0E3FC30D4E1B9
S2140070A000208BE577FFFFEA00FCFF7FF0412DE92B
S2140070B02E7E90E21900000A0180A0E10060A0E3A5
S2140070C0045097E5015055E2084097E50D00004A48
S2140070D0BC30D4E1010053E3015045E20600009ABB
S2140070E0FE30D4E1010073E30300000A0400A0E1CF
S2140070F00FE0A0E118FF2FE1006086E1010075E3D4
S214007100684084E2F1FFFF1A007097E5000057E33D
S214007110EAFFFF1A0600A0E1F041BDE81EFF2FE1DE
S2140071200760A0E10600A0E1F041BDE81EFF2FE1E8
S214007130F0472DE92E6E90E21B00000A0180A0E1C8
S2140071400070A0E10090A0E3045096E5015055E2DF
S214007150084096E50E00004ABC30D4E1010053E337
S214007160015045E20700009AFE30D4E1010073E3C7
S2140071700400000A0410A0E10700A0E10FE0A0E16F
S21400718018FF2FE1009089E1010075E3684084E272
S214007190F0FFFF1A006096E5000056E3E9FFFF1ACD
S2140071A00900A0E1F047BDE81EFF2FE10690A0E130
S2140071B00900A0E1F047BDE81EFF2FE104309FE57F
S2140071C0000093E51EFF2FE1D8410100FF0050E3C9
S2140071D00100009A0000A0E31EFF2FE110402DE9F9
S2140071E00040A0E1330000EB040080E00100D0E5A1
S2140071F01040BDE8080000E21EFF2FE110402DE918
S214007200EDFFFFEB340090E50C309FE5000050E307
S2140072100300A0011040BDE81EFF2FE10846010054
S21400722010402DE9004052E20400000A48109FE595
S2140072300400A0E1020A00EB000050E30200001A7E
S21400724038009FE51040BDE81EFF2FE12C109FE59B
S2140072500400A0E1FA0900EB000050E3F7FFFF0A84
S2140072600400A0E118109FE5F50900EB000050E3CC
S214007270F2FFFF0A0000A0E3F1FFFFEA643D010011
S214007280603D01008C3C010010402DE9CAFFFFEB79
S214007290343090E510209FE5000053E30230A00153
S2140072A01040BDE82801D3E51EFF2FE10846010087
S2140072B0EC0090E51EFF2FE110402DE9BEFFFFEB2E
S2140072C0CDFFFFEB1040BDE8EC0090E51EFF2FE180
S2140072D070402DE90150A0E10040A0E1B6FFFFEBB1
S2140072E00520A0E10410A0E17040BDE8CBFFFFEA56
S2140072F0F00080E21EFF2FE110402DE9AEFFFFEB0D
S214007300340090E510309FE5000050E30300A00134
S2140073101040BDE8F00080E21EFF2FE108460100A5
S21400732010402DE9A4FFFFEB340090E510309FE5F8
S214007330000050E30300A0011040BDE8F00080E22A
S2140073401EFF2FE10846010070402DE90140A0E134
S214007350FE10D1E1000051E340D04DE20250A0E122
S2140073600360A0E10F0000BA04208DE2F92200EBD2
S214007370000050E30B0000BA08209DE50F2A02E249
S214007380023A42E2002073E20320A2E0020BA0E3EE
S214007390013BA0E3002086E5003085E540D08DE285
S2140073A07040BDE81EFF2FE10030A0E3BC20D4E112
S2140073B0800012E2003086E50500000A4020A0E3C7
S2140073C00300A0E1002085E540D08DE27040BDE8D6
S2140073D01EFF2FE1013BA0E3003085E540D08DE2A3
S2140073E07040BDE81EFF2FE170402DE9BC20D1E1C2
S2140073F0020012E308D04DE20140A0E10700000AB7
S2140074000110A0E3432084E2141084E5002084E504
S214007410102084E508D08DE27040BDE81EFF2FE105
S21400742004308DE20D20A0E10050A0E1C5FFFFEB87
S21400743000109DE50060A0E10500A0E1240000EB3F
S214007440000050E3FC30D4E11600000A04C09DE5BD
S21400745078109FE500209DE5803083E300005CE324
S2140074603C1085E5BC30C4E1000084E5100084E5EE
S214007470142084E50400001A063083E1BC30C4E121
S21400748008D08DE27040BDE81EFF2FE10500A0E1A8
S214007490FE10D4E1B62500EBFC30D4E1000050E34A
S2140074A001308313F3FFFFEA020C13E3D8FFFF1A41
S2140074B00110A0E3432084E2023083E3BC30C4E141
S2140074C0141084E5002084E5102084E5D0FFFFEA50
S2140074D0A8600000F84F2DE90B6081E2160056E325
S2140074E00050A0E17200009A0760C6E3060051E172
S2140074F00010A0930110A083A63F91E18800001A17
S2140075006B0300EB7E0F56E3BE01003AA634B0E1F3
S2140075108900000A040053E3CF00008A2633A0E166
S214007520390083E238C083E28011A0E1E0769FE56F
S214007530011087E0044091E5081041E2040051E1A3
S2140075400500001A0A0000EA000052E3660000AADE
S2140075500C4094E5040051E10500000A043094E56F
S2140075600330C3E3062043E00F0052E3F5FFFFDAE3
S2140075700C00A0E1104097E598C69FE50C0054E18A
S214007580043097051800000A043094E50330C3E37E
S214007590062043E00F0052E3D30000CA000052E387
S2140075A014C087E510C087E5670000AA020C53E305
S2140075B0B200002A0180A0E3042097E5A331A0E1F1
S2140075C0081083E04331A0E1183382E181E187E0CF
S2140075D0818197E708204EE20C2084E5088084E548
S2140075E0043087E5814187E70C4088E50110A0E379
S2140075F04021A0E111E2A0E103005EE15C00008A08
S21400760003001EE10800001A1EE1A0E10300C0E32B
S21400761003001EE1040080E20300001A8EE0A0E1F1
S21400762003001EE1040080E2FBFFFF0A809187E072
S2140076300910A0E10040A0E10C8091E5080051E1AE
S2140076400500001AB50000EA000052E3BD0000AADB
S2140076500C8098E5080051E1B000000A043098E577
S2140076600330C3E3062043E00F0052E3F5FFFFDAE2
S2140076700C1098E508E098E5014086E3044088E5AC
S214007680066088E0014082E30C108EE50500A0E16C
S21400769008E081E5146087E5106087E5101086E94C
S2140076A00CC086E5032088E7070300EB084088E265
S2140076B0180000EA100051E31900008AFC0200EBF3
S2140076C01060A0E31830A0E30200A0E340759FE539
S2140076D0033087E0044093E5082043E2020054E1CB
S2140076E09300000A043094E50330C3E3033084E0DB
S2140076F0042093E50C1094E508C094E5012082E38D
S2140077000C108CE50500A0E108C081E5042083E5A7
S214007710ED0200EB084084E20400A0E1F84FBDE86B
S2140077201EFF2FE10C30A0E30040A0E3003085E50B
S2140077300400A0E1F84FBDE81EFF2FE1021CA0E305
S2140077404000A0E33FC0A0E377FFFFEA033084E0F9
S214007750042093E5012082E30500A0E1042083E5F0
S214007760084084E2D80200EB0400A0E1F84FBDE830
S2140077701EFF2FE1084097E5043094E50390C3E32D
S214007780063049E00F0053E30020A0C30120A0D339
S214007790060059E101208233000052E32200000A6D
S2140077A074849FE5083497E5002098E5010073E3AC
S2140077B0022086E0013A82120F308312FFAEC31316
S2140077C010A082020FA0CA130A10A0E10500A0E1D3
S2140077D0EA0700EB010070E300B0A0E10300000A36
S2140077E0093084E0070054E1000053118300009A3A
S2140077F0084097E5043094E50330C3E3030056E100
S2140078000020A0930120A083063043E00F0053E33E
S214007810012082D3000052E30300000A0500A0E125
S214007820A90200EB0040A0E3BAFFFFEA013083E3C1
S214007830012086E3066084E0042084E50500A0E1DC
S214007840086087E5084084E2043086E59E0200EB87
S2140078500400A0E1F84FBDE81EFF2FE1140053E33B
S2140078604400009A540053E3A500008A2636A0E19F
S2140078706F0083E26EC083E28011A0E12AFFFFEA78
S214007880A324A0E1040052E33E00009A140052E351
S214007890B100008A5C8082E28881A0E15B1082E20F
S2140078A008E087E0082097E708E04EE202005EE185
S2140078B09A00000A041092E50310C1E3010053E1A8
S2140078C08D00002A082092E502005EE1F8FFFF1A0C
S2140078D00C209EE5043097E50C2084E508E084E55E
S2140078E0084082E50C408EE53FFFFFEA01E086E3B4
S2140078F0011082E3066084E004E084E50500A0E170
S214007900146087E5106087E50CC086E5021086E9FE
S214007910032084E76C0200EB084084E27DFFFFEA68
S214007920014084E2030014E3081081E241FFFF1ADD
S2140079301D0000EA0C4093E5040053E102008002BB
S2140079400BFFFF0A66FFFFEA0840A0E1033088E06D
S214007950042093E50C1098E508C0B4E5012082E306
S214007960042083E50500A0E10C108CE508C081E545
S214007970550200EB67FFFFEA5C0083E25BC083E230
S2140079808011A0E1E8FEFFEA2323A0E1398082E22D
S2140079908881A0E1381082E2C0FFFFEA083019E4CF
S2140079A0030059E1010040E29400001A030010E3CE
S2140079B0F9FFFF1A043097E50E30C3E1043087E57F
S2140079C08EE0B0E10120A0130020A00303005EE1DA
S2140079D00020A08301200292000052E364FFFF0A09
S2140079E003001EE10400A0E10FFFFF1A8EE0A0E1F5
S2140079F003001EE1040080E2FBFFFF0A0AFFFFEA25
S214007A00041098E5000053E101108AE0041088E5B0
S214007A105C00000A082497E5010072E303304B106F
S214007A200110831008B487050410881507101BE2A0
S214007A30011AA0030830611203B08B100A208BE0F5
S214007A40011A6112022AA0E108108112222AA0E17E
S214007A5002A041E00A10A0E10500A0E1470700EB04
S214007A60010070E300A0A0030130A0030B3040101B
S214007A70041098E50A3083100130831301108AE061
S214007A80070054E108B087E5041088E504308BE56C
S214007A900F00000A0F0059E30130A09304308B95C5
S214007AA05DFFFF9A0500A0E3042094E50C3049E250
S214007AB00730C3E3012002E2032082E10F0053E314
S214007AC0033084E0042084E5040083E5080083E5B1
S214007AD03500008A2C3098E5084097E5030051E110
S214007AE0303098E52C108885030051E1043094E589
S214007AF0301088850330C3E33FFFFFEA02E0A0E1D1
S214007B0072FFFFEA550F53E30B00008AA637A0E189
S214007B10780083E277C083E28011A0E182FEFFEA6C
S214007B200180A0E3043097E54121A0E1183283E10B
S214007B30043087E50E20A0E166FFFFEADC209FE523
S214007B40020053E10B00008A2639A0E17D0083E2A3
S214007B507CC083E28011A0E173FEFFEA540052E38A
S214007B601600008A2326A0E16F8082E28881A0E1C9
S214007B706E1082E249FFFFEAFE1FA0E37F00A0E34B
S214007B807EC0A0E368FEFFEA032AA0E1222AA0E165
S214007B90000052E39EFFFF1A0A3089E0082097E5AE
S214007BA0013083E3043082E5C9FFFFEA081084E26F
S214007BB00500A0E14DFBFFEB041098E5C4FFFFEACB
S214007BC0550F52E30400008AA327A0E1788082E2E2
S214007BD08881A0E1771082E230FFFFEA3C109FE543
S214007BE0010052E12329A0917D8082928881A09194
S214007BF07C108292FE8FA0837E10A08327FFFFEA70
S214007C00043097E56DFFFFEAA601A0E1083086E2A2
S214007C10ADFEFFEA744701007C470100C44B01003B
S214007C2054050000F0412DE9006052E208D04DE214
S214007C300040A0E120509DE51600000A0380A0E168
S214007C400170A0E15CFDFFEB340090E57C309FE521
S214007C50000050E30300A00100508DE50620A0E1DF
S214007C600830A0E1E46090E50710A0E10400A0E180
S214007C700FE0A0E116FF2FE1010070E30020A00353
S214007C808A30A003002085050030840508D08DE2E8
S214007C90F041BDE81EFF2FE147FDFFEB343090E5D5
S214007CA028209FE5000053E30230A00100508DE538
S214007CB00610A0E118209FE5E46093E50400A0E12B
S214007CC00130A0E30FE0A0E116FF2FE1E9FFFFEA95
S214007CD0084601008C3C0100F0412DE90140A0E17E
S214007CE008D04DE20070A0E10280A0E10360A0E1B0
S214007CF031FDFFEB000054E30050A0E11400000A41
S214007D002DFDFFEB340090E57C309FE5000050E34E
S214007D100300A00100608DE50420A0E10830A0E18A
S214007D20E44090E50710A0E10500A0E10FE0A0E127
S214007D3014FF2FE1010070E30020A0038A30A003A7
S214007D40002086050030850508D08DE2F041BDE8AC
S214007D501EFF2FE118FDFFEB343090E528209FE54D
S214007D60000053E30230A00100608DE50410A0E19E
S214007D7018209FE5E44093E50500A0E10130A0E36C
S214007D800FE0A0E114FF2FE1E9FFFFEA084601003B
S214007D908C3C0100F0412DE918809DE50370A0E1C0
S214007DA00040A0E10150A0E10260A0E102FDFFEB6F
S214007DB034C090E528309FE500005CE303C0A001D6
S214007DC018808DE5E4E09CE50730A0E10620A0E100
S214007DD00510A0E10400A0E10EC0A0E1F041BDE85E
S214007DE01CFF2FE108460100000051E308D04DE2D9
S214007DF004108D02000052E30800000A000053E35E
S214007E000900000A0030D2E5003081E50020D2E506
S214007E10000092E20100A01308D08DE21EFF2FE1C1
S214007E200200A0E108D08DE21EFF2FE10100E0E392
S214007E30F8FFFFEA030010E370402DE9FFE001E2DF
S214007E403800000A000052E301C042E21E00000AA9
S214007E500030D0E50E0053E11C00000A013080E23D
S214007E60050000EA01C05CE21700003A0020D0E5F9
S214007E700E0052E1013083E21400000A030013E30F
S214007E800300A0E1F6FFFF1A03005CE31100008A7E
S214007E9000005CE32500000A0030D0E50E0053E148
S214007EA00A00000A0CC080E0013080E2030000EA0D
S214007EB00020D0E50E0052E1013083E20300000A04
S214007EC003005CE10300A0E1F8FFFF1A0000A0E356
S214007ED07040BDE81EFF2FE158409FE5014404E0D6
S214007EE00E4084E150609FE550509FE5044884E1D1
S214007EF0003090E5043023E0062083E00330C2E142
S214007F00050013E10010A0E1040080E20300001A5F
S214007F1004C04CE203005CE3F4FFFF8ADBFFFFEAE9
S214007F200100A0E1DBFFFFEA02C0A0E1D5FFFFEA07
S214007F300C00A0E1E5FFFFEAFFFF0000FFFEFEFEEB
S214007F40808080800F0052E30900008A000052E320
S214007F500030A0E13C00000A013043E2022081E04C
S214007F6001C0D1E4020051E101C0E3E5FBFFFF1AC6
S214007F701EFF2FE1003081E1030013E33000001AFA
S214007F80F0402DE902E0A0E110C080E2103081E26E
S214007F90107013E50C6013E5085013E5044013E574
S214007FA010E04EE20F005EE310700CE50C600CE58E
S214007FB008500CE504400CE5103083E210C08CE25B
S214007FC0F2FFFF8A103042E20F30C3E30F6002E296
S214007FD0103083E2030056E3031081E0033080E0B4
S214007FE01A00009A0140A0E106C0A0E104E043E2C6
S214007FF004C04CE2045094E403005CE30450AEE595
S214008000FAFFFF8A04C046E203C0CCE304C08CE259
S2140080100C1081E00C3083E0032002E2000052E303
S21400802001304312022081100300000A01C0D1E48F
S214008030020051E101C0E3E5FBFFFF1AF040BDE896
S2140080401EFF2FE10030A0E1C2FFFFEA1EFF2FE176
S2140080500620A0E1F0FFFFEA010050E10A00009AC6
S214008060023081E0030050E10700002A000052E3DE
S214008070022080E01EFF2F0101C073E5030051E1DE
S21400808001C062E5FBFFFF1A1EFF2FE10F0052E35F
S2140080900900008A000052E30030A0E13C00000A1C
S2140080A0013043E2022081E001C0D1E4010052E148
S2140080B001C0E3E5FBFFFF1A1EFF2FE1003081E160
S2140080C0030013E33000001A70402DE902E0A0E13F
S2140080D010C080E2103081E2104013E510400CE53D
S2140080E00C4013E50C400CE5084013E508400CE591
S2140080F010E04EE2044013E50F005EE304400CE59A
S214008100103083E210C08CE2F2FFFF8A103042E2A9
S2140081100F30C3E30F6002E2103083E2030056E341
S214008120031081E0033080E01A00009A0140A0E1CD
S21400813006C0A0E104E043E204C04CE2045094E42C
S21400814003005CE30450AEE5FAFFFF8A04C046E293
S21400815003C0CCE304C08CE20C1081E00C3083E05A
S214008160032002E2000052E3013043120220811095
S2140081700300000A01C0D1E4010052E101C0E3E5BA
S214008180FBFFFF1A7040BDE81EFF2FE10030A0E1A4
S214008190C2FFFFEA1EFF2FE10620A0E1F0FFFFEA84
S2140081A0030010E34000000A000052E3012042E210
S2140081B01EFF2F01FFC001E20030A0E1020000EA2E
S2140081C0012042E2010072E31EFF2F0101C0C3E45A
S2140081D0030013E3F9FFFF1A030052E32A00009A94
S2140081E010402DE9FFE001E20EE48EE10F0052E3BD
S2140081F00EE88EE11000009A0240A0E110C083E273
S214008200104044E20F0054E310E00CE50CE00CE5EF
S21400821008E00CE504E00CE510C08CE2F7FFFF8AEE
S21400822010C042E20FC0CCE30F2002E210C08CE286
S214008230030052E30C3083E00A00009A0340A0E1FA
S21400824002C0A0E104C04CE203005CE304E084E466
S214008250FBFFFF8A04C042E203C0CCE304C08CE20A
S2140082600C3083E0032002E2000052E30400000A20
S214008270FF1001E2022083E00110C3E4030052E194
S214008280FCFFFF1A1040BDE81EFF2FE1000052E37E
S2140082901EFF2F01FF1001E2022083E00110C3E45D
S2140082A0030052E1FCFFFF1A1EFF2FE10030A0E1A1
S2140082B0C8FFFFEA10402DE908009FE5352C00EBCB
S2140082C01040BDE81EFF2FE1F84B010010402DE9DD
S2140082D008009FE52D2C00EB1040BDE81EFF2FE1A7
S2140082E0F84B010010402DE908009FE5232C00EB19
S2140082F01040BDE81EFF2FE1F84B01004C3090E522
S214008300000053E370402DE90050A0E10140A0E1D9
S2140083100900000A040193E7000050E30F00000A7A
S214008320002090E5042183E70030A0E3103080E5CC
S2140083300C3080E57040BDE81EFF2FE12120A0E351
S2140083400410A0E3ED1D00EB000050E34C0085E5B3
S2140083500030A011EEFFFF1A0000A0E3F4FFFFEAD2
S2140083600110A0E31164A0E1052086E20500A0E16B
S2140083700221A0E1E11D00EB000050E3F5FFFF0A3B
S214008380500080E9E7FFFFEA000051E34C3090150B
S214008390042091150201931700008115021183171E
S2140083A01EFF2FE1F0402DE90140A0E10050A0E1C2
S2140083B000E0A0E3106091E5BC709FE50CD04DE2B4
S2140083C014C081E200009CE5071000E0923123E033
S2140083D02018A0E12308A0E1920121E001E08EE24E
S2140083E0073003E0013883E00E0056E104308CE4E9
S2140083F02138A0E1F2FFFFCA000053E30600000A9E
S214008400082094E5020056E1070000AA062184E051
S214008410016086E2143082E5106084E50400A0E185
S2140084200CD08DE2F040BDE81EFF2FE1041094E56D
S2140084300500A0E1011081E204308DE5AEFFFFEB00
S2140084400070A0E1102094E5022082E20C1084E285
S2140084500221A0E10C0080E2B9FEFFEB4C2095E57E
S214008460041094E5010192E704309DE5000084E5E0
S214008470014182E70740A0E1E3FFFFEAFFFF0000BB
S214008480E4C09FE5F0472DE90370A0E1083083E2E1
S21400849093ECCCE0C33FA0E1CCC063E001005CE31A
S2140084A00050A0E10140A0E10280A0E120609DE52F
S2140084B02B0000DA0130A0E30010A0E38330A0E137
S2140084C003005CE1011081E2FBFFFFCA0500A0E1AA
S2140084D089FFFFEB0130A0E3090058E3146080E554
S2140084E0103080E50A4084D20980A0D30D0000DA5F
S2140084F009A084E20A60A0E10A90A0E3084084E0B4
S2140085000130D6E40010A0E1303043E20920A0E1BB
S2140085100500A0E1A2FFFFEB040056E1F7FFFF1AFB
S214008520084048E204408AE0080057E1087047C067
S2140085300A60A0C3077084C0070000DA0130D4E4E4
S2140085400010A0E1303043E20620A0E10500A0E1E3
S21400855093FFFFEB040057E1F7FFFF1AF047BDE873
S2140085601EFF2FE10010A0E3D7FFFFEA398EE338A5
S2140085702028A0E10030A0E10228A0E1000052E39C
S2140085800038A0010000A0131000A003FF0413E3AE
S2140085900334A001080080020F0213E30332A00197
S2140085A004008002030113E30331A00102008002ED
S2140085B0000053E31EFF2FB1010113E301008012F8
S2140085C02000A0031EFF2FE1003090E5072013E2F5
S2140085D00010A0E10900000A010013E31F00001AC2
S2140085E0020013E3A330A0112331A0010030801550
S2140085F0003081050100A0130200A0031EFF2FE13A
S2140086000308A0E12008A0E1000050E31000A0034A
S2140086100200A0112338A001FF0013E32334A001B9
S214008620080080020F0013E32332A001040080023A
S214008630030013E32331A00102008002010013E3CC
S2140086400400001AA330B0E10100001A2000A0E3E5
S2140086501EFF2FE1010080E2003081E51EFF2FE1C2
S2140086600000A0E31EFF2FE110402DE90140A0E12D
S2140086700110A0E320FFFFEB0120A0E3144080E5FB
S214008680102080E51040BDE81EFF2FE1F04F2DE9D9
S214008690108091E5105092E5050058E114D04DE2A7
S2140086A00140A0E10290A0E1040000AA0820A0E199
S2140086B00940A0E10580A0E10190A0E10250A0E100
S2140086C0083094E5041094E5057088E0030057E14F
S2140086D0011081C208FFFFEB14A080E207B18AE018
S2140086E00B005AE10030A0E104008DE50A30A0310D
S2140086F00010A0330200002A041083E403005BE1AC
S214008700FCFFFF8A149089E2053189E00320A0E18E
S214008710030059E1143084E2088183E03B00002A1C
S21400872008B08DE50C708DE502B0A0E10370A0E105
S21400873020E19FE500C099E50E601CE01400000AE9
S2140087400A40A0E10750A0E10010A0E3042095E451
S214008750000094E50E3002E00EC000E02228A0E102
S21400876096C323E02008A0E1960222E0013083E0D1
S214008770231882E00E3003E0013883E1050058E15B
S214008780043084E42118A0E1EFFFFF8A001084E59E
S21400879000C099E52CC8B0E11600000A00309AE542
S2140087A00A00A0E10340A0E10710A0E10020A0E33A
S2140087B0005091E52468A0E10E4005E09C6424E0AA
S2140087C00E3003E0022084E0023883E1043080E4C7
S2140087D0043091E4004090E52338A0E10E5004E018
S2140087E09C5323E0010058E1223883E02328A0E1CF
S2140087F0EEFFFF8A003080E5049089E209005BE125
S21400880004A08AE2CAFFFF8A08B09DE50C709DE5C9
S214008810000057E3090000DA04301BE5000053E3CC
S21400882004B04BE20300000A040000EA04303BE513
S214008830000053E30100001A017057E2FAFFFF1A26
S21400884004309DE50300A0E1107083E514D08DE2AE
S214008850F04FBDE81EFF2FE1FFFF0000033012E2DD
S214008860F0412DE90240A0E10070A0E10150A00116
S2140088702500001A4441B0E11900000A486097E557
S214008880000056E32700000A0080A0E3050000EA87
S214008890C440B0E11200000A000096E5000050E374
S2140088A01200000A0060A0E1010014E3F7FFFF0ACF
S2140088B00620A0E10510A0E10700A0E172FFFFEB93
S2140088C0000055E3042095154C30971502119317B8
S2140088D00010851502518317C440B0E10050A0E196
S2140088E0ECFFFF1A0500A0E1F041BDE81EFF2FE1F6
S2140088F00620A0E10610A0E10700A0E162FFFFEB62
S214008900000086E5008080E5E5FFFFEA44209FE55D
S214008910013043E2032192E70030A0E3A0FEFFEB24
S2140089200050A0E1D2FFFFEA0110A0E30700A0E19B
S21400893071FEFFEB0110A0E30030A0E318209FE5D6
S214008940101080E5142080E50060A0E1480087E56F
S214008950003080E5CBFFFFEA703D010071020000A9
S214008960F0472DE9107091E5C292A0E1083091E53C
S214008970077089E0014087E2030054E10150A0E15E
S2140089800280A0E10060A0E1041091E5030000DA97
S2140089908330A0E1030054E1011081E2FBFFFFCA2F
S2140089A00600A0E154FEFFEB000059E3143080E21D
S2140089B0040000DA0020A0E3091183E0042083E429
S2140089C0030051E1FCFFFF1A10E095E5141085E264
S2140089D01F8018E20EE181E01400000A00C0A0E348
S2140089E0202068E2009091E519C88CE104C083E479
S2140089F004C091E401005EE13CC2A0E1F8FFFF8AFA
S214008A0000005CE300C083E5024087124C3096E528
S214008A10042095E5021193E7014044E2104080E50A
S214008A20001085E5025183E7F047BDE81EFF2FE101
S214008A30043043E2042091E401005EE10420A3E553
S214008A40FBFFFF8AF0FFFFEA04E02DE5103091E51A
S214008A5000E0A0E1100090E5030050E00D00001AD1
S214008A600331A0E114E08EE2141081E2031081E0ED
S214008A7003308EE0010000EA03005EE10500002AF4
S214008A8004C033E5042031E502005CE1F9FFFF0A8B
S214008A900200003A0100A0E304E09DE41EFF2FE17F
S214008AA00000E0E3FBFFFFEAF84F2DE902B0A0E18B
S214008AB0109091E5102092E5029049E0000059E3FD
S214008AC00170A0E14700001A0221A0E1146081E2D3
S214008AD014E08BE2023086E002208EE0010000EA1D
S214008AE0030056E14900002A04C033E5041032E5CD
S214008AF001005CE1F9FFFF0A0E80A0214B00003A5E
S214008B00041097E5FCFDFFEB00A0A0E3107097E5CE
S214008B1010309BE530E19FE50C9080E50840A0E131
S214008B200650A0E1038188E0076186E014C080E279
S214008B30049095E4041094E40E3009E00A3083E0D3
S214008B402128A0E10EA001E00A3043E0292862E0D7
S214008B50432882E00E3003E0023883E1040058E147
S214008B6004308CE442A8A0E1F0FFFF8A050056E13D
S214008B701200009A0C40A0E10510A0E1C8E09FE5B5
S214008B80048091E40E3008E00A3083E04328A0E138
S214008B90282882E00E3003E0023883E1010056E127
S214008BA0043084E442A8A0E1F4FFFF8A0550E0E127
S214008BB0066085E00360C6E3046086E206C08CE0DB
S214008BC0000053E304C04CE20300001A04303CE506
S214008BD0000053E3017047E2FBFFFF0A107080E5D8
S214008BE0F84FBDE81EFF2FE1146081A214808BA20F
S214008BF00090A0A3C1FFFFAA14608BE20B70A0E157
S214008C00148081E20190A0E301B0A0E1BBFFFFEA7F
S214008C100010A0E3B8FDFFEB0030A0E30120A0E3C6
S214008C20143080E5102080E5F84FBDE81EFF2FE1E8
S214008C300730A0E10680A0E10B70A0E10E60A0E185
S214008C4003B0A0E10190A0E3ACFFFFEAFFFF000045
S214008C505C309FE5013003E00D3543E2000053E34E
S214008C60020000DA0000A0E30310A0E11EFF2FE1DF
S214008C70003063E2433AA0E1130053E3080000DA51
S214008C80143043E21E0053E30120A0D30130A0C3FA
S214008C901F3063D21233A0D10010A0E30300A0E17E
S214008CA01EFF2FE10227A0E30000A0E35213A0E17D
S214008CB01EFF2FE10000F07FF0412DE9107090E5D7
S214008CC0146080E2077186E0048017E50800A0E1E2
S214008CD026FEFFEB203060E20A0050E3003081E51C
S214008CE0043047E20C0000CAB0209FE5030056E1BE
S214008CF00B3060E2385382E10020A02308201735AD
S214008D003223A031153080E2184382E10400A0E14E
S214008D100510A0E1F041BDE81EFF2FE1030056E17B
S214008D201100002A0B2050E2083017E51000000A58
S214008D3068109FE508C047E20C0056E120E062E2BA
S214008D40188281E10C001735335E88E11332A031BA
S214008D501302A021300E83310040A0E10510A0E1EF
S214008D600400A0E1F041BDE81EFF2FE10B3050E209
S214008D700600001A0340A0E1FF5588E3035685E38A
S214008D800400A0E10510A0E1F041BDE81EFF2FE1C0
S214008D9008209FE50000A0E3185382E1EDFFFFEAFC
S214008DA00000F03FF0412DE90340A0E108D04DE27D
S214008DB00110A0E30280A0E120609DE524509DE51F
S214008DC04DFDFFEBE4309FE5FF14C4E30F16C1E34F
S214008DD0244A13E001168113000058E30070A0E156
S214008DE004108DE51D00000A08008DE2088020E5CD
S214008DF0F4FDFFEB0C009DE8000050E3201060122D
S214008E00132182113330A0111420871504308D15DC
S214008E1014208705000053E30110A0030210A013DE
S214008E20000054E3183087E5101087E51500001A97
S214008E30430E40E2013187E0020040E2000086E592
S214008E40100093E5C9FDFFEB810260E0000085E5B8
S214008E500700A0E108D08DE2F041BDE81EFF2FE13B
S214008E6004008DE2D7FDFFEB0130A0E304209DE572
S214008E70000054E30310A0E1103087E5142087E5D6
S214008E80200080E2E9FFFF0A434E44E2034044E24A
S214008E90004084E0350060E2004086E5000085E59D
S214008EA00700A0E108D08DE2F041BDE81EFF2FE1EB
S214008EB0FF070000F0432DE90CD04DE20180A0E151
S214008EC00D10A0E10090A0E17AFFFFEB0040A0E1CA
S214008ED00150A0E10800A0E104108DE275FFFFEB51
S214008EE000309DE50060A0E10170A0E1100098E56B
S214008EF0101099E504209DE5001041E0023043E0A3
S214008F00813283E0000053E3090000DA039A85E02B
S214008F100950A0E10620A0E10730A0E10400A0E18E
S214008F200510A0E1352700EB0CD08DE2F043BDE83C
S214008F301EFF2FE1033663E0031A87E00170A0E10D
S214008F40F3FFFFEA170050E3D0402DE90040A0E110
S214008F500A0000DA0000A0E30060A0E334109FE5FA
S214008F6034709FE50620A0E10730A0E17F2600EBE5
S214008F70014054E2FAFFFF1AD040BDE81EFF2FE181
S214008F8018309FE5804183E0101084E2030091E8EA
S214008F90D040BDE81EFF2FE10000F03F0000244057
S214008FA0703D010010C092E5143082E210402DE9B9
S214008FB0014041E2C442A0E10CC183E0014084E2EA
S214008FC00C0053E1044180E00900002A041040E24E
S214008FD004E093E403005CE104E0A1E5FBFFFF8A04
S214008FE002304CE0153043E20330C3E3043083E242
S214008FF0030080E0000054E10300009A0030A0E384
S214009000043080E4000054E1FCFFFF8A1040BDE815
S2140090101EFF2FE1103090E5C122A0E1020053E1CF
S21400902014C080E203318CB00A0000BA080000DAEF
S2140090301F1011E20600000A02319CE73301A0E18E
S214009040100153E102318CE00200000A0100A0E3A7
S2140090501EFF2FE102318CE003005CE10A00002ACB
S214009060040013E5000050E3043043E20300000A66
S214009070F5FFFFEA042033E5000052E3F2FFFF1A93
S21400908003005CE1FAFFFF3A1EFF2FE10000A0E3B9
S2140090901EFF2FE1F04F2DE9007051E20CD04DE29B
S2140090A00290A0E17F00000A0B4089E20080A0E168
S2140090B07FFCFFEB160054E31020A0930030A09333
S2140090C00240A0910740C483A43FA0810420A08151
S2140090D0090054E101308333000053E30C30A01341
S2140090E0041017E5085047E20360C1E30090A013A0
S2140090F0003088150F00001A020056E1110000BA71
S2140091000790A0E1043046E00F0053E35600008AC3
S214009110043095E5013003E2063083E1043085E54E
S214009120065085E0043095E5013083E3043085E59C
S2140091300800A0E164FCFFEB0900A0E10CD08DE282
S214009140F04FBDE81EFF2FE114B49FE508309BE505
S21400915006C085E003005CE1A500000A04009CE56B
S2140091600130C0E303308CE0043093E5010013E3E4
S2140091703200000A010011E38800000A0910A0E18D
S2140091800800A0E1D2F8FFEB009050E2E7FFFF0AEC
S214009190043017E50130C3E3033085E0082049E2D8
S2140091A0030052E1E300000A042046E2240052E3F2
S2140091B0DD00008A130052E30930A0910720A09139
S2140091C01400009A003097E5003089E5043097E5F2
S2140091D01B0052E3043089E5082087920830899204
S2140091E00C00009A083097E5083089E50C3097E5C2
S2140091F00C3089E5240052E31030970510308905BD
S2140092001420970510308912142089051020871223
S2140092101830890218208702001092E5001083E5B6
S214009220041092E5041083E5082092E5082083E503
S2140092300710A0E10800A0E1ACF5FFEBBBFFFFEADA
S2140092400300C0E3003086E0020053E11C0000BAD1
S21400925008108CE2060091E80790A0E10C2081E55A
S2140092600360A0E1081082E5A5FFFFEA042095E56B
S214009270012002E2041085E0013083E3042082E14D
S214009280042085E5043081E5065085E0043095E548
S214009290013083E3081081E2043085E50800A0E190
S2140092A092F5FFEBA1FFFFEA0210A0E188F8FFEBC2
S2140092B00090A0E10900A0E10CD08DE2F04FBDE8DF
S2140092C01EFF2FE1010011E3ABFFFF1A08A017E510
S2140092D00AA045E004109AE50310C1E3000081E00F
S2140092E0063080E0020053E1300000BA0A90A0E1A8
S2140092F008108CE2060091E80C2081E5081082E553
S2140093000C109AE50800B9E5042046E2240052E372
S2140093100C1080E5080081E52F00008A130052E358
S2140093200920A0911400009A001097E508108AE51D
S214009330041097E51B0052E30C108AE5087087922C
S21400934010208A920C00009A081097E510108AE503
S2140093500C1097E514108AE5240052E310209705B8
S21400936018208A0514209705107087121C208A057D
S21400937018208A121870870220208A02001097E5AB
S214009380001082E5041097E5041082E5081097E5C2
S2140093900360A0E10A50A0E1081082E558FFFFEA4A
S2140093A008A017E50AA045E004109AE50310C1E3FB
S2140093B0013086E0020053E16FFFFFBA0A90A0E199
S2140093C00C109AE50800B9E5042046E2240052E3B2
S2140093D00C1080E5080081E5CFFFFF9A0710A0E19A
S2140093E00900A0E10360A0E10A50A0E119FBFFEB31
S2140093F043FFFFEA04309CE50330C3E3063083E016
S214009400100084E2000053E13A0000AA010011E3D4
S21400941059FFFF1A08A017E50AA045E004109AE5D0
S2140094200310C1E3033081E0030050E1DFFFFFCA11
S2140094300A90A0E10C109AE50800B9E5042046E27F
S214009440240052E30C1080E5080081E53E00008A07
S214009450130052E30920A0911400009A001097E52B
S21400946008108AE5041097E51B0052E30C108AE505
S2140094700870879210208A920C00009A081097E5D0
S21400948010108AE50C1097E514108AE5240052E3C4
S2140094901020970518208A0514209705107087124B
S2140094A01C208A0518208A121870870220208A023B
S2140094B0001097E5001082E5041097E5041082E599
S2140094C0081097E5081082E5043043E004208AE09F
S2140094D0013083E308208BE5043082E504309AE50A
S2140094E0013003E2044083E10800A0E104408AE57D
S2140094F075FBFFEB0FFFFFEA043043E0045085E006
S214009500013083E308508BE5043085E5043017E529
S214009510013003E2044083E10800A0E1044007E5CF
S21400952069FBFFEB0790A0E102FFFFEA0710A0E14E
S214009530C8FAFFEB3DFFFFEA043019E50330C3E34A
S214009540036086E00790A0E1EDFEFFEA0710A0E1C9
S2140095500900A0E104308DE5BEFAFFEB04309DE57E
S214009560D8FFFFEA74470100BC30D0E1093003E2BF
S214009570090053E30100000A0000A0E31EFF2FE1EC
S21400958010402DE9B8F2FFEB1040BDE81EFF2FE1BA
S214009590F0412DE9005050E20140A0E10200000A2F
S2140095A0383095E5000053E34200000AFC20D4E181
S2140095B00238A0E1020213E32338A0E10600001AF5
S2140095C0641094E5022A82E3021AC1E30238A0E19D
S2140095D0BC20C4E1641084E52338A0E10010A0E3B9
S2140095E0200013E3041084E52F00001A040013E3A0
S2140095F02200000A301094E5000051E30900000A3A
S214009600403084E2030051E10500A011B7F4FF1BCF
S2140096100000A0E33C3094E5000053E1300084E510
S214009620043084E53B00001A103094E5000053E354
S2140096304600000AFC70D4E10738A0E1030813E3F3
S2140096402368A0E11D00001A102094E50500A0E1A3
S214009650002084E5205094E5143094E51C1094E531
S2140096600FE0A0E115FF2FE1000050E3040084E5C1
S2140096700000A0C3080000DAF041BDE81EFF2FE19D
S214009680100013E33500000A080013E32500001A53
S214009690042082E3BC20C4E1E2FFFFEA1500001AC2
S2140096A0BC30D4E1203083E3BC30C4E10000E0E30A
S2140096B0F041BDE81EFF2FE1DAF2FFEBBAFFFFEA4A
S2140096C00120A0E3AC309FE5BC20C4E1000093E598
S2140096D0A4109FE574F6FFEB093006E2090053E399
S2140096E0BC70C4E1D7FFFF1A0410A0E10500A0E19A
S2140096F0A7F1FFEBD3FFFFEA0020A0E3BC30D4E1E4
S214009700403083E3BC30C4E1042084E50000E0E39D
S214009710F041BDE81EFF2FE1383094E5003084E5C7
S214009720F041BDE81EFF2FE10410A0E10500A0E116
S21400973026F2FFEB000050E3DBFFFF1AFC20D4E12B
S214009740080084E5180084E50820C2E3CFFFFFEA9E
S2140097500410A0E10500A0E122F7FFEBB4FFFFEA4A
S2140097600930A0E3402082E3003085E50000E0E316
S214009770BC20C4E1BFFFFFEAB83C010068950000CA
S2140097800030A0E370402DE930409FE50050A0E196
S2140097900100A0E1003084E5FD2700EB010070E346
S2140097A00100000A7040BDE81EFF2FE1003094E57E
S2140097B0000053E3003085157040BDE81EFF2FE122
S2140097C0FC4B010030402DE900C0D1E55E005CE3B3
S2140097D00020A0130120A0030240A0110240A00117
S2140097E001E0811201C0D10502E08102013040E2B1
S2140097F0FF1080E20120E3E5010053E1FCFFFF1AC1
S21400980000005CE301404E02012024120D00000A15
S2140098100C20C0E701108EE2013051E52D0053E325
S2140098200140A0E10A00000A5D0053E30500000ABB
S214009830000053E30200000A03C0A0E101E0A0E13B
S214009840F2FFFFEA0E40A0E10400A0E13040BDE8D0
S2140098501EFF2FE10140DEE504005CE10050A0D3CE
S2140098600150A0C35D0054E301508503000055E39A
S214009870F0FFFF1A02E08EE20C3080E001C08CE2BE
S2140098800C0054E10120E3E5FBFFFFCA021081E271
S214009890E0FFFFEA00009FE51EFF2FE10000C07F0B
S2140098A00C002DE930402DE902E1E0E3825FA0E301
S2140098B00040E0E374D04DE284C08DE20C30A0E1BD
S2140098C080209DE508108DE518108DE508108DE2C6
S2140098D0B451CDE110E08DE51CE08DE5B641CDE15B
S2140098E004C08DE55D0A00EB0020A0E308309DE58E
S2140098F00020C3E574D08DE23040BDE808D08DE28C
S2140099001EFF2FE10E002DE982CFA0E30231E0E337
S2140099100010E0E304E02DE570D04DE278208DE203
S214009920B4C1CDE110308DE51C308DE5B611CDE12A
S21400993004208DE508008DE518008DE51EF6FFEB8A
S21400994074209DE504309DE508108DE2430A00EB87
S2140099500020A0E308309DE50020C3E570D08DE22E
S21400996004E09DE40CD08DE21EFF2FE110402DE9AF
S2140099700140A0E1FE10D1E19E1C00EB000050E388
S214009980503094A5BC30D4B1003083A0013AC3B3A4
S214009990503084A5BC30C4B11040BDE81EFF2FE196
S2140099A00000A0E31EFF2FE1F0412DE90140A0E1F9
S2140099B0FC10D1E1010C11E30260A0E10370A0E10C
S2140099C00050A0E10400000AFE10D4E10230A0E33B
S2140099D00020A0E3751C00EBFC10D4E1011AC1E3E3
S2140099E0BC10C4E10730A0E10620A0E1FE10D4E1DF
S2140099F00500A0E12F1800EBF041BDE81EFF2FE1A7
S214009A0010402DE90140A0E1FE10D1E1671C00EBFB
S214009A10BC30D4E1010070E3013AC303013A83137A
S214009A2050008415BC30C4E11040BDE81EFF2FE195
S214009A3010402DE9FE10D1E1561800EB1040BDE8AD
S214009A401EFF2FE101C020E003001CE32100001AE6
S214009A5003C010E20300C0E30310C1E3042090E457
S214009A60043091040600000A03C02CE2FF34E0E351
S214009A708CC1A0E133CCA0E1043091E40C2082E15B
S214009A800C3083E104402DE50140A0E3044484E16A
S214009A90044884E104C042E0030052E102C0CC0165
S214009AA084031C010420900404309104F8FFFF0A8C
S214009AB0020CA0E12224A0E1010050E3030C502197
S214009AC02334A001F9FFFF0AFF3003E2200C63E015
S214009AD004409DE41EFF2FE1030010E30600000A89
S214009AE00120D0E40130D1E4010052E3030052210A
S214009AF0F8FFFF0A030042E01EFF2FE130002DE9C9
S214009B000140A0E3044484E1044884E1042090E496
S214009B10035001E20310C1E3043091E4020055E370
S214009B201700000A2D00008AFF54C2E3230455E103
S214009B3004C042E002C0CCE10700001A84C31CE067
S214009B40043091040600001A025025E0030C55E18B
S214009B500800001A042090E4F2FFFFEA2334A0E194
S214009B60360000EAFFC4DCE33100001A0030D1E51D
S214009B70225CA0E1310000EA225CA0E1FF3003E2B3
S214009B802E0000EA0258A0E104C042E02558A0E1F9
S214009B9002C0CCE1230855E10E00001A84C31CE085
S214009BA0043091040400001A025025E0030855E131
S214009BB00600001A042090E4F1FFFFEA0CC8B0E1AA
S214009BC01B00001AB030D1E12258A0E11B0000EAC9
S214009BD00338A0E12258A0E12338A0E1170000EAEC
S214009BE0FF5002E2230C55E104C042E002C0CCE183
S214009BF00700001A84C31CE0043091040600001A13
S214009C00025025E0030455E10600001A042090E403
S214009C10F2FFFFEA233CA0E1080000EAFF0012E39F
S214009C200300000A043091E42254A0E1FF34C3E3A9
S214009C30020000EA0000A0E33000BDE81EFF2FE1AE
S214009C40FF2005E2FF0003E2010050E3020050217E
S214009C502554A0012334A001F8FFFF0A000042E0CB
S214009C603000BDE81EFF2FE1F04F2DE90350A0E1C4
S214009C700030A0E384D04DE20090A0E10500A0E112
S214009C800180A0E118208DE570308DE597F5FFEB9B
S214009C9000B0A0E1000090E582DAFFEB0010A0E340
S214009CA00020A0E30830A0E110108DE514208DE51B
S214009CB020008DE56C808DE50320A0E10140D3E413
S214009CC02D0054E304F19F97E70000EA649E00002D
S214009CD06CA000006CA000006CA000006CA000004F
S214009CE06CA000006CA000006CA000006CA000003F
S214009CF0B49F0000B49F0000B49F0000B49F000013
S214009D00B49F00006CA000006CA000006CA00000D7
S214009D106CA000006CA000006CA000006CA000000E
S214009D206CA000006CA000006CA000006CA00000FE
S214009D306CA000006CA000006CA000006CA00000EE
S214009D406CA000006CA000006CA00000B49F000097
S214009D506CA000006CA000006CA000006CA00000CE
S214009D606CA000006CA000006CA000006CA00000BE
S214009D706CA000006CA00000B49E00006CA0000068
S214009D80A89F00000020A0E320208DE5022088E2A6
S214009D906C208DE50240D8E5302044E2090052E30D
S214009DA06C808D850020A0832600008A300054E356
S214009DB00500001A6C209DE5012082E26C208DE5EE
S214009DC00040D2E5300054E3FAFFFF0A312044E2B7
S214009DD0080052E3C000008A6C209DE502E0A0E186
S214009DE0010082E26C008DE528208DE5302044E2FB
S214009DF00140DEE530E044E209005EE30800008A48
S214009E00010080E26C008DE5022182E0822084E081
S214009E100040D0E530E044E209005EE3302042E254
S214009E20F6FFFF9A28E09DE50E0040E0D4EF9FE5A0
S214009E300E0052E1080050D30E20A0C120009DE580
S214009E40000050E300206212000055E3A500001A4F
S214009E5024209DE5023093E19800001A00005CE3A0
S214009E60FC01000A18309DE5000053E30030A01303
S214009E7000A0A0E300B0A0E31C308D150400000A8B
S214009E8018309DE5008083E51C309DE5000053E317
S214009E900400001A0A00A0E10B10A0E184D08DE2B5
S214009EA0F04FBDE81EFF2FE102318BE203B0A0E1C8
S214009EB0F7FFFFEA0030A0E31C308DE501A082E248
S214009EC06CA08DE50140D2E5000054E3E4FFFF0AF4
S214009ED0300054E30030A01324308D156900000ACA
S214009EE0303044E2090053E36803008A0070A0E3C0
S214009EF00A00A0E10760A0E10750A0E1080055E3D2
S214009F00010080E2077187C0063186E06C008DE5AF
S214009F10833084E0874084C0307044C20040D0E57F
S214009F20306043D2303044E2090053E3015085E20A
S214009F30F1FFFF9A00109BE520209DE5871B00EBB4
S214009F40001050E21C00000A0030A0E305B0A0E1BB
S214009F500310A0E103C0A0E12020C4E3450052E3C3
S214009F605D00001A24009DE5032085E1002092E1B3
S214009F70BBFFFF0A6C809DE5012088E26C208DE522
S214009F800140D8E52B0054E37DFFFF0A2D0054E383
S214009F900020A0130120A00320208D1520208D0571
S214009FA079FFFF0A7BFFFFEA0130A0E31C308DE556
S214009FB0C1FFFFEA6C308DE53EFFFFEA6C309DE5A1
S214009FC020009DE5002083E06C208DE505B0A0E133
S214009FD00040D3E70130A0E1302044E2090052E31C
S214009FE07C00008A000052E3010083E20030A001FA
S214009FF00240A0E16C009D051700000A010050E336
S21400A000001081E0053083100100001AAA0400EA5F
S21400A0100C50A0E1080055E3060186E001C085E289
S21400A0208060A0D1020000DA10005CE3077187D0E0
S21400A0308770A0D103005CE1F4FFFF1A6C009DE579
S21400A040025085E208005CE3950300DA0030A0E3E6
S21400A050100055E3077187D0877082D0012080E218
S21400A0606C208DE50140D0E5DAFFFFEA0030A0E382
S21400A070300054E31C308DE50030A01302A0A0E1B0
S21400A08024308D1595FFFF1A0130DAE5580053E3AA
S21400A0901C02000A780053E31A02000A01A08AE2B2
S21400A0A06CA08DE50040DAE5300054E3FAFFFF0AC5
S21400A0B0000054E30130A01324308D1587FFFF1AEB
S21400A0C000A0A0E300B0A0E318309DE5000053E335
S21400A0D06CFFFF0A6C809DE568FFFFEA000055E311
S21400A0E00020A0E359FFFF0A00005BE305B0A001D3
S21400A0F0100055E30540A0B11040A0A30600A0E163
S21400A100018042E0D92100EB090054E310008DE500
S21400A11014108DE50F0000DA2C3D9FE5843183E0B6
S21400A120483043E20C0093E8102200EB10008DE567
S21400A13014108DE50700A0E1CC2100EB0020A0E183
S21400A1400130A0E110108DE2030091E8032100EB3E
S21400A15010008DE514108DE50F0055E31F0000CAB2
S21400A160000058E31800000A620300DA160058E3FD
S21400A1704F0300CAD01C9FE5881181E010308DE2A5
S21400A1800C0093E8030091E8F82100EB00A0A0E1A2
S21400A19001B0A0E1CBFFFFEA6C008DE2681C9FE5F2
S21400A1A0BC1900EB000050E32DFFFF0A6C309DE564
S21400A1B00030D3E5280053E3E303000A4C3C9FE558
S21400A1C014308DE50030A0E310308DE510B08DE240
S21400A1D0000C9BE8BBFFFFEA01C0A0E35DFFFFEABF
S21400A1E0044045E0084084E0000054E3730200DACF
S21400A1F00F3014E20700000A4C1C9FE5831181E033
S21400A200030091E810308DE20C0093E8D72100EBB4
S21400A21010008DE514108DE50F40D4E33701001AC9
S21400A2200030A0E324308DE50530A0E100608DE528
S21400A2300B20A0E10A10A0E10900A0E18FF8FFEBD7
S21400A240003050E244308DE5ED01000A0030A0E316
S21400A250030058E10020A0A3002068B238208DE556
S21400A260C82FC8E120308DE502A0A0E10340A0E1A0
S21400A270C10000EA031041E01F0051E30130A0D303
S21400A280012042E00110A0C30080A0D3808B9FC5B0
S21400A2901331A0D1038048C030308DD530108DC525
S21400A2A01188A0C1027086E0070056E10730A0A121
S21400A2B00630A0B1025085E024209DE5055082E0DE
S21400A2C0050053E10530A0A1000053E3037047C02A
S21400A2D0035045C0036046C038309DE5000053E398
S21400A2E01100000A0410A0E10320A0E10900A0E18B
S21400A2F059F9FFEB004050E2CB01000A70209DE5C3
S21400A3000410A0E10900A0E1DFF8FFEB003050E206
S21400A310C501000A70109DE50900A0E13C308DE5FE
S21400A32018F8FFEB3C309DE570308DE5000057E3F4
S21400A330060000DA0720A0E170109DE50900A0E104
S21400A34086F9FFEB000050E370008DE5F402000A8A
S21400A35000005AE30500000A0B10A0E10A20A0E165
S21400A3600900A0E13CF9FFEB00B050E2AE01000AA4
S21400A370000055E3050000DA0B10A0E10520A0E17F
S21400A3800900A0E175F9FFEB00B050E2A601000A53
S21400A390000056E3050000DA0410A0E10620A0E164
S21400A3A00900A0E16DF9FFEB004050E29E01000AB3
S21400A3B00B20A0E170109DE50900A0E1B9F9FFEBC4
S21400A3C0003050E220308DE59701000A0070A0E3CF
S21400A3D020309DE50C2093E50410A0E10C7083E589
S21400A3E03C208DE597F9FFEB070050E10A0300BA21
S21400A3F0CE02000A0410A0E120009DE5ACFAFFEBB7
S21400A4000020A0E30131A0E30050A0E10160A0E13C
S21400A410BC2200EB000050E30301000A3C309DE53F
S21400A420000053E31301000A0020A0E3E4399FE58F
S21400A43030208DE534308DE5D8399FE50750A0E112
S21400A44040308DE514709DE51C6A9FE5C8399FE590
S21400A450068007E0030058E14801000A24309DE525
S21400A460003093E20130A0136A0658E30030A08360
S21400A470000053E31E00000A40609DE50500A0E1D1
S21400A4800610A0E194299FE594399FE59D2200EBF4
S21400A490000050E31200000A0500A0E10610A0E14B
S21400A4A0CF2200EB005050E2C101000AEF2000EB83
S21400A4B00050A0E140108DE53C309DE5000053E3E0
S21400A4C0B601001A40309DE5023183E250508DE51A
S21400A4D054308DE550308DE20C0093E830208DE549
S21400A4E034308DE534309DE56B3683E2083043E04A
S21400A4F034308DE528108DE2030091E830708DE24F
S21400A500C00097E8D1F9FFEB0020A0E10130A0E100
S21400A5100600A0E10710A0E1142100EB28308DE230
S21400A5200C0093E80D2000EB0160A0E110008DE523
S21400A53014108DE530399FE524209DE5063003E0B4
S21400A540080053E1000052035201000A70109DE516
S21400A5500900A0E18BF7FFEB0B10A0E10900A0E1DA
S21400A56088F7FFEB0410A0E10900A0E185F7FFEBF8
S21400A57020109DE50900A0E182F7FFEB44509DE521
S21400A5800900A0E1041095E55BF7FFEB00B050E290
S21400A5902501000A10308DE20C0093E80260A0E16D
S21400A5A00370A0E1102095E5022082E20221A0E1DE
S21400A5B00C1085E20C008BE228608DE52C708DE592
S21400A5C05FF6FFEB78008DE274108DE204008DE5F7
S21400A5D00620A0E10730A0E100108DE50900A0E10B
S21400A5E0EFF9FFEB000050E370008DE54C02000A27
S21400A5F00110A0E30900A0E11AF8FFEB004050E2CA
S21400A6000901000A74309DE5000053E30A20A0B15A
S21400A61038209DA524109DE5036082A0035042B01B
S21400A62078209DE5013043E0023083E0F4179FE593
S21400A630013043E20A50A0A138609DB5010053E105
S21400A640362062E20AFFFFBA0130A0E30080A0E3F2
S21400A65030308DE512FFFFEA494044E2250054E31E
S21400A66004F19F97FEFDFFEADCA70000649E000051
S21400A670649E0000649E0000649E000098A1000096
S21400A680649E0000649E0000649E0000649E0000BD
S21400A690649E0000649E0000649E0000649E0000AD
S21400A6A0649E0000649E0000649E0000649E00009D
S21400A6B0649E0000649E0000649E0000649E00008D
S21400A6C0649E0000649E0000649E0000649E00007D
S21400A6D0649E0000649E0000649E0000649E00006D
S21400A6E0649E0000649E0000DCA70000649E0000DC
S21400A6F0649E0000649E0000649E000098A1000016
S21400A7004D0F54E3BE0000CA4442A0E1010054E3EA
S21400A7100030A0E3880200DA40279FE524608DE53C
S21400A7200270A0E10360A0E120208DE510108DE20C
S21400A730030091E8010014E3C440A0E10200000A0F
S21400A7400C0097E8892000EB0130A0E3010054E3F9
S21400A750016086E2087087E2F5FFFF1A000053E307
S21400A7600620A0E124609DE5D702001A14309DE57E
S21400A770353643E214308DE520309DE5821183E0C6
S21400A780030091E810308DE20C0093E8772000EB90
S21400A7900231C1E390269FE5233AA0E1033AA0E107
S21400A7A0020053E110008DE514108DE50120A0E1B4
S21400A7B09300008A74169FE5010053E14A02009A4E
S21400A7C0A0369FE514308DE50030A0E324308DE5FB
S21400A7D00030E0E310308DE592FEFFEA6C008DE27B
S21400A7E04C169FE52B1800EB000050E39CFDFF0A7B
S21400A7F06C309DE56C008DE2013043E234169FE537
S21400A8006C308DE5231800EB000050E36C309D059E
S21400A810013083026C308D054C369FE514308DE593
S21400A8200030A0E310308DE567FEFFEA0500A0E1EA
S21400A83024369FE50610A0E10020A0E34B2000EBA5
S21400A8403C309DE5000053E30050A0E140108DE54C
S21400A8502700001A023181E248008DE54C308DE574
S21400A86048308DE20C0093E814709DE530208DE5AD
S21400A87034308DE5F3FEFFEA10208DE2060092E804
S21400A880000051E3A400001AFF34C2E30F36C3E30E
S21400A890000053E30270A0E13000001A0020A0E39D
S21400A8A070359FE50500A0E10610A0E18F2100EBC2
S21400A8B0000050E30402001A0500A0E198359FE569
S21400A8C00610A0E10020A0E3282000EB0050A0E145
S21400A8D0023181E240108DE560008DE564308DE543
S21400A8E060308DE20C0093E830208DE534308DE545
S21400A8F0D4FEFFEA0020A0E140309DE548208DE52B
S21400A9004C308DE5D5FFFFEA1C209DE570308DE2CA
S21400A91008508DE504208DE500308DE518259FE56F
S21400A92074308DE26C108DE20900A0E1D81500EBC2
S21400A930075010E20040A0E1E0FDFF0A060055E3E4
S21400A940FB00001A0030A0E301A08AE26CA08DE5AF
S21400A95000B0A0E300A0A0E31C308DE5D9FDFFEA1F
S21400A9600020A0E3D4349FE530208DE534308DE51B
S21400A970A0349FE50050A0E340308DE5B1FEFFEA2D
S21400A980353647E214308DE510108DE2030091E86D
S21400A990AEF8FFEB0020A0E10130A0E130108DE220
S21400A9A0030091E8F11F00EB10308DE20C0093E8F5
S21400A9B0EA1E00EB88349FE5016006E0030056E1DE
S21400A9C028308DE20C0093E810008DE514108DE51C
S21400A9D00210A0E10320A0E158108DE55C208DE573
S21400A9E0CF00009A7C349FE5030052E10B00000A7A
S21400A9F070349FE514308DE50030E0E310308DE5CF
S21400AA00D1FEFFEA60349FE50020A0E314308DE518
S21400AA102230A0E310208DE5003089E5EAFDFFEA4C
S21400AA2058309DE5010073E3F0FFFF1A0B60A0E1CC
S21400AA300450A0E170009DE52C349FE50020A0E3C3
S21400AA4014308DE52230A0E310208DE5003089E536
S21400AA5010B08DE2000C9BE80010A0E10900A0E118
S21400AA6048F6FFEB0610A0E10900A0E145F6FFEB73
S21400AA700510A0E10900A0E142F6FFEB44109DE5B9
S21400AA800900A0E13FF6FFEB20109DE50900A0E1DC
S21400AA903CF6FFEB8BFDFFEA40709DE50500A0E16C
S21400AAA00710A0E1372100EB791F00EB0130A0E191
S21400AAB00020A0E10710A0E10500A0E1A61E00EB23
S21400AAC03C309DE5000053E30070A0E10180A0E16A
S21400AAD02300001A10309DE5000053E32000001A02
S21400AAE0FF64C6E30F66C6E3000056E31C00001AC8
S21400AAF0BE3F8FE20C0093E8FC2000EB000050E322
S21400AB0091FEFF0A0B60A0E10450A0E110B08DE2B8
S21400AB10000C9BE870009DE5CEFFFFEA10308DE24A
S21400AB200C0093E8010052E30370A0118BFFFF1A9C
S21400AB3010308DE20C0093E8000053E30370A0E1B0
S21400AB4086FFFF1A0B60A0E10450A0E12230A0E3CC
S21400AB5070009DE5003089E500A0A0E300B0A0E30A
S21400AB60BCFFFFEAA33F8FE20C0093E80700A0E1DA
S21400AB700810A0E1DD2000EB000050E3E0FFFF1A24
S21400AB800700A0E10810A0E1273E8FE20C0093E842
S21400AB90E82000EB000050E36BFEFF0AD8FFFFEA58
S21400ABA00520A0E140309DE550208DE554308DE530
S21400ABB047FEFFEA5C329FE540308DE53DFEFFEA4A
S21400ABC096FDFF0A004064E20F2014E20700000A28
S21400ABD074329FE5823183E010108DE2030091E825
S21400ABE00C0093E8052000EB10008DE514108DE5B1
S21400ABF04472B0E189FDFF0A1F0057E31E0000CA39
S21400AC00103017E224308DE56A01000A6A30A0E3AE
S21400AC10000057E324308DE5900100DA0030A0E311
S21400AC2010108DE2030091E818429FE5010017E33B
S21400AC300200000A0C0094E84C1F00EB0130A0E371
S21400AC40C770B0E1084084E2F7FFFF1A000053E344
S21400AC50A001001A24309DE5000053E37F01001A8E
S21400AC600020A0E30030A0E310108DE2030091E87E
S21400AC70982000EB000050E36AFDFF0A2230A0E3B4
S21400AC8000A0A0E300B0A0E3003089E50DFDFFEAD8
S21400AC9000109BE520209DE50A00A0E12F1800EBA0
S21400ACA000B050E20700000A00B0A0E30B70A0E17D
S21400ACB00B60A0E10B30A0E10B10A0E10B50A0E16F
S21400ACC00BC0A0E1A3FCFFEA6C309DE520109DE5DB
S21400ACD0012083E06C208DE50140D3E7300054E38B
S21400ACE00B30A0E10500001A012082E26C208DE501
S21400ACF00040D2E5300054E3013083E2F9FFFF0A5A
S21400AD00312044E2080052E35E00009A0070A0E39F
S21400AD100B10A0E10760A0E10B50A0E101C0A0E38A
S21400AD208CFCFFEA14309DE5356683E214608DE501
S21400AD30FFFDFFEA70209DE5000052E30500000AD3
S21400AD403510A0E378008DE295F8FFEB0900A0E14E
S21400AD5070109DE58BF5FFEB060055E305F19F9718
S21400AD600A0000EACCAD0000A4AD000074AE0000FE
S21400AD70DCAD000080AD0000A4AD0000CCAD00004E
S21400AD800231E0E314308DE50030E0E310308DE56D
S21400AD90080014E314309D150231831314308D150A
S21400ADA009FDFFEA74309DE578108DE2060091E813
S21400ADB0433E83E2033083E20126C2E3033A82E1A4
S21400ADC010108DE514308DE5F0FFFFEA0030A0E3AB
S21400ADD014308DE510308DE5ECFFFFEA88309FE5F6
S21400ADE014308DE50030A0E310308DE5E7FFFFEA74
S21400ADF09535A094FFFFCF3F9535A094FFFFDF3F2A
S21400AE0035E5AF350000E03F1F4E0000F43E010080
S21400AE100000F8FFE2FBFFFF0000F03F0000E07FCD
S21400AE200000C0FFFFFFDF4102FCFFFF0000A07C28
S21400AE300000907CE83E0100EC3E0100983E0100D8
S21400AE400000F0BFFFFF9F7CC03E0100803D010078
S21400AE50FFFF0F00000050390000E0BF0000E03F99
S21400AE60703E0100AC3E0100FFFFEF7F0000F07F68
S21400AE70FF07000078309DE510308DE57C309DE5BD
S21400AE8014308DE5C1FFFFEA0060A0E36C009DE58D
S21400AE900670A0E100A0A0E10150A0E3304044E22B
S21400AEA0011083E2066186E0866084E00030A0E35D
S21400AEB069FCFFEA253065E2030058E1C7FCFFCADB
S21400AEC07C401FE50F5065E2851184E0055048E0A0
S21400AED010308DE20C0093E8030091E8854184E091
S21400AEE0A21E00EB0C0094E8A01E00EB00A0A0E160
S21400AEF001B0A0E173FCFFEA160078E3B7FCFFBAE6
S21400AF00BC201FE5882142E010108DE2030091E886
S21400AF100C0092E8391F00EB00A0A0E101B0A0E110
S21400AF2068FCFFEA0B60A0E10450A0E1C1FEFFEA66
S21400AF303C309DE5000053E30B60A0E10870A0E103
S21400AF400450A0E130809DE528B08DE2000C9BE81F
S21400AF506C00000A0C311FE510208DE2060092E816
S21400AF600230D3E19F00000A000057E36100000AA8
S21400AF7014309DE5030017E10D00000A3C309DE506
S21400AF80000053E310108DE2030091E824209DE5B5
S21400AF907A00000A560100EB0020A0E10130A0E193
S21400AFA00A00A0E10B10A0E16C1D00EB00A0A0E1E0
S21400AFB001B0A0E124309DE5000053E31400000A30
S21400AFC074311FE55C308DE50030A0E358308DE528
S21400AFD00A00A0E10B10A0E158308DE20C0093E8C7
S21400AFE0621E00EB0030A0E10140A0E1000051E34A
S21400AFF000A0A0E101B0A0E110308DE514408DE581
S21400B0000300001A10309DE5000053E32230A00331
S21400B0100030890570009DE58EFEFFEA3C309DE518
S21400B020070053E10B60A0E10450A0E128B08DE2D8
S21400B030000C9BE8DEFFFF1A10208DE2060092E867
S21400B040070051E1DAFFFF1AFF34C2E30F36C3E30D
S21400B050070053E1D6FFFF1A0241C2E3244AA0E1EB
S21400B060044AA0E16B0654E3D1FFFF9A20209DE539
S21400B070143092E5070053E10200001A103092E502
S21400B080010053E3CAFFFFDA20109DE50120A0E38C
S21400B0900900A0E131F6FFEB0510A0E120008DE5E8
S21400B0A068F6FFEB000050E3C1FFFFDA24309DE5B1
S21400B0B0000053E34200000A6B0654E3400000CA57
S21400B0C0370654E3BDFFFFCA9FFEFFEA0020A0E359
S21400B0D080321FE560208DE564308DE588321FE5FF
S21400B0E03C509DE540308DE5FCFDFFEA353682E2BA
S21400B0F014308DE549FCFFEA10309DE5030018E1A9
S21400B100ABFFFF0A9CFFFFEA10208DE2060092E8E4
S21400B110FF34C2E30F36C3E3000053E391FFFF1A88
S21400B120000051E30240A0E18EFFFF1A0241C4E393
S21400B130244AA0E1044AA0E1DBFFFFEA0320A0E1E5
S21400B140E8321FE520308DE587FDFFEA6C008DE2D2
S21400B15078208DE2F8121FE5E91500EB050050E3B4
S21400B16015FCFF1A7C309DE57F3483E30F3683E3BE
S21400B17014308DE578309DE510308DE512FCFFEA41
S21400B180DB0000EB0020A0E10130A0E10A00A0E116
S21400B1900B10A0E1F01C00EB0020A0E30030A0E3C1
S21400B1A000A0A0E101B0A0E14A1F00EB000050E3C0
S21400B1B065FEFF1A7EFFFFEA000057E396FEFFCA11
S21400B1C0A6FEFFEA014644E2243AE0E1033AE0E163
S21400B1D014308DE50030E0E310308DE510B08DE2E0
S21400B1E0000C9BE872FFFFEA24309DE5000053E365
S21400B1F010109DE51700000A94331FE5023003E0A7
S21400B2006A0653E31300008A0000E0E3233AA0E155
S21400B2106B3063E21033A0E1010053E151FFFF1AE7
S21400B220C0131FE5010052E1010073030130A003C3
S21400B2300030A013FEFDFF0AD4131FE5021001E044
S21400B240012681E214208DE510308DE510B08DE2E8
S21400B250000C9BE856FFFFEA0030E0E3EDFFFFEA54
S21400B260F8331FE510208DE2060092E8223A03E04C
S21400B2706B3063E2000053E378FEFFDA1F0053E30F
S21400B280080000DA0010A0E3340053E310108DE548
S21400B2900010E0D33736A0C3203043D2113302D09B
S21400B2A014308DE56DFEFFEA0020E0E310109DE50A
S21400B2B0123301E010308DE568FEFFEA05C0A0E11C
S21400B2C06C009DE5015085E25DFBFFEA10008DE510
S21400B2D014108DE524FDFFEA10008DE514108DE5B1
S21400B2E05BFEFFEA70402DE90040A0E10150A0E1BE
S21400B2F00260A0E1B0EFFFEB343090E518C09FE5A8
S21400B300000053E30620A0E10510A0E10400A0E140
S21400B3100C30A0017040BDE852FAFFEA0846010072
S21400B32070402DE90150A0E10260A0E10040A0E1DC
S21400B330A1EFFFEB0630A0E10520A0E10410A0E19C
S21400B3407040BDE847FAFFEA70402DE90160A0E1D1
S21400B3500050A0E198EFFFEB0040A0E196EFFFEB76
S21400B360343090E518C09FE5000053E30620A0E1C6
S21400B3700510A0E10400A0E10C30A0017040BDE87B
S21400B38038FAFFEA0846010070402DE90150A0E1B6
S21400B3900040A0E10260A0E187EFFFEB0520A0E1FE
S21400B3A00630A0E10410A0E12EFAFFEB0020A0E199
S21400B3B00130A0E10040A0E10150A0E1E31E00EB57
S21400B3C0000050E30400001A0400A0E10510A0E10C
S21400B3D0181F00EB7040BDE81EFF2FE10000A0E341
S21400B3E02BF9FFEBFAFFFFEAF0412DE90160A0E13F
S21400B3F00050A0E170EFFFEB0040A0E16EEFFFEB26
S21400B400343090E5DCC09FE5000053E30C30A0012B
S21400B4100620A0E10400A0E10510A0E111FAFFEB70
S21400B4200170A0E10060A0E1021F00EB0010A0E3A5
S21400B4300050A0E14E1F00EB000050E30040A001CA
S21400B4400030A0E30020A0E30600A0E10710A0E182
S21400B4500140A0139F1E00EB000050E30130A0E364
S21400B4600030A013034004E0010014E31700001AA4
S21400B47074109FE50500A0E1551F00EB000050E3A7
S21400B4800600000A0020E0E360309FE50600A0E129
S21400B4900710A0E1A71E00EB000050E30B00000A17
S21400B4A00215E0E30500A0E1371F00EB000050E3C3
S21400B4B00900000A0600A0E10710A0E10020E0E372
S21400B4C00136E0E3891E00EB000050E30200001A9C
S21400B4D039EFFFEB2230A0E3003080E50500A0E165
S21400B4E0F041BDE81EFF2FE108460100FFFF7F7F09
S21400B4F0FFFFEF7FF0412DE90280A0E10170A0E19F
S21400B500D2F5FFEB000058E30040A0E10150A0E1B7
S21400B5100D00000A40309FE5273A03E06B3063E2F7
S21400B520000053E3080000DA0040A0E3033AA0E17D
S21400B530FF3583E2035683E20420A0E10530A0E154
S21400B5400A1D00EB0040A0E10150A0E10400A0E1CC
S21400B5500510A0E1F041BDE81EFF2FE1FF07000047
S21400B560F04F2DE90CD04DE200108DE504008DE57E
S21400B5700280A0E10360A0E10150A0E130A09DE5BB
S21400B580000000EA0750A0E10570A0E10A00A0E173
S21400B5900140D7E445EFFFEB040080E00130D0E542
S21400B5A0080013E3F6FFFF1A2D0054E34300000AD9
S21400B5B02B0054E36600000A1090D6E30750A0E183
S21400B5C006B0A0110090A0130271E0135300000A09
S21400B5D00B10A0E10700A0E1821B00EB0700A0E132
S21400B5E001A0A0E10B10A0E1411B00EB0030A0E39E
S21400B5F00010E0E30320A0E101C0A0E3090000EA98
S21400B600024040E0003074E20430A3E00E005AE14D
S21400B6100030A0A3000053E31400001A0C30A0E191
S21400B6209BE222E00140D5E430E044E209005EE31C
S21400B6300700009A41E044E219005EE337E04492D6
S21400B6400300009A61E044E219005EE30900008A04
S21400B65057E044E206005EE1060000AA020050E160
S21400B6600040A0230140A033A33F94E1E3FFFF0A7C
S21400B6700130A0E1EAFFFFEA010073E32000000AC0
S21400B680000059E300206212000058E30300000A9D
S21400B690000053E300909D050400001A009088E522
S21400B6A00200A0E10CD08DE2F04FBDE81EFF2FE1B6
S21400B6B00270A0E1019045E20720A0E1F6FFFFEA54
S21400B6C0013076E20030A0331020D6E3025085E247
S21400B6D00040D7E50190A0032400001A300054E390
S21400B6E01200000A000053E31E00000A0A60A0E3EE
S21400B6F006B0A0E1000059E30271A0130271E00356
S21400B700B2FFFFEA2230A0E304209DE5000058E3E4
S21400B710003082E50720A001E5FFFF1ADFFFFFEA01
S21400B720013076E20030A033300054E3ECFFFF1A1D
S21400B7300020D5E5DF2002E2580052E30700001A99
S21400B7401060A0E30140D5E506B0A0E1025085E216
S21400B750E7FFFFEA0040D7E5027085E295FFFFEAC3
S21400B760000053E30860A01306B0A0E1E0FFFFEA84
S21400B77006B0A0E10190A0E30271A0E393FFFFEA08
S21400B780F0402DE90CD04DE20370A0E10040A0E1AE
S21400B7900150A0E10260A0E187EEFFEB34C090E527
S21400B7A028309FE500005CE303C0A0010620A0E16E
S21400B7B00730A0E10510A0E10400A0E100C08DE57F
S21400B7C066FFFFEB0CD08DE2F040BDE81EFF2FE1D8
S21400B7D008460100F0402DE90150A0E10260A0E11A
S21400B7E00370A0E10040A0E10CD04DE272EEFFEB4A
S21400B7F000708DE50630A0E10520A0E10410A0E170
S21400B80056FFFFEB0CD08DE2F040BDE81EFF2FE1A7
S21400B810F0402DE90CD04DE20160A0E10270A0E1FD
S21400B8200050A0E164EEFFEB0040A0E162EEFFEB0B
S21400B83034C090E528309FE500005CE303C0A0011B
S21400B8400620A0E10730A0E10510A0E10400A0E179
S21400B85000C08DE541FFFFEB0CD08DE2F040BDE867
S21400B8601EFF2FE108460100F04F2DE91CD04DE2E7
S21400B87010108DE514008DE500208DE50360A0E135
S21400B8800150A0E140809DE5000000EA0750A0E1DD
S21400B8900570A0E10800A0E10140D7E483EEFFEBCD
S21400B8A0040080E00130D0E5080013E3F6FFFF1A3D
S21400B8B02D0054E36300000A2B0054E38F00000AB7
S21400B8C01030D6E30750A0E104308DE57D00000A75
S21400B8D00030A0E306A0A0E104308DE5C6BFA0E1DD
S21400B8E00030E0E308308DE50231E0E30C308DE512
S21400B8F00C809DE508909DE50810A0E10A20A0E1D7
S21400B9000B30A0E10900A0E1371E00EB0B30A0E1F0
S21400B9100810A0E10270A0E10900A0E10A20A0E161
S21400B920311E00EB0080A0E30020A0E30030A0E37F
S21400B93000C0E0E301E0A0E3110000EA030051E1EB
S21400B940020050010180A0030080A013040057E10C
S21400B9500080A0A3018008B2000058E31C00001A73
S21400B960920B08E09A8329E00930A0E1928A89E0E8
S21400B970042098E00E80A0E1099083E0C43FA9E08F
S21400B9800140D5E4309044E2090059E30940A09113
S21400B9900700009A419044E2190059E33740449268
S21400B9A00300009A619044E2190059E30A00008AF5
S21400B9B0574044E2060054E1070000AA030051E1A4
S21400B9C0020050010190A0330090A023A88F99E1B7
S21400B9D0D9FFFF0A0C80A0E1E8FFFFEA010078E348
S21400B9E02F00000A04109DE5000051E30C00001A29
S21400B9F000109DE5000051E30400000A000058E333
S21400BA0010509D050900001A00109DE5005081E5C4
S21400BA100200A0E10310A0E11CD08DE2F04FBDE8CB
S21400BA201EFF2FE1002072E20030E3E2EFFFFFEAA4
S21400BA3008208DE50C308DE508209DE5015045E297
S21400BA400C309DE5EFFFFFEA013076E20030A033D0
S21400BA501020D6E30120A003025085E20040D7E57F
S21400BA6004208D053000001A300054E31900000A47
S21400BA70000053E32900000A0AA0A0E300B0A0E3F8
S21400BA800A60A0E304309DE5000053E393FFFF0A3D
S21400BA900030A0E308308DE50231A0E30C308DE5E0
S21400BAA092FFFFEA2230A0E300209DE5000052E36B
S21400BAB014209DE5003082E5DEFFFF1A08208DE2A7
S21400BAC00C0092E8D1FFFFEA013076E20030A033A6
S21400BAD0300054E3E5FFFF1A0020D5E5DF2002E240
S21400BAE0580052E30800001A0140D5E510A0A0E374
S21400BAF000B0A0E3025085E21060A0E3E0FFFFEA9A
S21400BB000040D7E5027085E26CFFFFEA000053E3D1
S21400BB1008A0A01300B0A0130860A013D8FFFF1A57
S21400BB2006A0A0E1C6BFA0E1D5FFFFEA0110A0E392
S21400BB300020A0E30231A0E306A0A0E1C6BFA0E17A
S21400BB400E008DE969FFFFEAF0402DE90CD04DE2CA
S21400BB500370A0E10040A0E10150A0E10260A0E176
S21400BB6095EDFFEB34C090E528309FE500005CE3E0
S21400BB7003C0A0010620A0E10730A0E10510A0E167
S21400BB800400A0E100C08DE536FFFFEB0CD08DE28F
S21400BB90F040BDE81EFF2FE108460100F0402DE909
S21400BBA00150A0E10260A0E10370A0E10040A0E126
S21400BBB00CD04DE280EDFFEB00708DE50630A0E185
S21400BBC00520A0E10410A0E126FFFFEB0CD08DE2DB
S21400BBD0F040BDE81EFF2FE1F0402DE90CD04DE20D
S21400BBE00160A0E10270A0E10050A0E172EDFFEB61
S21400BBF00040A0E170EDFFEB34C090E528309FE5F3
S21400BC0000005CE303C0A0010620A0E10730A0E12D
S21400BC100510A0E10400A0E100C08DE511FFFFEBD8
S21400BC200CD08DE2F040BDE81EFF2FE10846010073
S21400BC30F04F2DE90CD04DE20180A0E104008DE527
S21400BC400270A0E10360A0E101B0A0E130A09DE594
S21400BC50000000EA05B0A0E10B50A0E10A00A0E158
S21400BC600140D5E491EDFFEB040080E00130D0E523
S21400BC70083013E2F6FFFF1A2D0054E35500000AC1
S21400BC802B0054E30390A0010390A0110040D505BB
S21400BC9002508B021030D6E30E00001A300054E338
S21400BCA05000000A000056E30A00001A0A60A0E3EB
S21400BCB00510A0E306C0A0E154A19FE50D0000EA30
S21400BCC0000056E30860A0030710A00306C0A0010A
S21400BCD00EA2E0030700000A0610A0E10000E0E361
S21400BCE0831900EB0610A0E100A0A0E10000E0E34D
S21400BCF0BC1900EB06C0A0E10030A0E30020E0E3A2
S21400BD000300A0E101E0A0E304B0A0E1090000EA1E
S21400BD100AB040E000307BE20B30A3E0010054E1C3
S21400BD200030A0D3000053E31400001A0E30A0E148
S21400BD309C4020E001B0D5E430404BE2090054E3DB
S21400BD400700009A41404BE2190054E337404B92FB
S21400BD500300009A61404BE2190054E30900008A90
S21400BD6057404BE2040056E1060000DA0A0050E1B4
S21400BD7000B0A09301B0A083A33F9BE1E3FFFF0ABE
S21400BD800230A0E1EAFFFFEA000053E3090000BA30
S21400BD90000059E300006012000057E30200000AAA
S21400BDA0000053E30900001A008087E50CD08DE2FE
S21400BDB0F04FBDE81EFF2FE12230A0E304209DE5F2
S21400BDC0000057E30000E0E3003082E5F6FFFF0ADC
S21400BDD0018045E2F3FFFFEA0040D5E50190A0E3CD
S21400BDE002508BE2AAFFFFEA0030D5E5DF3003E21F
S21400BDF0580053E3B1FFFF1A1060A0E30140D5E5F9
S21400BE0006C0A0E1025085E20F10A0E30FA2E0E317
S21400BE10B8FFFFEA99999919F0402DE90CD04DE248
S21400BE200370A0E10040A0E10150A0E10260A0E1A3
S21400BE30E1ECFFEB34C090E528309FE500005CE3C2
S21400BE4003C0A0010620A0E10730A0E10510A0E194
S21400BE500400A0E100C08DE574FFFFEB0CD08DE27E
S21400BE60F040BDE81EFF2FE108460100F0402DE936
S21400BE700150A0E10260A0E10370A0E10040A0E153
S21400BE800CD04DE2CCECFFEB00708DE50630A0E167
S21400BE900520A0E10410A0E164FFFFEB0CD08DE2CA
S21400BEA0F040BDE81EFF2FE1F0402DE90CD04DE23A
S21400BEB00160A0E10270A0E10050A0E1BEECFFEB43
S21400BEC00040A0E1BCECFFEB34C090E528309FE5D5
S21400BED000005CE303C0A0010620A0E10730A0E15B
S21400BEE00510A0E10400A0E100C08DE54FFFFFEBC8
S21400BEF00CD08DE2F040BDE81EFF2FE108460100A1
S21400BF00F04F2DE914D04DE208108DE50C008DE5BC
S21400BF1000208DE503A0A0E10170A0E138609DE55A
S21400BF20000000EA0570A0E10750A0E10600A0E1CD
S21400BF300140D5E4DDECFFEB040080E00130D0E505
S21400BF40083013E2F6FFFF1A2D0054E36B00000AD8
S21400BF502B0054E304308D0504308D150040D505C4
S21400BF60025087021030DAE30A00001A300054E369
S21400BF706700000A00005AE30600001A05E0A0E386
S21400BF807A7F8FE2C00097E80A80A0E30090A0E3E3
S21400BF900AA0A0E30E0000EACA9FA0E10A20A0E1E2
S21400BFA00930A0E10000E0E30010E0E38E1C00EBA7
S21400BFB00A20A0E10060A0E10170A0E10930A0E144
S21400BFC00000E0E30010E0E3871C00EB0A80A0E13D
S21400BFD002E0A0E10030A0E30000A0E30010A0E330
S21400BFE000C0E0E301B0A0E3110000EA070051E161
S21400BFF0060050010130A0030030A0130E0054E1EB
S21400C0000030A0D3013003C2000053E31C00001A26
S21400C010900903E0983122E00210A0E1902883E026
S21400C020033081E0040092E0C41FA3E00B30A0E1DF
S21400C0300140D5E4302044E2090052E30240A091DA
S21400C0400700009A412044E2190052E33740449228
S21400C0500300009A612044E2190052E30A00008AB5
S21400C060574044E204005AE1070000DA070051E1B5
S21400C070060050010120A0830020A093A33F92E178
S21400C080D9FFFF0A0C30A0E1E8FFFFEA000053E307
S21400C090100000BA04209DE5000052E30A00001AD2
S21400C0A000209DE5000052E30400000A000053E370
S21400C0B008509D050F00001A00309DE5005083E5EE
S21400C0C014D08DE2F04FBDE81EFF2FE1000070E2B5
S21400C0D00010E1E2F1FFFFEA2230A0E300209DE538
S21400C0E0000052E30C209DE50000E0E30010E0E3D2
S21400C0F0003082E5F1FFFF0A015045E2EDFFFFEA5E
S21400C1000130A0E30040D5E504308DE5025087E21B
S21400C11093FFFFEA0030D5E5DF3003E2580053E333
S21400C1200800001A0140D5E50FE0A0E3025085E2C2
S21400C1300060E0E30F72E0E31080A0E30090A0E36D
S21400C14010A0A0E3A2FFFFEA00005AE391FFFF1A47
S21400C15007E0A0E30060E0E30E72E0E30880A0E3FF
S21400C1600090A0E308A0A0E399FFFFEA0000A0E18A
S21400C1709999999999999919F0402DE90CD04DE221
S21400C1800370A0E10040A0E10150A0E10260A0E140
S21400C19009ECFFEB34C090E528309FE500005CE337
S21400C1A003C0A0010620A0E10730A0E10510A0E131
S21400C1B00400A0E100C08DE550FFFFEB0CD08DE23F
S21400C1C0F040BDE81EFF2FE108460100F0402DE9D3
S21400C1D00150A0E10260A0E10370A0E10040A0E1F0
S21400C1E00CD04DE2F4EBFFEB00708DE50630A0E1DD
S21400C1F00520A0E10410A0E140FFFFEB0CD08DE28B
S21400C200F040BDE81EFF2FE1F0402DE90CD04DE2D6
S21400C2100160A0E10270A0E10050A0E1E6EBFFEBB8
S21400C2200040A0E1E4EBFFEB34C090E528309FE54A
S21400C23000005CE303C0A0010620A0E10730A0E1F7
S21400C2400510A0E10400A0E100C08DE52BFFFFEB88
S21400C2500CD08DE2F040BDE81EFF2FE1084601003D
S21400C260F04F2DE943DF4DE20140A0E128108DE5B7
S21400C2700290A0E138308DE52C008DE51DECFFEB3B
S21400C280003090E50300A0E168308DE505D1FFEBB6
S21400C290BC30D4E1800013E360008DE50200000AA4
S21400C2A0103094E5000053E3C906000A0030A0E30E
S21400C2B0C8A08DE250308DE54C308DE554308DE5CC
S21400C2C064308DE56C308DE520308DE558308DE599
S21400C2D05C308DE59C308DE598308DE57C3F9FE5A4
S21400C2E094A08DE5108083E20030D9E5000053E38A
S21400C2F0250053130940A0E11300000A0130F4E5BD
S21400C300000053E325005313FBFFFF1A095054E0C7
S21400C3100D00000A98309DE59C209DE5013083E2E3
S21400C320070053E3052082E000908AE504508AE582
S21400C33098308DE59C208DE508A08AD27F0000CA43
S21400C34020309DE5053083E020308DE50030D4E5D3
S21400C350000053E38100000A0020A0E30030E0E381
S21400C3607720CDE50360A0E124308DE50200A0E152
S21400C3700230A0E134208DE502B0A0E10250A0E139
S21400C380019084E20120D4E501C0A0E32BE0A0E305
S21400C3902040A0E3019089E2201042E2580051E3D9
S21400C3A001F19F974B0200EAC4CC0000D8CC0000F5
S21400C3B0D8CC0000B8CC0000D8CC0000D8CC000008
S21400C3C0D8CC0000D8CC0000D8CC0000D8CC0000D8
S21400C3D00CC500009CCC0000D8CC000034C5000082
S21400C3E014C80000D8CC00005CC8000030CC0000A8
S21400C3F030CC000030CC000030CC000030CC000048
S21400C40030CC000030CC000030CC000030CC000037
S21400C410D8CC0000D8CC0000D8CC0000D8CC000087
S21400C420D8CC0000D8CC0000D8CC0000D8CC000077
S21400C430D8CC0000D8CC0000BCCA00001CCB000042
S21400C440D8CC00001CCB0000D8CC0000D8CC000014
S21400C450D8CC0000D8CC0000F4CB0000D8CC00002C
S21400C460D8CC000000CC0000D8CC0000D8CC00000F
S21400C470D8CC0000D8CC0000D8CC000068C800009B
S21400C480D8CC0000D8CC000098C80000D8CC00005B
S21400C490D8CC0000D8CC0000D8CC0000D8CC000007
S21400C4A0D8CC0000D8CC0000D8CC0000D8CC0000F7
S21400C4B0D8CC000010C9000058C900001CCB0000F2
S21400C4C01CCB00001CCB00001CCA000058C9000092
S21400C4D0D8CC0000D8CC000028CA0000D8CC000079
S21400C4E044CA000068C7000080CA0000ACCC000048
S21400C4F0D8CC00009CC70000D8CC0000A0C5000027
S21400C500D8CC0000D8CC000058CC000038209DE5E0
S21400C510001092E5042082E2000051E334108DE51D
S21400C52038208DE5030000AA34209DE5002062E255
S21400C53034208DE504B08BE30020D9E594FFFFEAB4
S21400C54094208DE228109DE52C009DE5471200EB17
S21400C550000050E30700001AC8A08DE277FFFFEA4C
S21400C5609C309DE5000053E32C009D1594208D1211
S21400C57028109D153D12001B28309DE5BC30D3E1E8
S21400C580400013E320309DE50030E01320308DE5B9
S21400C59020009DE543DF8DE2F04FBDE81EFF2FE152
S21400C5A020001BE344208DE5B200001A38209DE5EC
S21400C5B010001BE30230A0E11904001A40001BE340
S21400C5C01704000A0130A0E30070A0E3B060D2E1D7
S21400C5D0042082E238208DE50020A0E330208DE59F
S21400C5E07720CDE524209DE5010072E3F200000AE5
S21400C5F0075086E1000055E3000052038020CBE39D
S21400C6000150A0130050A00318208DE56303001A04
S21400C610000053E3D502001A01501BE2D302000AC1
S21400C6203030A0E3422F8DE2413062E540208DE5B8
S21400C63024309DE5050053E10530A0B11C308DE5A2
S21400C6400030A0E348308DE530309DE5000053E330
S21400C6500200000A1C309DE5013083E21C308DE5A7
S21400C66018309DE5027013E21C309D1502308312CF
S21400C6701C308D1518309DE5843013E23C308DE576
S21400C680B001001A34309DE51C209DE5026043E0B1
S21400C690000056E3AB0100DA100056E34F0600DA5E
S21400C6A098208DE2140092E80A30A0E10410A0E180
S21400C6B006A0A0E110B0A0E30560A0E12C409DE537
S21400C6C028509DE5020000EA10A04AE210005AE356
S21400C6D0140000DA012082E2800B9FE5070052E397
S21400C6E0101081E2010883E898208DE59C108DE506
S21400C6F0083083D2F3FFFFDA94208DE20510A0E124
S21400C7000400A0E1D91100EB000050E399FFFF1AE6
S21400C71010A04AE210005AE3C8308DE29C109DE556
S21400C72098209DE5EAFFFFCA0650A0E10140A0E17F
S21400C7300A60A0E103A0A0E1012082E21C3B9FE585
S21400C740044086E0070052E398208DE59C408DE586
S21400C75048008AE8720100CA7730DDE508A08AE260
S21400C76030308DE5780100EA20501BE244208DE54C
S21400C7702601001A10301BE238209DE5AE03001A91
S21400C78040501BE2AC03000AB060D2E1042082E213
S21400C79038208DE50070A0E38EFFFFEA0050A0E38E
S21400C7A038309DE544208DE5002093E5050052E1F4
S21400C7B0044083E240208DE57750CDE524309DE5AA
S21400C7C03006000A010073E3F105000A0320A0E129
S21400C7D00510A0E140009DE595EDFFEB000050E35D
S21400C7E04506000A0530A0E140209DE524508DE571
S21400C7F048308DE5025040E07730DDE5C52FC5E1D5
S21400C80038408DE518B08DE51C208DE530308DE57F
S21400C8108CFFFFEA0020D9E52A0052E3011089E2E6
S21400C8208206000A307042E2090057E30190A0E158
S21400C83024508D85D7FEFF8A0510A0E10120D9E49B
S21400C840011181E0811087E0307042E2090057E371
S21400C850F9FFFF9A24108DE5CEFEFFEA80B08BE349
S21400C8600020D9E5CAFEFFEA10B08BE320001BE3E8
S21400C87044208DE54CFFFF0A38309DE5074083E2F3
S21400C8800730C4E3082083E2C00093E838208DE533
S21400C8900130A0E34FFFFFEA000053E3C0399FE5F5
S21400C8A07700CD1520001BE364308DE544208DE530
S21400C8B038309DE5EF00001A10001BE3DB04001A79
S21400C8C040001BE30070A0130070A003B060D311FB
S21400C8D000609305043083120430830238308D15CF
S21400C8E038308D0501001BE3E900000A073096E1A9
S21400C8F0E700000A3030A0E34420DDE57830CDE5DF
S21400C9007920CDE502B08BE30230A0E331FFFFEAE9
S21400C9100030A0E344208DE50120A0E338009DE52B
S21400C9200250A0E11C208DE530308DE5002090E51A
S21400C9307730CDE524308DE548308DE5043080E253
S21400C94038308DE5A0308DE218B08DE5A020CDE51D
S21400C95040308DE541FFFFEA000053E37700CD1538
S21400C96020001BE344208DE55900001A10001BE34D
S21400C970AB04001A40001BE3E203000A38309DE5D2
S21400C980F060D3E1043083E2C67FA0E138308DE565
S21400C9900620A0E10730A0E1000052E30030D3E219
S21400C9A0560000BA24209DE57730DDE5010072E3ED
S21400C9B030308DE50130A0E30CFFFF1A010053E391
S21400C9C07902000A020053E3C8108D12CF01001A44
S21400C9D0C8308DE20320A0E164C09DE52632A0E1C8
S21400C9E0073E83E12702A0E10F1006E20070A0E1F7
S21400C9F00360A0E10130DCE7071096E1013062E554
S21400CA00F5FFFF1A0230A0E140208DE5C8208DE238
S21400CA1018B08DE5035042E004FFFFEA40B08BE318
S21400CA200020D9E55AFEFFEA0020D9E56C0052E363
S21400CA300120D90520B08B030190890210B08B131A
S21400CA4053FEFFEA000053E37700CD1520001BE3FA
S21400CA50AF04001A10001BE36A04001A40001BE330
S21400CA606804000A38209DE5003092E5042082E242
S21400CA7038208DE5B022DDE1B020C3E119FEFFEAE3
S21400CA807830A0E33020A0E338109DE57930CDE57E
S21400CA9044308DE5043081E238308DE5C4379FE5BB
S21400CAA0006091E564308DE502B08BE37820CDE53B
S21400CAB00070A0E30230A0E3C6FEFFEA000053E3E6
S21400CAC010B08BE37700CD1520001BE344208DE5E6
S21400CAD0A5FFFF0A38309DE5074083E20740C4E320
S21400CAE00C0094E8000052E3081084E20370A0E112
S21400CAF00030D3E238108DE50260A0E1A8FFFFAA5F
S21400CB002D30A0E3006076E27730CDE530308DE55D
S21400CB100070E7E20130A0E3B1FEFFEA000053E355
S21400CB2038309DE57700CD1508001BE344208DE5E1
S21400CB30074083E22B04000A0730C4E3082083E2A0
S21400CB4038208DE5002093E5043093E550208DE5F0
S21400CB5054308DE554309DE550509DE50241C3E3C9
S21400CB600500A0E10410A0E10020E0E3F8369FE510
S21400CB70F61800EB000050E36A03001A0500A0E177
S21400CB800410A0E10020E0E3DC369FE5DD1800EBB2
S21400CB90000050E36303001A50008DE20F0090E897
S21400CBA0D21800EB000050E34205001A7730DDE5AE
S21400CBB030308DE50330A0E30350A0E11C308DE556
S21400CBC00030A0E30310A0E148108DE544109DE579
S21400CBD024308DE594369FE5470051E390269FE587
S21400CBE00320A0D18000CBE318008DE540208DE522
S21400CBF094FEFFEA08B08BE30020D9E5E4FDFFEAE7
S21400CC0010B08BE320501BE244208DE5D8FEFF0ACF
S21400CC1038309DE5074083E20730C4E3082083E20E
S21400CC20C00093E838208DE50030A0E369FEFFEAF7
S21400CC300010A0E3307042E20120D9E4011181E047
S21400CC40811087E0307042E2090057E3F9FFFF9A4F
S21400CC5034108DE5CFFDFFEA000053E304369FE570
S21400CC607700CD1520001BE364308DE544208DE56C
S21400CC7038309DE50FFFFF0A074083E20730C4E324
S21400CC80082083E201001BE338208DE5C00093E80E
S21400CC9015FFFF1A0230A0E34EFEFFEA0020D9E59A
S21400CCA00C30A0E10E00A0E1B9FDFFEA20B08BE356
S21400CCB00020D9E5B6FDFFEA01B08BE30020D9E5F8
S21400CCC0B3FDFFEA000050E30020D9E50C30A001D8
S21400CCD00400A001AEFDFFEA44208DE544109DE56A
S21400CCE0000053E37700CD15000051E31BFEFF0A5A
S21400CCF00030A0E30120A0E330308DE57730CDE5AD
S21400CD0024308DE548308DE5A0308DE20250A0E15C
S21400CD101C208DE5A010CDE518B08DE540308DE5E2
S21400CD204EFEFFEA94208DE228109DE52C009DE53E
S21400CD304E1000EB000050E30EFEFF1A7730DDE5E4
S21400CD4030308DE5C8A08DE29C409DE530309DE5F5
S21400CD50000053E30B00000A0120A0E398309DE595
S21400CD60023083E0070053E3024084E098308DE50C
S21400CD7077308DE204208AE500308AE59C408DE518
S21400CD8008A08AD2920100CA000057E30B00000AEE
S21400CD900220A0E398309DE5013083E2070053E3CC
S21400CDA0024084E098308DE578308DE204208AE5F4
S21400CDB000308AE59C408DE508A08AD28D0100CA25
S21400CDC03C309DE5800053E3EB00000A24309DE5EF
S21400CDD0056043E0000056E3320000DA100056E338
S21400CDE098309DD51E0000DA0420A0E128408DE290
S21400CDF01070A0E398309DE5100894E8020000EA61
S21400CE00106046E2100056E3140000DA013083E2B8
S21400CE10070053E3102082E200808AE504708AE56A
S21400CE2098308DE59C208DE508A08AD2F3FFFFDAC6
S21400CE3094208DE20410A0E10B00A0E10B1000EBA3
S21400CE40000050E3CBFDFF1A106046E2100056E3E8
S21400CE50C8A08DE29C209DE598309DE5EAFFFFCABC
S21400CE600240A0E1013083E2070053E3064084E07D
S21400CE7000808AE504608AE598308DE59C408DE563
S21400CE8008A08AD2070000DA94208DE228109DE5DB
S21400CE902C009DE5F50F00EB000050E3B5FDFF1AF2
S21400CEA09C409DE5C8A08DE218309DE5010C13E37B
S21400CEB04D00001A98309DE540209DE5013083E244
S21400CEC0054084E0070053E39C408DE524008AE893
S21400CED098308DE5590100CA08A08AE218309DE511
S21400CEE0040013E33300000A34309DE51C209DE562
S21400CEF0025043E0000055E32E0000DA100055E330
S21400CF0098309DD51C0000DA1060A0E398309DE5AF
S21400CF102C709DE528B09DE5020000EA105045E221
S21400CF20100055E3140000DA013083E22C239FE55D
S21400CF30070053E3104084E244008AE898308DE509
S21400CF409C408DE508A08AD2F3FFFFDA94208DE29C
S21400CF500B10A0E10700A0E1C40F00EB000050E3B7
S21400CF6084FDFF1A105045E298308DE2100055E31C
S21400CF70C8A08DE2180093E8EAFFFFCA013083E2FA
S21400CF80070053E398308DE5D0329FE5054084E0F6
S21400CF909C408DE528008AE8060000DA94208DE2A1
S21400CFA028109DE52C009DE5B00F00EB000050E337
S21400CFB070FDFF1A9C409DE520309DE534209DE5E0
S21400CFC01C109DE5010052E1023083A0013083B0C1
S21400CFD0000054E320308DE5E900001A0030A0E39D
S21400CFE0C8A08DE298308DE5BEFCFFEA44309DE592
S21400CFF0650053E3A40000DA50008DE20F0090E8CD
S21400D000B41700EB000050E31501000A0120A0E36E
S21400D01098309DE55C129FE5023083E0024084E094
S21400D020070053E300108AE504208AE59C408DE55E
S21400D03098308DE508A08AD2010300CA7C309DE5B1
S21400D0404C209DE5020053E1020000BA18309DE531
S21400D050010013E3C800000A98308DE2180093E838
S21400D06060209DE5013083E268109DE5070053E3EC
S21400D070044082E006008AE898308DE59C408DE505
S21400D08008A08AD22A0300CA4C309DE5015043E22C
S21400D090000055E390FFFFDA100055E3DE0000DAEB
S21400D0A01060A0E398309DE52C709DE528B09DE5C6
S21400D0B0020000EA105045E2100055E3D70000DAFF
S21400D0C0013083E2070053E3104084E200808AE5E3
S21400D0D004608AE598308DE59C408DE508A08AD2EC
S21400D0E0F3FFFFDA94208DE20B10A0E10700A0E129
S21400D0F05E0F00EB000050E31EFDFF1A98308DE235
S21400D100C8A08DE2180093E8E9FFFFEA0210A0E14C
S21400D110A621A0E1872E82E1A701A0E1073006E262
S21400D1200070A0E10260A0E1303083E2072096E1C3
S21400D130013041E5012041E2F3FFFF1A300053E3DE
S21400D1400030A00301300B12000053E3C402000AB3
S21400D1503030A0E3021041E2C8008DE240108DE5B9
S21400D16018B08DE5015040E0013042E52FFDFFEAA2
S21400D170C8308DE240308DE52CFDFFEA34309DE569
S21400D1801C209DE5026043E0000056E30EFFFFDA38
S21400D190100056E398309DD51E0000DA0420A0E16A
S21400D1A028408DE21070A0E398309DE5100894E8C2
S21400D1B0020000EA106046E2100056E3140000DAAF
S21400D1C0013083E2070053E3102082E200808AE504
S21400D1D004708AE598308DE59C208DE508A08AD2FB
S21400D1E0F3FFFFDA94208DE20410A0E10B00A0E12B
S21400D1F01E0F00EB000050E3DEFCFF1A106046E254
S21400D200100056E3C8A08DE29C209DE598309DE571
S21400D210EAFFFFCA0240A0E1013083E2070053E3C1
S21400D220064084E000808AE504608AE598308DE553
S21400D2309C408DE508A08AD2E3FEFFDA94208DE2BA
S21400D24028109DE52C009DE5080F00EB000050E33C
S21400D250C8FCFF1AC8A08DE29C409DE5DAFEFFEAF6
S21400D260F83E0100F03C0100043D0100FFFFEF7FA7
S21400D270E03C0100E43C0100203D01006766666674
S21400D280183D0100E83C0100EC3C01004C309DE5F7
S21400D290010053E3510100DA0130A0E398509DE508
S21400D2A040209DE5035085E0034084E0070055E3F9
S21400D2B000208AE504308AE59C408DE598508DE58F
S21400D2C008A08AD25D0100CA60309DE5015085E263
S21400D2D068209DE5070055E3044083E00C008AE8DB
S21400D2E098508DE59C408DE508A08AD25D0100CA65
S21400D2F050008DE20F0090E8F61600EB000050E3B9
S21400D3008F00001A4C309DE540209DE5015085E2D7
S21400D310013043E2012082E2034084E0070055E347
S21400D32098508DE500208AE59C408DE504308AE51E
S21400D330B10000CA08A08AE26C209DE5015085E293
S21400D340044082E084308DE2070055E398508DE576
S21400D3509C408DE504208AE500308AE5DDFEFFDA94
S21400D36094208DE228109DE52C009DE5BF0E00EB75
S21400D370000050E37FFCFF1AC8A08DE29C409DE5AC
S21400D380D5FEFFEA94208DE228109DE52C009DE551
S21400D390B60E00EB000050E30FFFFF0A75FCFFEA35
S21400D3A0010053E302B0A0E185FDFF1A000057E339
S21400D3B0090056033501008A422F8DE2306086E26E
S21400D3C0416062E518B08DE50350A0E140208DE590
S21400D3D096FCFFEA94208DE228109DE52C009DE542
S21400D3E0A20E00EB000050E362FCFF1AC8A08DE21C
S21400D3F09C409DE563FEFFEA94208DE228109DE5A3
S21400D4002C009DE5990E00EB000050E359FCFF1A36
S21400D410C8A08DE29C409DE568FEFFEA98309DE539
S21400D420013083E2054084E0070053E398308DE541
S21400D4309C408DE500808AE504508AE5A5FEFFDA6B
S21400D44094208DE228109DE52C009DE5870E00EBCC
S21400D450000050E347FCFF1A9C409DE5C8A08DE203
S21400D4609DFEFFEA7C509DE5000055E3010200DAD0
S21400D47048309DE54C209DE5020053E10350A0B1E5
S21400D4800250A0A1000055E3090000DA98309DE59F
S21400D49040209DE5013083E2054084E0070053E329
S21400D4A024008AE89C408DE598308DE508A08AD255
S21400D4B0DF0200CA48309DE5000055E3053043A072
S21400D4C0000053E30350A0E1720000DA100053E3BB
S21400D4D098309DD55E0000DA1060A0E398309DE598
S21400D4E02C709DE528B09DE5020000EA105045E24C
S21400D4F0100055E3560000DA013083E2070053E3DC
S21400D500104084E200808AE504608AE598308DE564
S21400D5109C408DE508A08AD2F3FFFFDA94208DE2C6
S21400D5200B10A0E10700A0E1500E00EB000050E356
S21400D53010FCFF1A98308DE2C8A08DE2180093E820
S21400D540E9FFFFEA4C309DE5016043E2000056E348
S21400D55078FFFFDA100056E31F0000DA24908DE50E
S21400D5600690A0E128608DE21070A0E3400896E8DF
S21400D570020000EA109049E2100059E3140000DAB5
S21400D580015085E2070055E3104084E200808AE5FA
S21400D59004708AE598508DE59C408DE508A08AD2F7
S21400D5A0F3FFFFDA94208DE20610A0E10B00A0E165
S21400D5B02E0E00EB000050E3EEFBFF1A109049E23F
S21400D5C0100059E3C8A08DE29C409DE598509DE56B
S21400D5D0EAFFFFCA0960A0E124909DE5015085E2BC
S21400D5E0064084E0070055E398508DE59C408DE5A5
S21400D5F000808AE504608AE54DFFFFDA94208DE21C
S21400D60028109DE52C009DE5180E00EB000050E369
S21400D610D8FBFF1A9C409DE598509DE5C8A08DE27A
S21400D62044FFFFEA042082E2006093E50070A0E376
S21400D6300130A0E338208DE5E6FBFFEA006092E5C6
S21400D640042082E20530A0E138208DE50070A0E3DA
S21400D650E0FBFFEA013083E2070053E3054084E085
S21400D66000808AE504508AE598308DE59C408DE57B
S21400D67008A08AD2070000DA94208DE228109DE5E3
S21400D6802C009DE5F90D00EB000050E3B9FBFF1AF6
S21400D6909C409DE5C8A08DE27C209DE54C309DE534
S21400D6A0030052E1380000BA18309DE5010013E38C
S21400D6B03500001A4C309DE548009DE5022043E009
S21400D6C0005043E0020055E10250A0A1000055E3DF
S21400D6D00B0000DA98109DE540C09DE5011081E240
S21400D6E000308CE0054084E0070051E300308AE516
S21400D6F004508AE59C408DE598108DE508A08AD2F6
S21400D700540200CA000055E30250A0B1055042A0E2
S21400D710000055E3F0FDFFDA100055E33EFFFFDAA8
S21400D7201060A0E398309DE52C709DE528B09DE53F
S21400D730020000EA105045E2100055E337FFFFDA1A
S21400D740013083E2070053E3104084E200808AE55C
S21400D75004608AE598308DE59C408DE508A08AD265
S21400D760F3FFFFDA94208DE20B10A0E10700A0E1A2
S21400D770BE0D00EB000050E37EFBFF1A98308DE2F2
S21400D780C8A08DE2180093E8E9FFFFEA98309DE50F
S21400D79060109DE5013083E268009DE5014084E06D
S21400D7A0070053E303008AE89C408DE598308DE53A
S21400D7B008A08AD2BEFFFFDA94208DE228109DE5ED
S21400D7C02C009DE5A90D00EB000050E369FBFF1A55
S21400D7D0C8A08DE27C209DE59C409DE5B4FFFFEA55
S21400D7E018309DE5010013E3AAFEFF1A0130A0E3FE
S21400D7F098509DE540209DE5035085E0034084E079
S21400D800070055E39C408DE500208AE598508DE59D
S21400D81004308AE5C6FEFFDA94208DE228109DE5E6
S21400D8202C009DE5910D00EB000050E351FBFF1A24
S21400D830C8A08DE29C409DE598509DE5BDFEFFEAA0
S21400D84094208DE228109DE52C009DE5870D00EBC9
S21400D850000050E347FBFF1AC8A08DE29C409DE500
S21400D86098509DE597FEFFEA94208DE228109DE5EE
S21400D8702C009DE57D0D00EB000050E33DFBFF1AFC
S21400D880C8A08DE29C409DE598509DE597FEFFEA76
S21400D890C8308DE218A08DE50A40A0E309A0A0E1FB
S21400D8A00050A0E30390A0E10600A0E10710A0E16D
S21400D8B00420A0E10530A0E14B1600EB302082E208
S21400D8C0012069E50600A0E10710A0E10530A0E10F
S21400D8D00420A0E1441600EB0060A0E10170A0E186
S21400D8E0073096E1EFFFFF1A0930A0E1C8208DE26D
S21400D8F040908DE5035042E00A90A0E118A09DE517
S21400D90018B08DE549FBFFEA38109DE5006091E50B
S21400D910041081E2C67FA0E10620A0E10730A0E166
S21400D92038108DE51BFCFFEA50C09DE50C20A0E1F9
S21400D9300C00A0E154C09DE50C30A0E10C10A0E165
S21400D940821500EB000050E31402001A24309DE517
S21400D950010073E344309DE52050C3E30630A00386
S21400D96024308D052300000A24309DE5470055E34A
S21400D970000053031F00001A54309DE5006053E278
S21400D980013C8BE318308DE52B0100BA0130A0E393
S21400D9904750A0E330008DE550709DE524308DE5BE
S21400D9A00200A0E324C09DE58C108DE201108DE8F6
S21400D9B010108DE580008DE27C108DE20C008DE568
S21400D9C00720A0E10630A0E108108DE52C009DE5BB
S21400D9D060DBFFEB470055E340008DE52102001AAF
S21400D9E001001BE3D001000A40309DE524209DE5A0
S21400D9F0024083E02E0000EA54309DE5006053E2CA
S21400DA00013C8BE318308DE50E0100BA0030A0E330
S21400DA1050709DE530308DE5460055E33701001A1D
S21400DA2003E0A0E324409DE58CC08DE27C108DE2EF
S21400DA3080008DE20720A0E10630A0E104408DE5DD
S21400DA4000E08DE510C08DE50C008DE508108DE535
S21400DA502C009DE53FDBFFEB00C0A0E10040DCE5CD
S21400DA6030C044E200407CE240008DE55C309DE53D
S21400DA7058209DE50700A0E10610A0E10C40A4E0B8
S21400DA80141500EB000050E30130A0E30030A013B3
S21400DA90030014E1A201000A24309DE5013063E290
S21400DAA07C308DE524209DE5023083E040209DE516
S21400DAB0034082E05C309DE558209DE50700A0E12C
S21400DAC00610A0E1031500EB000050E30430A0119F
S21400DAD00900001A8C309DE5030054E10600009A08
S21400DAE03010A0E3012083E28C208DE50010C3E512
S21400DAF08C309DE5030054E1F9FFFF8A40209DE548
S21400DB00470055E3023043E04C308DE53601001AFD
S21400DB107C309DE5030073E30320A0E148308DE5EB
S21400DB200030A0A30130A0B324109DE5010052E10F
S21400DB30013083C3000053E30501000A44309DE52D
S21400DB40023043E244308DE548309DE54420DDE573
S21400DB50013043E2000053E38420CDE52D20A0B33E
S21400DB602B20A0A37C308DE548309DB5013063B2F4
S21400DB70090053E393C08DC28520CDE50C00A0C1FB
S21400DB80750000CA3020A0E3023083E08620CDE591
S21400DB908730CDE588308DE24C109DE584208DE2FF
S21400DBA0023043E0010051E36C308DE5035081E024
S21400DBB08C0100DA60309DE5035085E0C53FC5E185
S21400DBC01C308DE50030A0E348308DE530309DE513
S21400DBD0000053E3FB00001A24308DE57730DDE5C6
S21400DBE030308DE597FAFFEA0740C4E3003094E54D
S21400DBF050308DE5043094E554308DE5083084E2ED
S21400DC0038308DE5D2FBFFEA38209DE5003092E5FE
S21400DC10042082E238208DE520209DE5002083E563
S21400DC20B0F9FFEA38309DE5006093E554FBFFEA63
S21400DC30006093E5043083E238308DE50070A0E3A1
S21400DC4027FBFFEA94208DE228109DE52C009DE539
S21400DC50860C00EB000050E346FAFF1AC8A08DE2DF
S21400DC60F5FCFFEAC8308DE218B08DE5025043E0BF
S21400DC7040208DE56DFAFFEA0120A0E398309DE58F
S21400DC80101A1FE5023083E0024084E0070053E3E9
S21400DC9000108AE504208AE59C408DE598308DE5E5
S21400DCA008A08AD25A0000CA4C309DE5053093E1A0
S21400DCB05300000A98309DE560209DE5013083E220
S21400DCC068109DE5044082E0070053E306008AE8FA
S21400DCD09C408DE598308DE508A08AD25F0000CA8A
S21400DCE0000055E3680000BA013083E24C209DE551
S21400DCF0070053E398308DE540309DE5044082E010
S21400DD009C408DE500308AE504208AE571FCFFDA48
S21400DD10CAFDFFEA38309DE520209DE5001093E51A
S21400DD20043083E238308DE5C23FA0E10C0081E884
S21400DD306CF9FFEA94208DE228109DE52C009DE505
S21400DD404A0C00EB000050E30AFAFF1AC8A08DE266
S21400DD509C409DE5CBFCFFEA0200A0E1E82A1FE517
S21400DD609312C2E0C31FA0E1421161E0012181E0ED
S21400DD70822043E0302082E2090051E3012040E5A2
S21400DD800130A0E1012040E2F2FFFFCA303081E21C
S21400DD90020040E2FF1003E200005CE1011042E5F1
S21400DDA03801009A86008DE20230A0E1000000EA09
S21400DDB00110D3E40C0053E10110C0E4FBFFFF1A8E
S21400DDC0013083E2023043E086208DE2033082E0B9
S21400DDD070FFFFEA4010A0E32C009DE5BCE5FFEBDA
S21400DDE028309DE5000050E3000083E5100083E541
S21400DDF01E01000A4030A0E328209DE5143082E58D
S21400DE0029F9FFEA18309DE5010013E332FCFF0A0A
S21400DE10A7FFFFEA94208DE228109DE52C009DE5E3
S21400DE20120C00EB000050E3D2F9FF1AC8A08DE2F6
S21400DE307C509DE59C409DE59AFFFFEA0130A0E3FB
S21400DE404750A0E324308DE554309DE5026183E21F
S21400DE502D30A0E350709DE530308DE5EDFEFFEAF5
S21400DE6094208DE228109DE52C009DE5FF0B00EB2D
S21400DE70000050E3BFF9FF1A98308DE2C8A08DE28B
S21400DE807C509DE5180093E894FFFFEA100075E3C8
S21400DE90005065E2A60000AA1060A0E32C709DE585
S21400DEA028B09DE5020000EA105045E2100055E358
S21400DEB09F0000DA013083E2070053E3104084E25B
S21400DEC000808AE504608AE598308DE59C408DE503
S21400DED008A08AD2F3FFFFDA94208DE20B10A0E1AF
S21400DEE00700A0E1E10B00EB000050E3A1F9FF1AE8
S21400DEF098308DE2C8A08DE2180093E8E9FFFFEAAB
S21400DF00450055E3A5FEFF1A0200A0E324109DE598
S21400DF10014081E28C108DE200008DE510108DE549
S21400DF2080008DE27C108DE20C008DE50720A0E1DC
S21400DF300630A0E104408DE508108DE52C009DE537
S21400DF4004DAFFEB40008DE540309DE5044083E0B9
S21400DF50D7FEFFEA4C209DE548309DE5030052E1E0
S21400DF60580000CA01001BE348309D1560209D152F
S21400DF7002508310C53FC511C32FC3010350A00133
S21400DF801C308D156730A0E31C208D0544308DE5D0
S21400DF900DFFFFEA40009DE524508DE5C1C9FFEB6B
S21400DFA00560A0E1C03FC0E11C308DE57730DDE5BF
S21400DFB00050A0E138408DE518B08DE548608DE54D
S21400DFC030308DE59FF9FFEA2DB0A0E30030A0E3E6
S21400DFD077B0CDE524308DE530B08DE59CF9FFEACD
S21400DFE098208DE2140092E8D2F9FFEA44309DE5CD
S21400DFF0650053E3980000DA44309DE5660053E37D
S21400E0007C309DE548308DE5D1FFFF1A000053E3D4
S21400E010780000DA24209DE5000052E35700001A3D
S21400E02001001BE35500001A1C308DE50350A0E1EB
S21400E030E5FEFFEA94208DE228109DE52C009DE584
S21400E0408A0B00EB000050E34AF9FF1AC8A08DE2E5
S21400E0509C409DE516FDFFEA94208DE228109DE584
S21400E0602C009DE5810B00EB000050E341F9FF1A00
S21400E0707C209DE54C309DE5C8A08DE29C409DE54A
S21400E080022043E09EFDFFEA060053E30630A0238D
S21400E0900350A0E11C308DE5203E1FE524208DE5D1
S21400E0A038408DE518B08DE530208DE548208DE5AB
S21400E0B040308DE563F9FFEA2D30A0E330308DE582
S21400E0C07730CDE5BAFAFFEA48309DE560209DE559
S21400E0D0000053E34C309DE5025083E048309DD568
S21400E0E0013063D2035085D0C53FC5E11C308DE5B5
S21400E0F06730A0E344308DE5B3FEFFEA24309DE5AB
S21400E1001C308DE50350A0E17730DDE524008DE579
S21400E11038408DE518B08DE548008DE530308DE54A
S21400E12048F9FFEA7C309DE55DFEFFEA8C309DE510
S21400E13071FEFFEA013083E2054084E0070053E306
S21400E14000808AE504508AE598308DE59C408DE590
S21400E15008A08AE2E3FEFFDA94208DE228109DE50F
S21400E1602C009DE5410B00EB000050E301F9FF1A7F
S21400E17098308DE2C8A08DE2180093E8D9FEFFEA39
S21400E18048309DE560209DE5025083E024309DE503
S21400E190035085E0C53FC5E11C308DE58AFEFFEAE9
S21400E1A00330A0E30350A0E11C308DE50030A0E36F
S21400E1B00310A0E148108DE544109DE524308DE560
S21400E1C0443F1FE5470051E3482F1FE50320A0D139
S21400E1D07730DDE58000CBE318008DE540208DE547
S21400E1E030308DE517F9FFEA01301BE248308DE547
S21400E1F0E7FFFF0A6EFEFFEA24309DE5000053E3CA
S21400E2000100001A01001BE30600000A60309DE5CD
S21400E210015083E224309DE5035085E0C53FC5E10B
S21400E2201C308DE568FEFFEA0130A0E37DFFFFEAC3
S21400E23038209DE5007092E5060057E10670A0B113
S21400E2400120D9E50190A0E138109DE5041081E297
S21400E25024708DE538108DE54DF8FFEA7C309DE59D
S21400E26048308DE537FEFFEA24409DE535FFFFEA9E
S21400E2700020E0E30C30A0E320208DE52C209DE577
S21400E280003082E5C1F8FFEA86308DE241FEFFEA03
S21400E290F0412DE90140A0E1301091E5403084E2E4
S21400E2A0030051E11000000A345094E58570A0E1A7
S21400E2B00720A0E176EBFFEB006050E21D00000AAD
S21400E2C0058086E00520A0E10800A0E10610A0E198
S21400E2D01BE7FFEB0000A0E3008084E5306084E5E8
S21400E2E0347084E5F041BDE81EFF2FE1011BA0E37A
S21400E2F077E4FFEB000050E30E00000A012BA0E3DA
S21400E3004230D4E5300084E5342084E5FF33C0E5B0
S21400E3104130D4E5FE33C0E54020D4E5FF3F80E23F
S21400E320FD23C0E5013083E20000A0E3003084E571
S21400E330F041BDE81EFF2FE10000E0E3E8FFFFEA42
S21400E340010071E370402DE91F00000A000050E351
S21400E3500060A0E10240A0E10150A0E10200000A36
S21400E360383090E5000053E34A00000A643094E534
S21400E370010013E3FC30D4E10328A0E13D00000ACD
S21400E3802228A0E1020A12E364209405023A8303DD
S21400E390022AC2032030C3E3642084050328A0E1D8
S21400E3A0010712E3BC30C4E12228A0E11700001ADE
S21400E3B0100012E30800001A643094E5010013E32D
S21400E3C00100001A020C12E33F00000A0050E0E3CE
S21400E3D00500A0E17040BDE81EFF2FE1080012E333
S21400E3E00800000A0410A0E10600A0E1F7DEFFEB3B
S21400E3F0000050E32E00001AFC30D4E1080084E54B
S21400E400180084E50830C3E3043083E3BC30C4E17D
S21400E410303094E5000053E3FF5005E22E00000A7A
S21400E420042094E5343094E5030052E11B0000AA72
S21400E430003094E5012043E2002084E5015043E5E6
S21400E440043094E5642094E5013083E2010012E391
S21400E450043084E5DDFFFF1ABC30D4E1020C13E380
S21400E460DAFFFF1A580084E2C81300EB0500A0E1AB
S21400E4707040BDE81EFF2FE1020412E32228A0E14F
S21400E480BFFFFF1A580084E2C21300EBFC30D4E151
S21400E4900328A0E1B9FFFFEA62DFFFEBB2FFFFEA65
S21400E4A00600A0E10410A0E178FFFFEB000050E3B7
S21400E4B0DEFFFF0A643094E5010013E3C2FFFF1A93
S21400E4C0BC30D4E1020C13E3BFFFFF1A580084E20D
S21400E4D0AE1300EB0050E0E3BCFFFFEA103094E51B
S21400E4E0000053E3002094E50C00000A020053E10C
S21400E4F00A00002A013052E5030055E10700001A21
S21400E500043094E5641094E5012042E2013083E291
S21400E510010011E30C0084E8CEFFFF0AABFFFFEA20
S21400E5200430A0E103E0A0E30110A0E304C094E5FA
S21400E530400084E2382084E534E084E53CC084E58D
S21400E540300084E54250E3E5642094E5010012E3E0
S21400E550003084E5041084E5BEFFFF0A9BFFFFEA57
S21400E56070402DE90150A0E10040A0E112E3FFEB6E
S21400E5700520A0E10410A0E17040BDE86FFFFFEAAF
S21400E580F84F2DE9643091E5020A13E302B0A0E1EA
S21400E5902400000A083092E5009092E5000053E35C
S21400E5A00160A0110070A011089089121B00000ADB
S21400E5B004A019E5085019E52A81B0E10040A0132F
S21400E5C0045045120200001A0E0000EA040058E14A
S21400E5D00B00000A0620A0E10410B5E50700A0E144
S21400E5E01F0600EB010070E3014084E2F6FFFF1A0D
S21400E5F00030A0E308308BE504308BE5F84FBDE82B
S21400E6001EFF2FE108309BE503A0CAE30A3043E073
S21400E610000053E308308BE5089089E2E3FFFF1A19
S21400E6200000A0E3F1FFFFEA68E1FFEBEFFFFFEA7F
S21400E630083092E5000053E3D0FFFF1A043082E56D
S21400E6400300A0E11EFF2FE1F04F2DE90350A0E1EB
S21400E650B4D04DE2003050E214308DE501A0A0E1C8
S21400E6600290A0E118508DE50200000A383093E5CC
S21400E670000053E3CF00000A64309AE5010013E37C
S21400E680FC30DAE10318A0E1A700001A020411E347
S21400E6902118A0E1A000000A020A11E30600001AF1
S21400E6A064209AE5023A83E3022AC2E3BC30CAE158
S21400E6B064208AE50338A0E12318A0E1080011E3EE
S21400E6C0A000000A10309AE5000053E39D00000AFF
S21400E6D01A3001E20A0053E3A300000A0030A0E368
S21400E6E070808DE208B0A0E12C308DE508308DE515
S21400E6F044308DE540308DE53C808DE50CA08DE501
S21400E7000030D9E5000053E3250053130940A0E18B
S21400E7101300000A0130F4E5000053E3250053130C
S21400E720FBFFFF1A095054E00D00000A40309DE53B
S21400E73044209DE5013083E2070053E3022085E094
S21400E74000908BE504508BE540308DE544208DE548
S21400E75008B08BD2760000CA08309DE5053083E00D
S21400E76008308DE50030D4E5000053E32F04000A9E
S21400E7700010A0E30030A0E300A0E0E33730CDE5D2
S21400E780019084E20130D4E501C0A0E10100A0E1DF
S21400E7900150A0E10A70A0E101E0A0E32B40A0E355
S21400E7A02060A0E3019089E2202043E2580052E373
S21400E7B002F19F97200200EA28F000003CF00000DB
S21400E7C03CF0000004F000003CF000003CF00000CC
S21400E7D03CF000003CF000003CF000003CF0000084
S21400E7E0C0E9000010EE00003CF00000DCE900008C
S21400E7F0A8ED00003CF0000020EE00002CEE00002B
S21400E8002CEE00002CEE00002CEE00002CEE00009B
S21400E8102CEE00002CEE00002CEE00002CEE00008B
S21400E8203CF000003CF000003CF000003CF0000033
S21400E8303CF000003CF000003CF000003CF0000023
S21400E8403CF000003CF0000050EE00003CF0000001
S21400E8503CF000003CF000003CF000003CF0000003
S21400E8603CF000003CF000003CF000003CF00000F3
S21400E8703CF00000E4EC00003CF000003CF000003F
S21400E8803CF000003CF000003CF00000F0EC000023
S21400E8903CF000003CF0000054EF00003CF00000AC
S21400E8A03CF000003CF000003CF000003CF00000B3
S21400E8B03CF000003CF000003CF000003CF00000A3
S21400E8C03CF00000C8EF000044EF00003CF0000001
S21400E8D03CF000003CF00000E8ED000044EF0000D3
S21400E8E03CF000003CF00000F4ED00003CF00000BE
S21400E8F008EF0000A8EC0000FCEC000038ED00007B
S21400E9003CF0000044ED00003CF00000E8E90000A8
S21400E9103CF000003CF0000010F0000058008AE2D6
S21400E9209C1200EBFC30DAE10318A0E12118A0E10C
S21400E93058FFFFEA000052E31403001A40208DE55A
S21400E94008B0A0E183FFFFEA0A10A0E114009DE5ED
S21400E95002D6FFEB000050E3F602001ABC10DAE124
S21400E9601A3001E20A0053E35BFFFF1AFE30DAE1D9
S21400E970000053E358FFFFBA64309AE5010013E342
S21400E9800200001A020C11E358008A027F12000BE4
S21400E9900530A0E10920A0E10A10A0E114009DE5E1
S21400E9A0F30300EB08008DE508009DE5B4D08DE28A
S21400E9B0F04FBDE81EFF2FE11ADEFFEB2DFFFFEA4A
S21400E9C018309DE5000093E5043083E2000050E334
S21400E9D018308DE5010000AA000060E2045085E3CF
S21400E9E00030D9E56EFFFFEA1C008DE5200015E338
S21400E9F02B03001A18209DE5100015E30230A0E155
S21400EA00F002001A400015E3EE02000A0130A0E30F
S21400EA100070A0E3B060D2E1042082E218208DE509
S21400EA200020A0E30040A0E33720CDE501007AE314
S21400EA301E01000A072086E1000052E300005A0388
S21400EA408020C5E304208DE59802001A000053E3F9
S21400EA509202001A013015E210308DE524808D05F3
S21400EA603030A013B0208D124130621524208D1551
S21400EA7010309DE503005AE10A70A0A10370A0B112
S21400EA80000054E30170871204309DE5023013E263
S21400EA9020308DE504309DE502708712846013E215
S21400EAA08D01001A1C309DE5074043E0000054E34A
S21400EAB0890100DA100054E3780300DA0BE0A0E1E5
S21400EAC01050A0E307B0A0E10130A0E344209DE58C
S21400EAD040C09DE514709DE5050000EA02108CE23A
S21400EAE000C0A0E108E08EE2104044E2100054E3CB
S21400EAF00F0000DA01008CE2381E9FE5102082E24B
S21400EB00070050E344208DE522008EE840008DE5A6
S21400EB10F1FFFFDA000052E35B01001A104044E206
S21400EB20100054E306C0A0E10310A0E108E0A0E155
S21400EB30EFFFFFCA0B70A0E10EB0A0E1F43D9FE529
S21400EB40070051E3022084E018008BE844208DE59E
S21400EB5040108DE508B08BD2010081D2610100DA49
S21400EB60000052E35501001A3710DDE5000051E3BE
S21400EB70FB02000A0120A0E308B0A0E10200A0E129
S21400EB8037108DE274208DE570108DE50010A0E141
S21400EB9008B08BE2010080E220309DE5000053E3E0
S21400EBA06A01000A0210A0E338308DE2012082E0FC
S21400EBB0070050E344208DE540008DE504108BE50A
S21400EBC000308BE55E0100DA000052E39202001A84
S21400EBD0800056E30100A0E30010A0E308B0A0E127
S21400EBE05C01001A1C309DE5074043E0000054E33A
S21400EBF0580100DA100054E33B0300DA0BE0A0E112
S21400EC001050A0E307B0A0E10160A0E30470A0E10B
S21400EC1014409DE5050000EA02C081E20010A0E174
S21400EC2008E08EE2107047E2100057E30F0000DAAB
S21400EC30010081E2003D9FE5102082E2070050E3DC
S21400EC4044208DE528008EE840008DE5F1FFFFDAD0
S21400EC50000052E30602001A107047E2100057E365
S21400EC6006C0A0E10010A0E308E0A0E1EFFFFFCAA5
S21400EC700740A0E10B70A0E10EB0A0E1B83C9FE514
S21400EC80042082E007005CE344208DE518008BE852
S21400EC9040C08DE56B0200CA08B08BE201008CE232
S21400ECA00C10A0E12B0100EA1C008DE5200015E306
S21400ECB08302001A18209DE5100015E30230A0E13B
S21400ECC03A02001A400015E33802000AB060D2E1AA
S21400ECD0042082E20030A0E318208DE50070A0E357
S21400ECE04EFFFFEA1C008DE5105085E3EEFFFFEABD
S21400ECF01C008DE5105085E33BFFFFEA7830A0E36B
S21400ED003020A0E318109DE53930CDE5043081E2CF
S21400ED1018308DE5243C9FE51C008DE52C308DE5F4
S21400ED20006091E5025085E33820CDE50070A0E351
S21400ED300230A0E339FFFFEA205085E30030D9E532
S21400ED4097FEFFEA18309DE5002093E524208DE528
S21400ED50000052E30020A0E31C008DE53720CDE53F
S21400ED60044083E2D102000A01007AE3B802000AF6
S21400ED7024609DE50A20A0E10010A0E30600A0E1C3
S21400ED802BE4FFEB000050E3D102000A063040E01F
S21400ED9018408DE510308DE504508DE53740DDE5F3
S21400EDA000A0A0E331FFFFEA0030D9E52A0053E3D4
S21400EDB001A089E2D502000A302043E2090052E3AE
S21400EDC00A90A0E100A0A0E376FEFF8A0130D9E415
S21400EDD00AA18AE08AA082E0302043E2090052E3DA
S21400EDE0F9FFFF9A6FFEFFEA405085E30030D9E551
S21400EDF06BFEFFEA0030D9E56C0053E30130D9051D
S21400EE0020508503019089021050851364FEFFEAA6
S21400EE100030D9E50E10A0E104C0A0E160FEFFEAD4
S21400EE20805085E30030D9E55DFEFFEA0000A0E3F0
S21400EE30302043E20130D9E4000180E0800082E027
S21400EE40302043E2090052E3F9FFFF9A55FEFFEA3D
S21400EE50000051E31C008DE537C0CD15105085E34A
S21400EE60200015E3FF01001A100015E35A02001AED
S21400EE70400015E34102000A18309DE5F060D3E13A
S21400EE80043083E2C67FA0E118308DE50620A0E1BD
S21400EE900730A0E1000052E30030D3E2290200BAB6
S21400EEA001007AE33740DDE50130A0E3E0FEFF1A1B
S21400EEB0010053E38001000A020053E30810A0118A
S21400EEC05301001A0820A0E12CC09DE52632A0E1DF
S21400EED0073E83E12702A0E10F1006E20070A0E1E2
S21400EEE00360A0E10130DCE7071096E1013062E53F
S21400EEF0F5FFFF1A023048E024208DE504508DE52A
S21400EF0010308DE5D9FEFFEA000051E337C0CD157D
S21400EF10200015E33D02001A100015E35300001A06
S21400EF20400015E35100000A18209DE5003092E5E8
S21400EF30042082E218208DE5B820DDE1B020C3E190
S21400EF40EEFDFFEA000051E31C008DE537C0CD154D
S21400EF50C2FFFFEAE8299FE5000051E31C008DE5AB
S21400EF6037C0CD152C208DE5200015E318209DE533
S21400EF70C501001A100015E31A02001A400015E336
S21400EF800070A0130070A003B060D211006092055C
S21400EF90042082120420820218208D1518208D0568
S21400EFA0010015E36E01000A072096E16C01000AD5
S21400EFB03020A0E33930CDE5025085E33820CDE59A
S21400EFC00230A0E395FEFFEA0170A0E30010A0E384
S21400EFD018209DE5003092E54830CDE5043082E209
S21400EFE018308DE548308DE21C008DE53710CDE5F4
S21400EFF010708DE524308DE504508DE500A0A0E36B
S21400F000A0FEFFEA015085E30030D9E5E4FDFFEA03
S21400F01028299FE5000051E31C008DE537C0CD157B
S21400F0202C208DE5CFFFFFEA00005CE30030D9E539
S21400F0300E10A00106C0A001D9FDFFEA000051E3B2
S21400F04037C0CD15000053E31C008DE5F701000A1C
S21400F0504830CDE50030A0E30170A0E33730CDE5C1
S21400F06048308DE210708DE524308DE5E1FFFFEA33
S21400F07018209DE5003092E5042082E218208DE5F8
S21400F08008209DE5002083E59CFDFFEA3C208DE2FC
S21400F0900C109DE50700A0E128308DE537FDFFEB5D
S21400F0A0000050E31401001A40C09DE508E0A0E10E
S21400F0B044209DE501108CE228309DE589FEFFEA9C
S21400F0C03C208DE20C109DE514009DE52BFDFFEB2A
S21400F0D0000050E30801001A08B0A0E140108DE2DD
S21400F0E0060091E8010081E237C0DDE500005CE340
S21400F0F0A8FEFF0A0110A0E337C08DE2012082E0DF
S21400F100070050E344208DE540008DE504108BE5B4
S21400F11000C08BE59CFEFFDA000052E33301001AC4
S21400F12020309DE5000053E3A8FEFF0A0220A0E37E
S21400F1300100A0E108B0A0E138308DE274208DE532
S21400F14070308DE50010A0E108B08BE2010080E28F
S21400F150800056E3A2FEFF0A10309DE503A04AE0B9
S21400F16000005AE3570000DA10005AE3190000DAEC
S21400F1701040A0E314509DE50C609DE5050000EAF4
S21400F180020081E20310A0E108B08BE210A04AE280
S21400F19010005AE30F0000DA013081E298079FE57D
S21400F1A0102082E2070053E344208DE511008BE82F
S21400F1B040308DE5F1FFFFDA000052E32C00001A24
S21400F1C010A04AE210005AE30100A0E30010A0E3FA
S21400F1D008B0A0E1EFFFFFCA5C379FE5070050E3E9
S21400F1E00A2082E008048BE840008DE544208DE587
S21400F1F008B08BD2010080D2320000DA000052E361
S21400F2002600001A0130A0E308B0A0E110209DE51A
S21400F21024109DE574208DE544208DE570108DE565
S21400F22040308DE508B08BE204309DE5040013E322
S21400F2300300000A1C309DE5074043E0000054E34D
S21400F240330000CA08309DE51C109DE5070051E11B
S21400F250013083A0073083B0000052E308308DE50C
S21400F2609F00001A0030A0E308B0A0E140308DE512
S21400F27022FDFFEA3C208DE20610A0E10500A0E199
S21400F280BEFCFFEB000050E3F400001A40108DE2D5
S21400F290060091E808B0A0E1010081E2BAFFFFEAAB
S21400F2A03C208DE20C109DE514009DE5B3FCFFEBC1
S21400F2B0000050E39000001A08B0A0E140008DE284
S21400F2C0050090E8010080E210309DE524109DE5E1
S21400F2D0022083E0070050E344208DE50A008BE817
S21400F2E040008DE5CEFFFFDA000052E39E00001AD4
S21400F2F004309DE5040013E340208DE53100000A4C
S21400F3001C309DE5074043E0000054E308B0A0C170
S21400F3102C0000DA100054E340009DD5010080D296
S21400F3201F0000DA0BC0A0E11050A0E304B0A0E17B
S21400F3300160A0E340109DE514A09DE50C409DE50E
S21400F340050000EA020081E20310A0E108C08CE29A
S21400F35010B04BE210005BE30F0000DA013081E2F0
S21400F360D0059FE5102082E2070053E344208DE598
S21400F37021008CE840308DE5F1FFFFDA000052E313
S21400F3801700001A10B04BE210005BE30600A0E185
S21400F3900010A0E308C0A0E1EFFFFFCA0B40A0E109
S21400F3A00CB0A0E18C359FE5042082E0070050E316
S21400F3B044208DE518008BE840008DE5A0FFFFDABD
S21400F3C0000052E3F500001A08309DE51C209DE57C
S21400F3D0070052E1023083A0073083B008308DE585
S21400F3E09FFFFFEA3C208DE20410A0E10A00A0E1A6
S21400F3F062FCFFEB000050E31301001A40108DE2A0
S21400F400060091E808C0A0E1010081E2CFFFFFEA14
S21400F4100210A0E1A621A0E1872E82E1A701A0E1CB
S21400F420073006E20070A0E10260A0E1303083E21F
S21400F430072096E1013041E5012041E2F3FFFF1A83
S21400F440300053E30030A00301300512000053E300
S21400F450E900000A3030A0E3021041E224108DE5F6
S21400F460011048E004508DE510108DE5013042E5AE
S21400F4707EFDFFEA3C208DE20C109DE50400A0E135
S21400F4803EFCFFEB000050E31B00001A40108DE22C
S21400F490060091E808E0A0E101C081E2E0FDFFEA95
S21400F4A00030A0E324808DE510308DE56FFDFFEA87
S21400F4B0010053E30250A0E17EFEFF1A000057E36E
S21400F4C0090056038600008AB0208DE2306086E28E
S21400F4D0416062E504508DE510308DE524208DE511
S21400F4E062FDFFEA3C208DE20C109DE514009DE5D0
S21400F4F022FCFFEB000050E359FFFF0A0CA09DE53D
S21400F50064309AE5010013E3BC30DAE10100001A2A
S21400F510020C13E33100000A400013E321FDFF0A4A
S21400F5200030E0E308308DE508009DE5B4D08DE2BC
S21400F530F04FBDE81EFF2FE164309AE5010013E3AB
S21400F540F6FFFF1ABC30DAE1020C13E3F3FFFF1AF2
S21400F55058008AE28D0F00EB0030E0E308308DE5BE
S21400F56010FDFFEA0230A0E32CFDFFEA3C208DE20E
S21400F5700C109DE514009DE500FCFFEB000050E339
S21400F580DDFFFF1A08B0A0E144209DE525FFFFEA55
S21400F5903C208DE20C109DE514009DE5F7FBFFEB8B
S21400F5A0000050E3D4FFFF1A08B0A0E169FCFFEAB0
S21400F5B0042082E2006093E50070A0E30030A0E340
S21400F5C018208DE515FDFFEA042082E2006093E531
S21400F5D00070A0E30130A0E318208DE50FFDFFEAE0
S21400F5E058008AE2690F00EBBC30DAE1C9FFFFEA97
S21400F5F03C208DE20C109DE514009DE5DFFBFFEB43
S21400F600000050E3BCFFFF1A40108DE2060091E8B0
S21400F61008B0A0E1010081E25EFDFFEA3C208DE239
S21400F6200C109DE514009DE5D4FBFFEB000050E3B5
S21400F630B1FFFF1A40108DE2060091E808B0A0E185
S21400F640010081E2C1FEFFEA000052E38800001AD2
S21400F6500100A0E30010A0E308B0A0E1BDFEFFEAB1
S21400F66006A0A0E1A5FFFFEA18309DE5073083E27B
S21400F6700710C3E30C0091E8081081E218108DE52E
S21400F6800260A0E10370A0E101FEFFEA072082E22B
S21400F6900720C2E3081082E218108DE5C00092E849
S21400F6A03EFEFFEA18309DE5073083E20730C3E3ED
S21400F6B0082083E2C00093E818208DE50130A0E31F
S21400F6C0D6FCFFEA18309DE5073083E20730C3E337
S21400F6D0082083E2C00093E818208DE50030A0E300
S21400F6E0CEFCFFEA04408DE50840A0E10600A0E15C
S21400F6F00710A0E10A20A0E30030A0E3BA0E00EB5A
S21400F700302082E2012064E50600A0E10710A0E1B7
S21400F7100030A0E30A20A0E3B30E00EB0060A0E1F7
S21400F7200170A0E1073096E1EFFFFF1A0430A0E178
S21400F730033048E024408DE510308DE504409DE51B
S21400F74004508DE5C9FCFFEA2D30A0E3006076E2A8
S21400F7503730CDE50340A0E10070E7E20130A0E3DA
S21400F760B1FCFFEA20309DE5000053E31300001AC9
S21400F7700010A0E30100A0E308B0A0E175FEFFEAD8
S21400F78018109DE5006091E5041081E2C67FA0E1B7
S21400F7900620A0E10730A0E118108DE5BCFDFFEAC9
S21400F7A03C208DE20C109DE514009DE573FBFFEBFD
S21400F7B0000050E350FFFF1A44209DE5A0FEFFEA3C
S21400F7C00220A0E338308DE274208DE570308DE5A0
S21400F7D00100A0E308B0A0E159FEFFEA18309DE55D
S21400F7E0006093E5A5FDFFEA006092E5042082E252
S21400F7F018208DE50070A0E3E8FDFFEA023048E03F
S21400F80004508DE510308DE524208DE597FCFFEA49
S21400F81018309DE508209DE5001093E5043083E24E
S21400F82018308DE5C23FA0E10C0081E8B3FBFFEA8B
S21400F83044309DE5000053E30CA09DE52C00001A23
S21400F8400030A0E340308DE52CFFFFEA04A0A0E1E5
S21400F8502AFFFFEA24009DE518408DE504508DE55B
S21400F86090C3FFEB00A0A0E310008DE53740DDE578
S21400F8707EFCFFEA3C208DE20C109DE514009DE521
S21400F8803EFBFFEB000050E31BFFFF1A40108DE22B
S21400F890060091E808B0A0E1010081E22DFEFFEA33
S21400F8A040108DE2060091E8011081E2A2FCFFEA1A
S21400F8B006005AE30A30A0310630A02310308DE54A
S21400F8C00370A0E17C309FE518408DE524308DE57F
S21400F8D0C8FDFFEA10A08DE518408DE504508DE5C3
S21400F8E000A0A0E33740DDE560FCFFEA00C0A0E131
S21400F8F0E1FCFFEA14009DE53C208DE20A10A0E141
S21400F9001EFBFFEB000050E3CCFFFF0AFBFEFFEA06
S21400F91018209DE504A08DE500A092E5042082E273
S21400F92007005AE10130D9E507A0A0B104909DE593
S21400F93018208DE59AFBFFEA183F0100283F0100DA
S21400F940043D0100F03C0100183D010070402DE927
S21400F9500150A0E10260A0E10040A0E116DEFFEB4E
S21400F9600630A0E10520A0E10410A0E17040BDE84B
S21400F97034FBFFEAF0412DE90140A0E101CBA0E312
S21400F98000E0A0E30260A0E10070A0E10380A0E137
S21400F99046DE4DE2BE30D4E108D04DE2BC10D1E1E7
S21400F9A0BE30CDE1643094E51C2094E50210C1E33E
S21400F9B064308DE5243094E5BC10CDE158008DE22E
S21400F9C068108DE208C08DE514C08DE51C208DE51D
S21400F9D024308DE518E08DE500108DE510108DE5DE
S21400F9E0660E00EB0620A0E10830A0E10D10A0E1B5
S21400F9F00700A0E113FBFFEB006050E2040000BA32
S21400FA000D10A0E10700A0E170D9FFEB000050E365
S21400FA100060E013BC30DDE1400013E3BC30D411DD
S21400FA2040308313BC30C41158008DE2550E00EBF5
S21400FA300600A0E146DE8DE208D08DE2F041BDE88A
S21400FA401EFF2FE1F0412DE90370A0E10040A0E188
S21400FA500150A0E10260A0E1D7DDFFEB34C090E5E5
S21400FA6024309FE500005CE303C0A001E0E09CE5D5
S21400FA700730A0E10620A0E10510A0E10400A0E107
S21400FA800EC0A0E1F041BDE81CFF2FE108460100D2
S21400FA90000051E30500000AFF0052E38A30A0830D
S21400FAA00020C1950010E0830110A09300308085EF
S21400FAB00100A0E11EFF2FE170402DE901E0A0E16A
S21400FAC000C0A0E330409FE50210A0E10050A0E196
S21400FAD00320A0E10E00A0E100C084E5140F00EBB7
S21400FAE0010070E30200001A003094E5000053E3C2
S21400FAF0003085157040BDE81EFF2FE1FC4B01006D
S21400FB0010402DE9920101E071DEFFEB004050E26B
S21400FB101800000A042014E50320C2E3042042E291
S21400FB20240052E31600008A130052E30420A0913A
S21400FB300C00009A0030A0E31B0052E3003084E57E
S21400FB40043084E5082084920600009A240052E3DC
S21400FB50083084E50C3084E51030840514308405C4
S21400FB6010208412182084020030A0E3003082E5C2
S21400FB70043082E5083082E50400A0E11040BDE8CC
S21400FB801EFF2FE10010A0E384E1FFEB0400A0E1DC
S21400FB901040BDE81EFF2FE10030A0E370402DE9C5
S21400FBA028409FE50050A0E10100A0E1003084E578
S21400FBB02C0E00EB010070E30200001A003094E502
S21400FBC0000053E3003085157040BDE81EFF2FE1AE
S21400FBD0FC4B0100F0412DE9004051E23B00000AD9
S21400FBE0000050E30060A0E10200000A383090E513
S21400FBF0000053E33900000A643094E5010013E383
S21400FC002F00001ABC30D4E1020C13E33C00000ABB
S21400FC10587084E20410A0E10600A0E15CD8FFEB77
S21400FC202C3094E5000053E30050A0E10500000AE4
S21400FC301C1094E50600A0E10FE0A0E113FF2FE101
S21400FC40000050E30050E0B3BC30D4E1800013E382
S21400FC502400001A301094E5000051E30500000A65
S21400FC60403084E2030051E10600A0111FDBFF1BB9
S21400FC700030A0E3303084E5441094E5000051E302
S21400FC800300000A0600A0E118DBFFEB0030A0E34B
S21400FC90443084E5D0D9FFEB0030A0E3642094E53F
S21400FCA0010012E3BC30C4E11200000A0700A0E124
S21400FCB0B40D00EBCED9FFEB0500A0E1F041BDE8A6
S21400FCC01EFF2FE1FC30D4E1000053E3CFFFFF1A04
S21400FCD00050A0E30500A0E1F041BDE81EFF2FE1C3
S21400FCE050D9FFEBC3FFFFEA101094E50600A0E131
S21400FCF0FEDAFFEBD6FFFFEA0700A0E1A30D00EB5C
S21400FD00E9FFFFEA587084E20700A0E1A10D00EBCE
S21400FD10FC30D4E1000053E3BDFFFF1A645094E5C5
S21400FD20015015E2E9FFFF1A0700A0E1970D00EB6E
S21400FD300500A0E1F041BDE81EFF2FE110402DE9CF
S21400FD400040A0E11CDDFFEB0410A0E11040BDE880
S21400FD509FFFFFEAF0432DE90CD04DE20080A0E1C2
S21400FD600170A0E10240A0E146DDFFEB010050E398
S21400FD703000000A5C3084E20720A0E104108DE227
S21400FD800800A0E1060900EB010070E30060A0E1B6
S21400FD902200000A000050E30410DD152C00000AC3
S21400FDA00050A0E304908DE2070000EA003094E5DE
S21400FDB0012083E2002084E50010C3E5015085E2BF
S21400FDC0050056E12200009A0910D5E7083094E5B0
S21400FDD0013043E2000053E3083084E5F2FFFFAA57
S21400FDE0182094E5020053E10030A0B30130A0A330
S21400FDF00A0051E30030A003000053E3EAFFFF1AB5
S21400FE000420A0E10800A0E1900800EB010070E3E8
S21400FE10E9FFFF1A0CD08DE2F043BDE81EFF2FE18C
S21400FE20BC30D4E1403083E3BC30C4E10CD08DE27A
S21400FE30F043BDE81EFF2FE1013047E2FE0053E32A
S21400FE40CBFFFF8AFF1007E20060A0E10410CDE5BB
S21400FE50D2FFFFEA0700A0E10CD08DE2F043BDE838
S21400FE601EFF2FE130402DE9643092E50240A0E10C
S21400FE70FC20D2E1010013E30238A0E10CD04DE2F1
S21400FE800050A0E12338A0110200001A020413E378
S21400FE902338A0E11900000A020A13E3643094052F
S21400FEA0022A8203023A8303BC20C401643084051C
S21400FEB00500A0E10420A0E1A5FFFFEB643094E577
S21400FEC0010013E30050A0E10200001ABC30D4E1A8
S21400FED0020C13E30300000A0500A0E10CD08DE23B
S21400FEE03040BDE81EFF2FE1580084E2270D00EBEE
S21400FEF00500A0E10CD08DE23040BDE81EFF2FE1EA
S21400FF00580084E204108DE5220D00EBFC20D4E1BD
S21400FF100238A0E12338A0E104109DE5DDFFFFEAEA
S21400FF2070402DE90050A0E10160A0E1A2DCFFEBEB
S21400FF30004050E20200000A383094E5000053E327
S21400FF40B8D8FF0B0620A0E10510A0E10400A0E150
S21400FF507040BDE8C2FFFFEA01C0A0E10030A0E3A8
S21400FF6070402DE92C409FE50050A0E10210A0E172
S21400FF700C00A0E1003084E5660D00EB010070E3A4
S21400FF800200001A003094E5000053E300308515A7
S21400FF907040BDE81EFF2FE1FC4B0100F0402DE94C
S21400FFA010E090E5C132A0E10E0053E1220000AA65
S21400FFB0145080E21F1011E20EE185E0034185E057
S21400FFC02300000A033195E7042084E202005EE184
S21400FFD03331A0E1207061E22B00009A0560A0E1B9
S21400FFE000C092E51C3783E1043086E4043092E4D6
S21400FFF002005EE13331A0E1F8FFFF8A04204EE004
S214010000052042E20320C2E3042082E2022085E0CA
S214010010000053E3003082E50430821205304200CE
S214010020053043104331A0E1000053E3103080E572
S2140100300300000AF040BDE81EFF2FE10030A0E3F8
S214010040103080E50030A0E3F040BDE8143080E5D4
S2140100501EFF2FE104005EE10430A08110208082A3
S214010060F5FFFF9A041093E403005EE10410A2E595
S214010070FBFFFF8A0430E0E10E3083E00330C3E388
S214010080043083E24331A0E1E6FFFFEA0520A0E168
S214010090DEFFFFEAF04F2DE934D04DE21C008DE57E
S2140100A060009DE50180A0E114208DE528308DE5F6
S2140100B08EDCFFEB003090E50300A0E10340A0E1F9
S2140100C010308DE577C1FFEB003098E50220D3E5CF
S2140100D0001084E0300052E308008DE50070A0E3D4
S2140100E001B051E54E01001A033083E20340A0E15E
S2140100F00120D3E4300052E3017087E2FAFFFF0AE1
S2140101008C679FE50230D6E7000053E39700000AAC
S2140101100030A0E30350A0E104308DE50030D4E5C3
S2140101200330D6E7000053E30490A0E10300000A81
S2140101300130F9E50330D6E7000053E3FBFFFF1A71
S21401014008209DE510109DE50900A0E1030300EBE2
S214010150000050E37400000A000055E30030D9E5C2
S2140101600C508D050200000A095045E00521A0E16A
S2140101700C208DE5500053E38E00000A700053E317
S2140101808C00000A0950A0E104309DE5000053E30D
S214010190009088E56E00001A043045E0013043E225
S2140101A0070053E304109DE5030000DAC330A0E125
S2140101B0070053E3011081E2FBFFFFCA1C009DE527
S2140101C04DE0FFEB050054E1143080E218008DE5A8
S2140101D024308DE56D01002A0390A0E108309DE5ED
S2140101E0013063E204709DE50080A0E320308DE5D8
S2140101F00A0000EA200057E30720A01104708712C6
S2140102004D00000A013055E50A50A0E10330D6E75B
S214010210040055E10F3003E2138288E11200009AD0
S214010220013055E50B0053E101A045E2F0FFFF1A4E
S21401023020309DE503308AE0040053E1ECFFFF3AED
S2140102400300A0E108209DE510109DE52C308DE50A
S214010250C20200EB2C309DE5000050E30350A001E4
S214010260E3FFFF1A040055E1ECFFFF8A048089E4EE
S21401027024309DE5039049E018309DE54991A0E1C1
S214010280109083E50800A0E1B8E0FFEB14309DE58F
S2140102908992A0E1004093E5000049E0040050E1A6
S2140102A0B50000CA0060A0A3D00000BA14309DE5D6
S2140102B00C209DE5083093E5030052E17E0000CA5C
S2140102C014109DE50C209DE5043091E5030052E1F4
S2140102D0970000BA0170A0E3000056E30800000A88
S2140102E014309DE50C3093E5020053E3F400000A58
S2140102F0030053E3F500000A010053E31B01000A63
S214010300107087E30700A0E158309DE518209DE5B1
S214010310002083E528309DE50C209DE5002083E53F
S21401032034D08DE2F04FBDE81EFF2FE1000055E30B
S214010330D700000A0030D9E58AFFFFEA0470A0E37F
S214010340008089E504209DE50080A0E3079089E010
S214010350ABFFFFEA000057E30670A0030070A0138E
S2140103600700A0E134D08DE2F04FBDE81EFF2FE17B
S21401037008509DE510109DE50520A0E10400A0E1D0
S214010380760200EB000050E35600000A0490A0E15C
S2140103900020D4E5500052E30200000A700052E348
S2140103A000908815EAFFFF1A0030A0E30C308DE5B7
S2140103B00130A0E304308DE50130D9E52B0053E38D
S2140103C01F00000A2D0053E301C0A003011089128B
S2140103D000C0A0131B00000A0330D6E7012043E249
S2140103E0180052E366FFFF8A0120D1E50220D6E716
S2140103F0010042E2180050E3103043E2011081E2AE
S2140104000700008A0100F1E5033183E0833082E0D2
S2140104100020D6E7010042E2180050E3103043E224
S214010420F7FFFF9A0C209DE500005CE300306312A5
S214010430033082E00950A0E10C308DE50190A0E187
S21401044050FFFFEA00C0A0E30230D9E5021089E2BE
S214010450E0FFFFEA18309DE5083093E5030055E11B
S214010460F50000AA0520A0E124309DE50100A0E3E7
S21401047018C09DE5001082E0020057E302218CE0DF
S21401048010108CE5140082E5D500000A010055E144
S214010490FD0000AA0110A0E318009DE5BEFEFFEBDB
S2140104A014309DE50C209DE5083093E5012082E29D
S2140104B0030052E10C208DE59C0000DAA370A0E356
S2140104C01C009DE518109DE5AEDFFFEB0030A0E3B4
S2140104D00700A0E158209DE5003082E534D08DE28A
S2140104E0F04FBDE81EFF2FE10520D4E70230D6E726
S2140104F0000053E30510A0E1059084E0A4FFFF0A85
S214010500300052E30940A0E10300001A0130F4E58F
S214010510300053E3FCFFFF0A0330D6E7012073E205
S2140105200020A0330950A0E104208DE50170A0E36E
S214010530FBFEFFEA025043E0050054E13A0000CA20
S2140105400C2091E5020052E3A100000A030052E3E9
S2140105507800000A010052E39100000A18109DE598
S2140105601C009DE587DFFFEB0030A0E358209DE5EA
S2140105705070A0E3003082E578FFFFEA045040E0C7
S2140105800510A0E118009DE5A1E2FFEB006050E236
S2140105900F00000A0160A0E3013045E224109DE54A
S2140105A0C322A0E1022191E71F1003E2162112E007
S2140105B00700000A060053E1770000DA021045E260
S2140105C018009DE592E2FFEB000050E37200000A7E
S2140105D00360A0E30C309DE50510A0E1053083E043
S2140105E018009DE50C308DE56BFEFFEB2EFFFFEA54
S2140105F0005044E00520A0E118109DE51C009DE593
S214010600D6E0FFEB0C209DE5143080E2052042E0A9
S21401061018008DE50C208DE524308DE50060A0E303
S21401062021FFFFEA024083E2B4FEFFEA000056E340
S214010630017045E20160A0130500001A000057E3AF
S2140106400300000A0710A0E118009DE570E2FFEB29
S2140106500060A0E10120A0E324109DE5C732A0E1DF
S214010660033191E71F7007E2123713E00510A0E18E
S21401067018009DE50260861347FEFFEB14309DE5EA
S214010680043093E5054044E00270A0E30C308DE5AC
S21401069010FFFFEA08109DE50130D9E70320D6E7F1
S2140106A0015089E0000052E30590A0E1ADFEFF0A8B
S2140106B00130F9E50320D6E7000052E3FBFFFF1AFD
S2140106C0A8FEFFEA5C309DE5013063E25C308DE513
S2140106D05C309DE5000053E308FFFF0A18009DE526
S2140106E0105090E524209DE50561A0E10210A0E1EF
S2140106F00230A0E100C0A0E3060082E0020000EAAA
S21401070004C083E4030050E151FFFF9A002093E503
S214010710010072E3F9FFFF0A012082E2020057E3BB
S214010720002083E52F00000A1F4014E23B00001A58
S2140107302170A0E3F2FEFFEA5C209DE5000052E393
S21401074085FFFF0A0120A0E328109DE5003081E522
S21401075018309DE524109DE5102083E5002081E5F5
S21401076058209DE56270A0E3003082E5FBFEFFEABB
S214010770020016E3E1FEFF0A24309DE5003093E512
S214010780036086E1010016E3D3FFFF1ADBFEFFEAF2
S21401079024909DE50080A0E3B3FEFFEA0260A0E39B
S2140107A08BFFFFEA050054E16BFFFF1A010054E3DB
S2140107B0E3FFFFDA011044E218009DE514E2FFEBC7
S2140107C0000050E364FFFF0A14309DE5043093E512
S2140107D0DBFFFFEA5C209DE5000052E3D8FFFF0A3D
S2140107E05DFFFFEA0310A0E114309DE5003093E5BC
S2140107F0013043E2030054E12270A013C0FEFF1A49
S2140108000120A0E3C432A0E1033191E71F4004E2D6
S214010810123413E02170A0132270A003B8FEFFEA81
S214010820063081E0040013E550DFFFEB204064E270
S214010830040050E1BDFFFFAA15FFFFEA18909DE5F1
S2140108401CA09DE5041099E50A00A0E1011081E2D3
S214010850A9DEFFEB0080A0E1102099E5022082E2EC
S2140108600221A0E10C1089E20C0080E2B4DDFFEB6E
S2140108700910A0E10A00A0E1C2DEFFEB18808DE5B9
S214010880143088E2102098E5F7FEFFEA0310A0E195
S214010890A4FFFFEA3C4001000120D1E4000052E33E
S2140108A000C090E51200000A04E02DE5020000EA0F
S2140108B00120D1E4000052E30800000A0130FCE503
S2140108C041E043E219005EE320308392020053E1E7
S2140108D0F6FFFF0A0000A0E304E09DE41EFF2FE1FF
S2140108E001C08CE200C080E504E09DE40100A0E3C5
S2140108F01EFF2FE101C08CE200C080E50100A0E3ED
S2140109001EFF2FE1F04F2DE9003091E514D04DE2A6
S214010910C312A0E11F3013E20C308DE5013182E0F5
S21401092004308DE50430831204308D150030A0E3C9
S21401093008008DE504009DE50310A0E1043000E504
S21401094003B0A0E10370A0E108309DE500C093E587
S214010950048040E20100DCE5000050E30850A0E11D
S21401096008E0A0E104A29FE501408CE22700000A0E
S2140109700030DAE7000053E35000001A200050E38D
S2140109805D00008A0B0057E11B0000DA05005EE1FE
S2140109900030A0230130A033070051E30030A0C38C
S2140109A0000053E30B00000A0E30A0E1081061E2DC
S2140109B00161A0E100109EE5209066E2040093E547
S2140109C010C981E13016A0E100C083E50410A3E55B
S2140109D0030055E1F8FFFF8A02005EE10810A093CC
S2140109E00500009A0030A0E304504EE204300EE504
S2140109F007B0A0E105E0A0E10310A0E104C0A0E17A
S214010A000100DCE5000050E301408CE2D7FFFF1A4D
S214010A10000057E33A00000A05005EE10030A0231B
S214010A200130A033070051E30030A0C3000053E3B8
S214010A300B00000A0E00A0E1083061E20331A0E1DC
S214010A4000109EE5206063E204C090E51C4681E14B
S214010A503C13A0E1004080E50410A0E5000055E14C
S214010A60F8FFFF8A02005EE12900009A0230A0E149
S214010A7004109EE40E0058E1041083E4FBFFFF2AF5
S214010A800010A0E3041083E4030058E1FCFFFF2AF2
S214010A9004309DE5043013E5020000EA080052E147
S214010AA02600000A043038E5000053E3FAFFFF0A87
S214010AB00500A0E314D08DE2F04FBDE81EFF2FE144
S214010AC0011081E2080051E3017087E2050000DAB7
S214010AD002005EE1C8FFFF9A0000A0E30110A0E358
S214010AE004000EE504E04EE200009EE50F3003E24E
S214010AF0003283E100308EE5BFFFFFEA290050E3B4
S214010B001400000A0400A0E314D08DE2F04FBDE803
S214010B101EFF2FE10C309DE5000053E3DBFFFF0ACB
S214010B200000E0E304C09DE50C309DE504101CE5E3
S214010B30203063E2303301E004300CE5D9FFFFEAF0
S214010B400130A0E30500A0E3003082E514D08DE279
S214010B50F04FBDE81EFF2FE108309DE502C08CE294
S214010B60000057E300C083E5AAFFFF1AE4FFFFEA8F
S214010B703C4001000030A0E370402DE928409FE58D
S214010B800050A0E10100A0E1003084E5810A00EBFD
S214010B90010070E30200001A003094E5000053E300
S214010BA0003085157040BDE81EFF2FE1FC4B0100AB
S214010BB070402DE901E0A0E100C0A0E330409FE5D0
S214010BC00210A0E10050A0E10320A0E10E00A0E188
S214010BD000C084E5830A00EB010070E30200001AFE
S214010BE0003094E5000053E3003085157040BDE801
S214010BF01EFF2FE1FC4B010070402DE901E0A0E152
S214010C0000C0A0E330409FE50210A0E10050A0E143
S214010C100320A0E10E00A0E100C084E5AC0A00EBD1
S214010C20010070E30200001A003094E5000053E36F
S214010C30003085157040BDE81EFF2FE1FC4B01001A
S214010C4070402DE90140A0E1001091E5000051E35C
S214010C500050A0E1F9FFFF1B0410A0E10500A0E190
S214010C6022D7FFEB7040BDE81EFF2FE1E8309FE57D
S214010C70003093E5000053E11EFF2F014C3090E554
S214010C80000053E370402DE90050A0E10F00000A78
S214010C900060A0E3061093E7000051E30500000A98
S214010CA0004091E50500A0E110D7FFEB001054E2EB
S214010CB0FAFFFF1A4C3095E5046086E2800056E3A1
S214010CC0F3FFFF1A0310A0E10500A0E107D7FFEB31
S214010CD0401095E5000051E30500A01103D7FF1B66
S214010CE0481195E5000051E30800000A536F85E2BC
S214010CF0060051E10500000A004091E50500A0E16B
S214010D00FAD6FFEB040056E10410A0E1F9FFFF1A42
S214010D10541095E5000051E30500A011F3D6FF1B22
S214010D20383095E5000053E30100001A7040BDE835
S214010D301EFF2FE13C3095E50500A0E10FE0A0E1A4
S214010D4013FF2FE1E01295E5000051E3F6FFFF0ADD
S214010D500500A0E17040BDE8B8FFFFEAD8410100F8
S214010D60000052E33700000A013080E1033013E24D
S214010D70F0402DE91F00001A030052E31D00009AFF
S214010D8000C090E500E091E50E005CE11900001A54
S214010D90042052E22D00000AC8509FE5C8609FE576
S214010DA005E08CE00CC0CEE106001CE104008002E8
S214010DB0041081020B00000A240000EA043090E4CB
S214010DC0004091E505C083E0040053E103C0CCE197
S214010DD0041081E22000001A042052E21B00000ADF
S214010DE006001CE11900001A030052E30070A0E19E
S214010DF001E0A0E1F0FFFF8A0030D0E500C0D1E5B8
S214010E0003005CE1012042E20B00001A000052E3FD
S214010E1000005C130300001A0C0000EA000052E315
S214010E20000053130900000A0130F0E501C0F1E5A6
S214010E300C0053E1012042E2F7FFFF0A0C0043E0F9
S214010E40F040BDE81EFF2FE10200A0E11EFF2FE1EA
S214010E500000A0E3F040BDE81EFF2FE10E10A0E168
S214010E600700A0E1E3FFFFEAFFFEFEFE8080808030
S214010E70F04F2DE9083092E5000053E30CD04DE227
S214010E800280A0E15800000A00A0A0E10140A0E114
S214010E90007092E5085091E5000091E5330000EA04
S214010EA0BC30D4E1120D13E32200000A101084E2D4
S214010EB0060091E801B040E0822082E001508BE21A
S214010EC0A22F82E0065085E0C220A0E1020055E193
S214010ED00250A0910520A081010B13E32F00000A08
S214010EE00210A0E10A00A0E179D9FFEB003050E240
S214010EF03100000A0B20A0E1101094E504308DE5C6
S214010F000FDCFFEBBC20D4E1122DC2E3802082E38C
S214010F10BC20C4E104309DE50B0083E00BB045E046
S214010F2008B084E5145084E506B0A0E10650A0E1BF
S214010F30103084E5000084E50B20A0E10910A0E153
S214010F4044DCFFEB083098E5082094E5000094E5C2
S214010F50066043E0055042E00B0080E0000056E3E7
S214010F60085084E5000084E5086088E51E00000A54
S214010F70046097E5000056E30730A0E1087087E2B9
S214010F80FAFFFF0A050056E1009093E505B0A0E1DF
S214010F90C2FFFF2A0650A0E106B0A0E1E5FFFFEA86
S214010FA00A00A0E13AE0FFEB003050E2D9FFFF1A59
S214010FB0101094E50A00A0E14CD6FFEB0C30A0E33C
S214010FC00020A0E30000E0E300308AE5BC30D4E175
S214010FD0403083E3BC30C4E1082088E5042088E57E
S214010FE00CD08DE2F04FBDE81EFF2FE10000A0E31C
S214010FF0040088E50CD08DE2F04FBDE81EFF2FE11E
S214011000F04F2DE9B4D04DE201C0A0E10C108DE502
S214011010BC10D1E1800011E31C308DE514008DE594
S2140110200200000A10309CE5000053E3D303000AD7
S2140110300030A0E30280A0E170A08DE2BCBF9FE576
S21401104028308DE504308DE544308DE540308DE562
S2140110503CA08DE510908BE20030D8E5000053E30C
S214011060250053130840A0E11300000A0130F4E5FF
S214011070000053E325005313FBFFFF1A085054E00A
S2140110800D00000A40309DE544209DE5013083E2D5
S214011090070053E3052082E000808AE504508AE5D4
S2140110A040308DE544208DE508A08AD25A0300CA57
S2140110B004309DE5053083E004308DE50030D4E54D
S2140110C0000053E3D002000A0010A0E30030A0E3C2
S2140110D0018084E23730CDE50070E0E30130D4E5ED
S2140110E001C0A0E10100A0E10160A0E101E0A0E3F0
S2140110F02B40A0E32050A0E3018088E2202043E2B9
S214011100580052E302F19F978B0200EA9813010000
S2140111103C1B01003C1B01008C1301003C1B010021
S2140111203C1B01003C1B01003C1B01003C1B010059
S2140111303C1B0100701201007C1301003C1B0100E6
S2140111408C120100181901003C1B01000C1901004A
S214011150E8180100E8180100E8180100E818010085
S214011160E8180100E8180100E8180100E818010075
S214011170E81801003C1B01003C1B01003C1B010060
S2140111803C1B01003C1B01003C1B01003C1B0100F9
S2140111903C1B01003C1B01003C1B01002018010008
S2140111A03C1B01003C1B01003C1B01003C1B0100D9
S2140111B03C1B01003C1B01003C1B01003C1B0100C9
S2140111C03C1B01003C1B0100F01701003C1B010009
S2140111D03C1B01003C1B01003C1B01003C1B0100A9
S2140111E0C01701003C1B01003C1B01007C170100DD
S2140111F03C1B01003C1B01003C1B01003C1B010089
S2140112003C1B01003C1B01003C1B01003C1B010078
S2140112103C1B01003C1B0100AC130100BC19010082
S2140112203C1B01003C1B01003C1B0100B0190100E6
S214011230BC1901003C1B01003C1B01009419010074
S2140112403C1B010058190100D01201008C1A010044
S214011250801A01003C1B0100181A01003C1B01000A
S214011260981201003C1B01003C1B01000813010001
S2140112701C309DE5000093E5043083E2000050E356
S2140112801C308DE5010000AA000060E2046086E3E0
S2140112900030D8E597FFFFEA200016E318008DE539
S2140112A01C309DE54A01001A100016E33002001AB0
S2140112B0400016E32E02000AB040D3E1043083E278
S2140112C00120A0E31C308DE50050A0E3FC0100EAFC
S2140112D0200016E318008DE51C309DE54801001A34
S2140112E0100016E32802001A400016E32602000A40
S2140112F0B040D3E1043083E20020A0E31C308DE54A
S2140113000050A0E3EE0100EA000051E3F02C9FE557
S21401131037C0CD15200016E328208DE518008DE591
S2140113201C209DE51C01001A100016E30B03001A91
S214011330400016E30050A0130050A003B040D211A5
S2140113400040920504208212042082021C208D1582
S2140113501C208D05010016E31601000A052094E104
S2140113601401000A3020A0E33930CDE53820CDE560
S214011370026086E30220A0E3D10100EA0030D8E54E
S2140113800E10A0E104C0A0E15AFFFFEA016086E367
S2140113900030D8E557FFFFEA00005CE30030D8E5EF
S2140113A00E10A00105C0A00152FFFFEA0130A0E324
S2140113B018008DE50320A0E10000A0E31C109DE5C8
S2140113C000308DE5003091E54830CDE5043081E20E
S2140113D01C308DE548308DE23700CDE510208DE5D7
S2140113E024308DE50070A0E308608DE508309DE5AA
S2140113F0025013E200309D150230831200308D1525
S21401140008309DE5843013E220308DE53E00001A59
S21401141018309DE500209DE5024043E0000054E3BE
S214011420390000DA100054E3E10200DA40309DE5AD
S2140114302C708DE50A00A0E10470A0E105A0A0E1F2
S2140114401060A0E344209DE50310A0E114409DE553
S2140114500C509DE5020000EA107047E2100057E3C9
S214011460140000DA011081E2070051E3102082E245
S21401147000B080E5046080E540108DE544208DE5F0
S214011480080080D2F3FFFFDA3C208DE20510A0E1D0
S2140114900400A0E175FEFFEB000050E3E001001A36
S2140114A0107047E240108DE2100057E370008DE2A5
S2140114B0060091E8EAFFFFCA0A50A0E10130A0E168
S2140114C000A0A0E10740A0E12C709DE5013083E279
S2140114D0070053E3022084E000B08AE504408AE571
S2140114E040308DE544208DE508A08AD2080000DA58
S2140114F03C208DE20C109DE514009DE55BFEFFEBA4
S214011500000050E3C601001A70A08DE244209DE55C
S21401151040309DE53710DDE5000051E30A00000A82
S2140115200100A0E3003083E0070053E3002082E0DF
S21401153037108DE204008AE500108AE540308DE51B
S21401154044208DE508A08AD2450200CA000055E372
S2140115500A00000A0200A0E3013083E2070053E319
S214011560002082E038108DE204008AE500108AE54A
S21401157040308DE544208DE508A08AD22E0200CAAF
S21401158020109DE5800051E3AF01000A10109DE593
S214011590017047E0000057E32F0000DA100057E320
S2140115A01B0000DA1050A0E314409DE50C609DE599
S2140115B0020000EA107047E2100057E3140000DA58
S2140115C0013083E2070053E3102082E200908AE5AF
S2140115D004508AE540308DE544208DE508A08AD286
S2140115E0F3FFFFDA3C208DE20610A0E10400A0E143
S2140115F01EFEFFEB000050E38901001A107047E25F
S214011600100057E370A08DE244209DE540309DE533
S214011610EAFFFFCA013083E2070053E3072082E0B6
S21401162000908AE504708AE540308DE544208DE51A
S21401163008A08AD2080000DA3C208DE20C109DE555
S21401164014009DE509FEFFEB000050E37401001A4B
S21401165044209DE540309DE570A08DE2013083E297
S21401166010109DE5070053E340308DE524309DE5DD
S214011670022081E000308AE504108AE544208DE5E9
S21401168008A08AD2AA0100CA08309DE5040013E327
S2140116902C00000A18309DE500109DE5014043E04E
S2140116A0000054E3270000DA100054E340309DD5D3
S2140116B01C0000DA1050A0E340309DE514609DE563
S2140116C00C709DE5020000EA104044E2100054E36D
S2140116D0140000DA013083E2070053E3102082E2AF
S2140116E000B08AE504508AE540308DE544208DE55A
S2140116F008A08AD2F3FFFFDA3C208DE20710A0E1B2
S2140117000600A0E1D9FDFFEB000050E34401001AFA
S214011710104044E2100054E370A08DE244209DE5A1
S21401172040309DE5EAFFFFCA013083E2042082E0F3
S214011730070053E340308DE544208DE500B08AE58F
S21401174004408AE5D00100CA04309DE518109DE5E5
S21401175000009DE5000051E1013083A0003083B018
S214011760000052E304308DE57A01001A0030A0E350
S21401177070A08DE240308DE536FEFFEA000051E3B1
S21401178080289FE537C0CD15200016E328208DE57B
S21401179018008DE51C209DE5E2FEFF0A072082E287
S2140117A00720C2E3081082E2010016E31C108DE553
S2140117B0300092E8E8FEFF1A0220A0E3C00000EA2B
S2140117C0106086E3200016E318008DE51C309DE5C9
S2140117D0B4FEFF0A073083E20730C3E3082083E242
S2140117E01C208DE5300093E80120A0E3B40000EA58
S2140117F0106086E3200016E318008DE51C309DE599
S214011800B6FEFF0A073083E20730C3E3082083E20F
S2140118101C208DE5300093E80020A0E3A80000EA34
S214011820000051E3106086E337C0CD15200016E3B3
S21401183018008DE56500001A100016E3CC01001AA9
S214011840400016E39F01001A1C109DE5004091E53B
S214011850C45FA0E10420A0E10530A0E1041081E20C
S2140118601C108DE5000052E30030D3E2620000BA9E
S2140118703730DDE5010077E320308DE50120A0E378
S2140118809400001A010052E34101000A020052E3EB
S21401189070108D12C300001A70308DE20320A0E193
S2140118A028C09DE52432A0E1053E83E12502A0E1A2
S2140118B00F1004E20050A0E10340A0E10130DCE794
S2140118C0051094E1013062E5F5FFFF1A0230A0E150
S2140118D024208DE570208DE2033042E008608DE51E
S2140118E010308DE58B0000EA0000A0E3302043E2D3
S2140118F00130D8E4000180E0800082E0302043E23D
S214011900090052E3F9FFFF9AFBFDFFEA806086E3D8
S2140119100030D8E5F7FDFFEA0030D8E52A0053E3AA
S214011920017088E2B901000A302043E2090052E35F
S2140119300780A0E10070A0E3EFFDFF8A0130D8E444
S214011940077187E0877082E0302043E2090052E3A6
S214011950F9FFFF9AE8FDFFEA000051E337C0CD1515
S214011960200016E36501001A100016E37401001A40
S214011970400016E37201000A1C209DE5003092E546
S214011980042082E21C208DE5B420DDE1B020C3E115
S214011990B0FDFFEA0030D8E56C0053E30130D8050E
S2140119A0206086030180880210608613D1FDFFEA5D
S2140119B0406086E30030D8E5CEFDFFEA000051E343
S2140119C037C0CD15200016E318008DE599FFFF0AF4
S2140119D01C309DE5073083E20710C3E30C0091E855
S2140119E0000052E3081081E20350A0E10030D3E288
S2140119F01C108DE50240A0E19CFFFFAA2D30A0E35C
S214011A00004074E20050E5E23730CDE520308DE548
S214011A100120A0E32D0000EA1C309DE5002093E59F
S214011A2024208DE5000052E30020A0E318008DE598
S214011A303720CDE5044083E26001000A010077E328
S214011A403601000A24509DE50720A0E10010A0E31E
S214011A500500A0E1F6D8FFEB000050E36001000AA4
S214011A60053040E010308DE53730DDE51C408DE572
S214011A7008608DE520308DE50070A0E3250000EAC2
S214011A80206086E30030D8E59AFDFFEA3020A0E327
S214011A907830A0E33820CDE50050A0E30220A0E393
S214011AA01C109DE53930CDE5043081E21C308DE512
S214011AB04C359FE518008DE5004091E528308DE511
S214011AC0026086E30030A0E320308DE53730CDE5B7
S214011AD0010077E36AFFFF0A053084E1000053E363
S214011AE0000057038030C6E308308DE5A500001AD4
S214011AF0000052E39E00001A013016E210308DE518
S214011B0070308D0224308D053030A013B0208D1238
S214011B104130621524208D1510309DE5030057E1F4
S214011B200730A0A120209DE5000052E300308DE59E
S214011B300130831200308D152BFEFFEA000051E3C1
S214011B4037C0CD15000053E318008DE52E00000ABE
S214011B504830CDE50030A0E30120A0E33730CDE5E5
S214011B6048308DE200208DE510208DE524308DE58E
S214011B701BFEFFEA004093E5043083E20120A0E368
S214011B801C308DE50050A0E3CDFFFFEA004093E551
S214011B90043083E20020A0E31C308DE50050A0E372
S214011BA0C7FFFFEA0210A0E1A421A0E1852E82E191
S214011BB0A501A0E1073004E20050A0E10240A0E147
S214011BC0303083E2052094E1013041E5012041E215
S214011BD0F3FFFF1A300053E30030A0030130061272
S214011BE0000053E3BF00000A3030A0E3021041E2D8
S214011BF070008DE224108DE5011040E008608DE54F
S214011C0010108DE5013042E5C2FFFFEA44309DE544
S214011C10000053E314009D153C208D120C109D15F9
S214011C2092FCFF1B0C309DE5BC30D3E1400013E372
S214011C3004309DE50030E01304308DE504009DE599
S214011C40B4D08DE2F04FBDE81EFF2FE118109DE5E0
S214011C5000009DE5004041E0000054E34AFEFFDA43
S214011C60100054E31F0000DA0A10A0E11050A0E3B0
S214011C7004A0A0E114609DE50C409DE5020000EA89
S214011C8010A04AE210005AE3140000DA013083E2A1
S214011C90070053E3102082E2009081E5045081E5BD
S214011CA040308DE544208DE5081081D2F3FFFFDA40
S214011CB03C208DE20410A0E10600A0E16BFCFFEBE6
S214011CC0000050E3D6FFFF1A10A04AE210005AE3C4
S214011CD070108DE244209DE540309DE5EAFFFFCA85
S214011CE00A40A0E101A0A0E1013083E2070053E32E
S214011CF0042082E000908AE504408AE540308DE5C4
S214011D0044208DE508A08AD21FFEFFDA3C208DE232
S214011D100C109DE514009DE554FCFFEB000050E31C
S214011D20BFFFFF1A70A08DE244209DE540309DE57F
S214011D3015FEFFEA3C208DE20C109DE514009DE5A2
S214011D404AFCFFEB000050E3B5FFFF1A70A08DE2DE
S214011D5044209DE54BFEFFEA3C208DE20C109DE5FC
S214011D6014009DE541FCFFEB000050E37EFEFF0AF8
S214011D70ABFFFFEA0030A0E310308DE570308DE256
S214011D8024308DE563FFFFEA010052E30360A0E122
S214011D90BDFEFF1A000055E3090054034200009AF5
S214011DA070308DE200A08DE507A0A0E10670A0E1ED
S214011DB00360A0E10400A0E10510A0E10A20A0E371
S214011DC00030A0E3080500EB302082E2012066E542
S214011DD00400A0E10510A0E10030A0E30A20A0E382
S214011DE0010500EB0040A0E10150A0E1053094E1BF
S214011DF0EFFFFF1A0630A0E124608DE50760A0E141
S214011E0070208DE2033042E00A70A0E108608DE5A3
S214011E1000A09DE510308DE53EFFFFEA3C208DE2F7
S214011E200C109DE514009DE510FCFFEB000050E34F
S214011E307BFFFF1A70A08DE29CFCFFEA3C208DE23E
S214011E400C109DE514009DE508FCFFEB000050E337
S214011E5073FFFF1A70A08DE244209DE540309DE59A
S214011E60C6FDFFEA3C208DE20C109DE514009DE5C1
S214011E70FEFBFFEB000050E369FFFF1A70A08DE246
S214011E8044209DE540309DE5AFFDFFEA3C208DE214
S214011E900C109DE514009DE5F4FBFFEB000050E3FC
S214011EA05FFFFF1A44209DE526FEFFEAB0308DE273
S214011EB0304084E2414063E508608DE510208DE501
S214011EC024308DE513FFFFEA1C309DE5F040D3E199
S214011ED0043083E2C45FA0E11C308DE50420A0E15C
S214011EE00530A0E15EFEFFEA70308DE2023043E08D
S214011EF008608DE510308DE524208DE505FFFFEAAD
S214011F001C309DE504209DE5001093E5043083E236
S214011F101C308DE5C23FA0E10C0081E84DFCFFEAD4
S214011F2024009DE51C408DE508608DE5DDB9FFEBDD
S214011F303730DDE510008DE520308DE50070A0E33B
S214011F40F4FEFFEA1C209DE5003092E5042082E2C3
S214011F501C208DE504209DE5002083E53DFCFFEA7D
S214011F60004092E5042082E21C208DE50050A0E3AB
S214011F70F7FCFFEA1C309DE5004093E5D3FFFFEA3E
S214011F804010A0E300208DE551D5FFEB0C309DE518
S214011F90000050E3000083E5100083E500209DE586
S214011FA02400000A4030A0E30C109DE5143081E5C2
S214011FB01EFCFFEA44209DE540309DE542FDFFEA18
S214011FC0060057E30730A0310630A02310308DE518
S214011FD000308DE530309FE51C408DE524308DE5E1
S214011FE0FFFCFFEA3730DDE510708DE51C408DE51E
S214011FF008608DE50070A0E320308DE5C5FEFFEAA0
S2140120003C410100043D0100F03C0100183D010087
S2140120101C209DE500708DE5007092E5042082E2AB
S214012020010077E30130D8E50070E0B300809DE55C
S2140120301C208DE52FFCFFEA0020E0E30C30A0E336
S21401204004208DE514209DE5003082E5FAFEFFEAC6
S214012050F0412DE9006050E20150A0E10240A0E10C
S2140120600200000A383096E5000053E34200000AF9
S214012070FC10D4E1180094E50138A0E1020713E34F
S2140120802328A0E1080084E52200000A103094E528
S214012090000053E31F00000A020A12E364209405BD
S2140120A0022AC203021A810364208405002094E5F3
S2140120B0BC10C401141094E5033042E0FF5005E261
S2140120C0010053E10570A0E1013083B2220000AAAD
S2140120D0081094E5010082E2011041E2081084E54F
S2140120E0000084E50050C2E5142094E5030052E1A7
S2140120F01200000ABC30D4E10A0055E30050A013D8
S21401210001500302000055E30C00001A0700A0E18D
S214012110F041BDE81EFF2FE10410A0E10600A0E19A
S2140121200EC8FFEB000050E30900001AFC10D4E1D2
S2140121300128A0E1103094E52228A0E1D5FFFFEAAE
S2140121400410A0E10600A0E1A0CFFFEB000050E3E1
S214012150EDFFFF0A0070E0E3EBFFFFEA0410A0E1E9
S2140121600600A0E199CFFFEB000050E3F8FFFF1A4D
S2140121700130A0E3002094E5D4FFFFEA29D0FFEB6D
S214012180BAFFFFEA70402DE90150A0E10040A0E14E
S21401219009D4FFEB0520A0E10410A0E17040BDE8E2
S2140121A0AAFFFFEAF0402DE9006051E214D04DE2AB
S2140121B00040A0E10350A0E11400000A0270A0E173
S2140121C0FDD3FFEB343090E574209FE5000053E328
S2140121D00230A0010610A0E10720A0E1E06093E52F
S2140121E00400A0E10530A0E10FE0A0E116FF2FE119
S2140121F0010070E30020A0038A30A00300208505BB
S2140122000030840514D08DE2F040BDE81EFF2FE1BA
S214012210E9D3FFEB343090E524209FE5000053E33B
S2140122200230A00104108DE20620A0E10400A0E126
S214012230E06093E50530A0E10FE0A0E116FF2FE195
S214012240EAFFFFEA08460100F0402DE90040A0E160
S21401225014D04DE20170A0E10260A0E1D6D3FFEBFD
S214012260000054E30050A0E11300000AD2D3FFEBB4
S214012270343090E574209FE5000053E30230A0015E
S2140122800410A0E10720A0E1E04093E50500A0E1ED
S2140122900630A0E10FE0A0E114FF2FE1010070E39A
S2140122A00020A0038A30A0030020860500308505A3
S2140122B014D08DE2F040BDE81EFF2FE1BED3FFEB48
S2140122C0343090E524209FE5000053E30230A0015E
S2140122D004108DE20420A0E10500A0E1E04093E5B2
S2140122E00630A0E10FE0A0E114FF2FE1EAFFFFEACC
S2140122F008460100012051E21EFF2F013600003A78
S214012300010050E12200009A020011E12300000AB8
S2140123100E0211E38111A0010830A0030130A013C1
S214012320010251E3000051310112A0310332A03104
S214012330FAFFFF3A020151E3000051318110A0314A
S2140123408330A031FAFFFF3A0020A0E3010050E1FC
S2140123500100402003208221A10050E1A10040207D
S214012360A3208221210150E1210140202321822145
S214012370A10150E1A1014020A3218221000050E3E8
S2140123802332B0112112A011EFFFFF1A0200A0E1C3
S2140123901EFF2FE10100A0030000A0131EFF2FE186
S2140123A0010851E32118A0211020A0230020A0330A
S2140123B0010C51E32114A02108208222100051E3D0
S2140123C02112A02104208222040051E303208282EC
S2140123D0A12082903002A0E11EFF2FE1000050E311
S2140123E00000E013590000EA000051E3FAFFFF0A7B
S2140123F003402DE9BEFFFFEB0640BDE8920003E077
S214012400031041E01EFF2FE1000051E34300000AE4
S21401241001C020E000106142012051E22700000ABD
S2140124200030B0E100306042010053E12600009A1E
S214012430020011E12800000A0E0211E38111A00139
S2140124400820A0030120A013010251E3030051312B
S2140124500112A0310222A031FAFFFF3A020151E334
S214012460030051318110A0318220A031FAFFFF3ADA
S2140124700000A0E3010053E1013043200200802167
S214012480A10053E1A1304320A2008021210153E1A4
S2140124902131432022018021A10153E1A1314320B2
S2140124A0A2018021000053E32222B0112112A011C3
S2140124B0EFFFFF1A00005CE3000060421EFF2FE101
S2140124C000003CE1000060421EFF2FE10000A03347
S2140124D0CC0FA001010080031EFF2FE1010851E38C
S2140124E02118A0211020A0230020A033010C51E3C5
S2140124F02114A02108208222100051E32112A021DC
S21401250004208222040051E303208282A1208290CB
S21401251000005CE33302A0E1000060421EFF2FE1F1
S214012520000050E30201E0C30201A0B3070000EA85
S214012530000051E3F9FFFF0A03402DE9B3FFFFEB6B
S2140125400640BDE8920003E0031041E01EFF2FE1C4
S2140125501EFF2FE1021121E2000000EA023123E210
S21401256030402DE98140A0E18350A0E1050034E12F
S2140125700200300100C0941102C09511C4CAF011C6
S214012580C5CAF0118C00000AA44AA0E1A55A74E05D
S214012590005065B2060000DA054084E0022020E023
S2140125A0033021E0000022E0011023E0022020E0B9
S2140125B0033021E0360055E33040BD881EFF2F81F1
S2140125C0020111E30116A0E101C6A0E321168CE188
S2140125D00100000A000070E20010E1E2020113E3CC
S2140125E00336A0E123368CE10100000A002072E2E6
S2140125F00030E3E2050034E16900000A014044E2EC
S21401260020E075E2050000BA12CEA0E1320590E0A6
S2140126100010A1E2130E90E05315B1E0060000EAA7
S214012620205045E220E08EE2010052E313CEA0E105
S21401263002C08C23530590E0C31FB1E0025101E2B2
S2140126400200005A00C07CE20000F0E20010E1E265
S214012650010651E30F00003A020651E30600003A74
S214012660A110B0E16000B0E16CC0A0E1014084E2DD
S214012670842AA0E1010572E36B00002A02015CE3F3
S214012680A0C0B0010000B0E2041AA1E0051081E18B
S2140126903040BDE81EFF2FE18CC0B0E10000B0E085
S2140126A00110A1E0010611E3014044E2F2FFFF1A26
S2140126B0000031E31430A0133430A0030010A00151
S2140126C00000A0030120A0E1010852E32228A02176
S2140126D010304322010C52E32224A0210830432269
S2140126E0100052E32222A02104304322040052E3C8
S2140126F002304322A2304330A23143E0202053E28D
S214012700070000AA0C2092E2040000DA14C082E25C
S2140127100C2062E2110CA0E13112A0E1040000EAF3
S214012720142082E220C062D21112A0E1301C81D1B5
S2140127301002A0D1034054E0041A81A0051081A123
S2140127403040BDA81EFF2FA10440E0E11F4054E227
S2140127500F0000AA0C4094E2060000CA144084E26E
S214012760202064E23004A0E1110280E1311485E109
S2140127703040BDE81EFF2FE10C4064E2202064E2F9
S2140127803002A0E1110480E10510A0E13040BDE86F
S2140127901EFF2FE13104A0E10510A0E13040BDE8A5
S2140127A01EFF2FE1000034E3013623E20116210269
S2140127B001408402015045128FFFFFEAC4CAF0E1CE
S2140127C0C5CAF0111D00000A050034E102003001FF
S2140127D00400000A00C094E10310A0010200A00159
S2140127E03040BDE81EFF2FE1030031E10010A013C9
S2140127F00000A0133040BD181EFF2F11A4CAB0E17F
S2140128000400001A8000B0E10110B1E0021181233A
S2140128103040BDE81EFF2FE1014594E201168132EA
S2140128203040BD381EFF2F31025101E27F1485E38F
S2140128300F1681E30000A0E33040BDE81EFF2FE144
S214012840C4CAF0E10310A0110200A011C5CAF0012C
S2140128500130A0110020A011014690E1035692011B
S21401286003003101021781133040BDE81EFF2FE13E
S214012870000030E30010A0031EFF2F0130402DE9B9
S214012880014BA0E3324084E20050A0E30010A0E335
S21401289086FFFFEA000030E30010A0031EFF2F01B1
S2140128A030402DE9014BA0E3324084E2025110E2B0
S2140128B0000060420010A0E37CFFFFEA8020B0E148
S2140128C0C211A0E16110A0E1020EA0E1FF341212D4
S2140128D0FF0433130E1321121EFF2F11000032E3E3
S2140128E0FF0433131EFF2F0130402DE90E4DA0E3E8
S2140128F0025101E20211C1E36CFFFFEA012090E1FF
S2140129001EFF2F0130402DE90050A0E3060000EA2B
S214012910012090E11EFF2F0130402DE9025111E206
S2140129200100005A000070E20010E1E2014BA0E352
S214012930324084E221CBB0E144FFFF0A0320A0E34A
S214012940ACC1B0E103208212ACC1B0E10320821217
S214012950AC2182E0203062E210C3A0E13002A0E1A7
S214012960110380E13112A0E1024084E037FFFFEA63
S21401297070402DE9FFC0A0E307CC8CE3214A1CE0A0
S214012980235A1C100C0034110C0035117500000B75
S214012990054084E0036021E08C1AC1E18C3AC3E172
S2140129A0015690E103569211011681E3013683E345
S2140129B01D00000A90C28EE00050A0E391E2A5E05F
S2140129C0022106E290E3A5E00060A0E39153A6E0B1
S2140129D000003CE301E08E13FF4044E2020C56E3A4
S2140129E0034CC4E20200002A8EE0B0E10550B5E0D7
S2140129F00660A6E0861582E1A51A81E18505A0E1BB
S214012A00AE0A80E18EE5A0E1FDC054E2070C5C83CE
S214012A101100008A02015EE3A0E0B0010000B0E20E
S214012A20041AA1E07040BDE81EFF2FE1026106E234
S214012A30011086E1020080E1031021E0AC4054E081
S214012A400C5074C0041A81C17040BDC81EFF2FC14E
S214012A50011681E300E0A0E3014054E25D0000CAF4
S214012A60360074E30000A0D3021101D27040BDD835
S214012A701EFF2FD1004064E2204054E21A0000AA53
S214012A800C4094E20C0000CA144084E2205064E238
S214012A901035A0E13004A0E1110580E1022101E238
S214012AA00211C1E3A30F90E03114A2E083E09EE19E
S214012AB0A30FC0017040BDE81EFF2FE10C4064E289
S214012AC0205064E21034A0E13005A0E1110480E159
S214012AD0021101E2A30F90E00010A1E283E09EE163
S214012AE0A30FC0017040BDE81EFF2FE1205064E235
S214012AF010E58EE13034A0E1113583E13104A0E127
S214012B00021101E23104C0E1A30F80E083E09EE1FF
S214012B10A30FC0017040BDE81EFF2FE1000034E3A3
S214012B200800001A026101E28000B0E10110A1E094
S214012B30010611E301404402FAFFFF0A061081E193
S214012B40000035E31EFF2F11026103E28220B0E18F
S214012B500330A3E0010613E301504502FAFFFF0A22
S214012B60063083E11EFF2FE10C0034E1235A0CE00E
S214012B700C0035110700000A816090E18360921114
S214012B80E5FFFF1A031021E0021101E20000A0E3B5
S214012B907040BDE81EFF2FE1816090E10200A001B8
S214012BA00310A001836092111000000A0C0034E1AA
S214012BB00100001A016690E10C00001A0C0035E1D4
S214012BC00300001A036692E10200A0110310A0118F
S214012BD00600001A031021E0021101E27F1481E3CE
S214012BE00F1681E30000A0E37040BDE81EFF2FE151
S214012BF07F1481E33E1781E37040BDE81EFF2FE19D
S214012C0070402DE9FFC0A0E307CC8CE3214A1CE00D
S214012C10235A1C100C0034110C0035115E00000BF9
S214012C20054044E003E021E0035692E10116A0E1ED
S214012C304C00000A0336A0E10152A0E3233285E1ED
S214012C40223C83E10224A0E1215285E1205C85E15A
S214012C500064A0E102110EE2030055E102005601F4
S214012C60FD40A4E2034C84E20100002AA330B0E157
S214012C706220A0E1026056E00350C5E0A330B0E157
S214012C806220A0E10106A0E302C7A0E302E056E04D
S214012C9003E0D5E0026046200E50A0210C00802102
S214012CA0A330B0E16220A0E102E056E003E0D5E007
S214012CB0026046200E50A021AC008021A330B0E176
S214012CC06220A0E102E056E003E0D5E00260462083
S214012CD00E50A0212C018021A330B0E16220A0E19A
S214012CE002E056E003E0D5E0026046200E50A02147
S214012CF0AC01802106E095E10D00000A0552A0E135
S214012D00265E85E10662A0E18331A0E1A23E83E171
S214012D108221A0E12CC2B0E1DBFFFF1A010611E31C
S214012D200600001A001081E10000A0E302C1A0E342
S214012D30D5FFFFEA010611E3001081010000A003A0
S214012D40FDC054E2070C5C8343FFFF8A03C055E0D5
S214012D5002C05600A0C0B0010000B0E2041AA1E013
S214012D607040BDE81EFF2FE102E10EE221168EE162
S214012D70AC4094E00C5074C0041A81C17040BDC8C8
S214012D801EFF2FC1011681E300E0A0E3014054E2DB
S214012D9031FFFFEA06E085E12FFFFFEA235A0CE048
S214012DA00C0034E10C00350190FFFF0A0C0034E101
S214012DB00600001A014690E18CFFFF1A0C0035E16F
S214012DC083FFFF1A0200A0E10310A0E187FFFFEADC
S214012DD00C0035E10400001A035692E168FFFF0A71
S214012DE00200A0E10310A0E180FFFFEA816090E10C
S214012DF08360921148FFFF1A814090E174FFFF1A29
S214012E00835092E15EFFFF1A78FFFFEA00C0E0E31D
S214012E10020000EA01C0A0E3000000EA01C0A0E34E
S214012E2004C02DE581C0A0E1CCCAF0E183C0A0E1D9
S214012E30CCCAF0110E00000A04D08DE281C090E1E8
S214012E4083C0920103003111020030010000A0038B
S214012E501EFF2F01000070E3030031E10300515112
S214012E6002005001C30FA021C30FE031010080E32F
S214012E701EFF2FE181C0A0E1CCCAF0E10100001ADB
S214012E8001C690E10400001A83C0A0E1CCCAF0E1BB
S214012E90E8FFFF1A03C692E1E6FFFF0A04009DE47D
S214012EA01EFF2FE100C0A0E10200A0E10C20A0E17E
S214012EB001C0A0E10310A0E10C30A0E1FFFFFFEA92
S214012EC001402DE9D4FFFFEB000050E30000704302
S214012ED00140BDE81EFF2FE108E02DE5F7FFFFEBFF
S214012EE00100A0030000A01308E09DE41EFF2FE1EF
S214012EF008E02DE5F1FFFFEB0100A0330000A02361
S214012F0008E09DE41EFF2FE108E02DE5EBFFFFEB57
S214012F100100A0930000A08308E09DE41EFF2FE1BE
S214012F2008E02DE5DEFFFFEB0100A0930000A08383
S214012F3008E09DE41EFF2FE108E02DE5D8FFFFEB3A
S214012F400100A0330000A02308E09DE41EFF2FE14E
S214012F5081C0A0E1CCCAF0E10100001A01C690E1EF
S214012F600600001A83C0A0E1CCCAF0E10100001AF5
S214012F7003C692E10100001A0000A0E31EFF2FE144
S214012F800100A0E31EFF2FE18120A0E1022692E2CC
S214012F900C00002A0900005A3E3EE0E3C22A53E034
S214012FA00A00009A8135A0E1023183E3A03A83E169
S214012FB0020111E33302A0E1000060121EFF2FE1BF
S214012FC00000A0E31EFF2FE1010690E10200001AB7
S214012FD0020111E20201E0031EFF2FE10000A0E35F
S214012FE01EFF2FE18120B0E10A00002A022692E2AC
S214012FF00A00002A0700005A3E3EE0E3C22A53E0D8
S2140130000800004A8135A0E1023183E3A03A83E15A
S2140130103302A0E11EFF2FE10000A0E31EFF2FE117
S214013020010690E10100001A0000E0E31EFF2FE117
S2140130300000A0E31EFF2FE18120A0E1073252E24B
S21401304002C653227FC57C220600009A02C101E215
S2140130508021A0E1A00E8CE1020152E30301A0E071
S2140130600100C0031EFF2FE1010111E30F00001A4A
S2140130702E2693E2020101B21EFF2FB1011681E353
S214013080A22AA0E1182062E220C062E2103CB0E170
S2140130903002A0E1010080138135A0E1A335A0E153
S2140130A0130C80E13332A0E18330A0E1E6FFFFEAB2
S2140130B0C23AF0E10300001A013690E17F04A01342
S2140130C0030580131EFF2F11020101E27F0480E336
S2140130D0020580E31EFF2FE100C0E0E3020000EAE4
S2140130E001C0A0E3000000EA01C0A0E304C02DE592
S2140130F08020A0E18130A0E142CCF0E143CCF01188
S2140131000700000A04D08DE2A3C092E1010030114D
S21401311003005250C10FA081C10FE031010080139E
S2140131201EFF2FE142CCF0E10100001A80C4B0E19D
S2140131300300001A43CCF0E1F1FFFF1A81C4B0E1AD
S214013140EFFFFF0A04009DE41EFF2FE100C0A0E18F
S2140131500100A0E10C10A0E1FFFFFFEA0F402DE9FE
S214013160E0FFFFEB000050E3000070430F40BDE8B6
S2140131701EFF2FE108E02DE5F7FFFFEB0100A0039E
S2140131800000A01308E09DE41EFF2FE108E02DE5F6
S214013190F1FFFFEB0100A0330000A02308E09DE44F
S2140131A01EFF2FE108E02DE5EBFFFFEB0100A093EA
S2140131B00000A08308E09DE41EFF2FE108E02DE556
S2140131C0E1FFFFEB0100A0930000A08308E09DE46F
S2140131D01EFF2FE108E02DE5DBFFFFEB0100A0332A
S2140131E00000A02308E09DE41EFF2FE1000053E34A
S2140131F0000052030400001A000051E300005003CF
S2140132000010E0130000E013D0FCFFEA08D04DE206
S21401321000602DE9030000EB04E09DE508D08DE297
S2140132200C00BDE81EFF2FE1030051E1F84F2DE928
S214013230020050010040A0E10150A0E128A09DE558
S2140132400000A0330010A0333D00003A0200A0E1C8
S2140132500310A0E10280A0E10390A0E1520000EB80
S2140132600510A0E100B0A0E10400A0E14E0000EBD3
S21401327000B04BE020204BE2197BA0E1187287E1F9
S21401328020C06BE2387C87E1070055E1186BA0E1AE
S214013290060054010000A0330010A0330500003AD8
S2140132A001E0A0E3064054E01E12A0E13E1C81E1CD
S2140132B00750C5E01E0BA0E100005BE32000000AFA
S2140132C0A770B0E16660A0E10BE0A0E1070000EAAC
S2140132D0064054E00750C5E0044094E00550A5E0E0
S2140132E0014094E20050A5E201E05EE20600000A19
S2140132F0070055E106005401F4FFFF2A044094E05C
S2140133000550A5E001E05EE2F8FFFF1A34EBA0E10C
S21401331015EC8EE135E28EE1046090E00E40A0E10E
S2140133200570A1E0351BA0E10150A0E1111BA0E151
S2140133301E1281E11E0BA0E13E1C81E1000056E059
S2140133400110C7E000005AE330008A18F84FBDE8C4
S2140133501EFF2FE10000A0E31EFF2FE10000E0E3C7
S2140133601EFF2FE1FCFFFFEA0000E0E31EFF2FE156
S2140133700000A0E31EFF2FE10000E0E31EFF2FE1A7
S2140133801EFF2FE1FDFFFFEA0000A0E31EFF2FE175
S214013390FCFFFFEAFBFFFFEAFAFFFFEAF9FFFFEA9D
S2140133A0F8FFFFEAF7FFFFEAF6FFFFEA10402DE914
S2140133B0000051E30200001A050000EB200080E245
S2140133C0010000EA0100A0E1010000EB1040BDE8A9
S2140133D01EFF2FE11C10A0E3010850E32008A021E6
S2140133E010104122010C50E32004A02108104122B4
S2140133F0100050E32002A0210410412208208FE291
S2140134000000D2E7010080E01EFF2FE10403020264
S21401341001010101000000000000000010402DE93C
S214013420E40100EB30309FE5000053E30000931504
S2140134300300A00124309FE5000053E3001093151C
S2140134400310A0010020A0E3A1B3FFEB10309FE51D
S214013450000053E305B4FF1BFEFFFFEAA84C010082
S214013460A44C01007004000070402DE90050A0E15A
S2140134701B0100EB004050E21D00000A78309FE57A
S214013480000053E30200000A003094E5020053E313
S214013490120000DA013045E2010053E30800009A09
S2140134A00200A0E30410A0E1563412EF000050E33E
S2140134B00030E003003084053D0100EB7040BDE8BC
S2140134C01EFF2FE1010055E30830A0030730E0138B
S2140134D0002094E5033094E7030052E1EFFFFF1A62
S2140134E00030E0E30000A0E3003084E57040BDE872
S2140134F01EFF2FE10000E0E3EFFFFFEA00000000FF
S21401350004E02DE51800A0E304109FE5563412EF01
S214013510FEFFFFEA2600020070402DE90140A0E10F
S214013520EF0000EB005050E21700000A3C20A0E339
S2140135300010A0E30400A0E118D3FFEB022AA0E3E9
S214013540013BA0E348109FE5000051E3042084E519
S2140135502C3084E50300000A003095E5020053E3B1
S2140135600000A0D3060000DA0510A0E10C00A0E3DD
S214013570563412EF010070E3100084150000A0130A
S2140135800B0100EB7040BDE81EFF2FE10000E0E3F9
S214013590FBFFFFEA0000000010402DE9D00000EB21
S2140135A0001050E20B00000A34309FE5000053E3A0
S2140135B00300000A003091E5020053E30100A0D3A6
S2140135C0020000DA0900A0E3563412EFF80000EB1F
S2140135D01040BDE81EFF2FE10100A0E11040BDE84C
S2140135E01EFF2FE10000000070402DE908D04DE2DB
S2140135F00140A0E10250A0E1B90000EB006050E2FA
S2140136003000000A010055E32600000A020055E3D7
S2140136100900000A000055E30D00000A610100EBF5
S2140136201620A0E30030E0E3002080E50300A0E1DF
S21401363008D08DE27040BDE81EFF2FE10C00A0E32C
S2140136400610A0E1563412EF010070E30F00000AE5
S214013650004084E074309FE5000053E3003096E5B7
S2140136600100000A020053E3110000DA000054E3EF
S21401367018008DE8E8FFFFBA0A00A0E30D10A0E1EC
S214013680563412EF010070E30400A01104408615C1
S214013690C70000EB0030A0E10300A0E108D08DE2F6
S2140136A07040BDE81EFF2FE1043096E5034084E03C
S2140136B0E7FFFFEA3B0100EB0920A0E30030E0E36F
S2140136C0002080E5D8FFFFEA0030E0E3D6FFFFEAFE
S2140136D00000000070402DE910D04DE20160A0E12D
S2140136E00250A0E17E0000EB004050E20E00000A0E
S2140136F0003094E50600A0E348008DE90C508DE506
S21401370004108DE2563412EF010070E30430941574
S214013710000045100030831004308415A40000EB2F
S21401372010D08DE27040BDE81EFF2FE10000E0E3FF
S214013730FAFFFFEA70402DE910D04DE20160A0E1EA
S2140137400250A0E1660000EB004050E20E00000AC5
S214013750003094E50500A0E348008DE90C508DE5A6
S21401376004108DE2563412EF010070E30430941514
S2140137700000451000308310043084158C0000EBE7
S21401378010D08DE27040BDE81EFF2FE10000E0E39F
S214013790FAFFFFEA64109FE564209FE5003091E59B
S2140137A0002092E5000083E0000052E30000521181
S2140137B010402DE90A00003A0D20A0E1020053E175
S2140137C00300009A000081E51040BDE80300A0E177
S2140137D01EFF2FE10DC0A0E1012C80E202005CE19A
S2140137E0F7FFFF2AEF0000EB0C20A0E30030E0E338
S2140137F0002080E51040BDE80300A0E11EFF2FE198
S214013800884B0100844B01000030A0E30020E0E378
S21401381070402DE9BC409FE510D04DE2832184E73E
S214013820013083E2140053E3FBFFFF1AA8309FE543
S214013830000053E30A00000A0010A0E30120A0E301
S2140138400230A0E3001084E5082084E5103084E50A
S2140138500130A0E3A03084E510D08DE27040BDE8D1
S2140138601EFF2FE10350A0E370609FE508308DE551
S2140138700C508DE504608DE504108DE20100A0E397
S214013880563412EF0430A0E3000084E504608DE5B1
S2140138900C508DE508308DE503108DE00100A0E3A6
S2140138A0563412EF0830A0E3080084E504608DE585
S2140138B00C508DE504108DE208308DE50100A0E383
S2140138C0563412EF010070E308309405100084E5C9
S2140138D010308405DDFFFFEA004C01000000000007
S2140138E05C41010070402DE94C409FE5A03094E515
S2140138F0000053E30050A0E10800000A130055E35E
S2140139000800008A853194E7010073E3854184103D
S2140139100400000A0400A0E17040BDE81EFF2FE18C
S214013920B8FFFFEBF4FFFFEA9E0000EB0930A0E3CF
S2140139300040A0E3003080E5F5FFFFEA004C0100FF
S21401394070402DE964409FE5A03094E5000053E304
S2140139500050A0E11300000A0030A0E3832194E7A1
S214013960010072E38321A0E10900000A013083E22D
S214013970140053E3F8FFFF1A8A0000EB0040A0E3AF
S2140139801830A0E3003080E50400A0E17040BDE8F7
S2140139901EFF2FE1024084E00400A0E1003085E52F
S2140139A07040BDE81EFF2FE196FFFFEBE9FFFFEA3F
S2140139B0004C0100010070E370402DE90040A0E1D9
S2140139C00200000A0400A0E17040BDE81EFF2FE1DE
S2140139D0740000EB0010A0E30050A0E11300A0E388
S2140139E0563412EF000085E50400A0E17040BDE802
S2140139F01EFF2FE1F0412DE998419FE5000054E3B9
S214013A0008D04DE20200000A08D08DE2F041BDE880
S214013A101EFF2FE1010CA0E35DFFFFEB010070E349
S214013A200050A0E1F7FFFF0A013CA0E30040C0E51B
S214013A300D10A0E11500A0E300508DE504308DE5E2
S214013A40563412EF0180A0E30860A0E10400A0E173
S214013A500470A0E140419FE50520A0E10510A0E12A
S214013A600030A0E3007084E500C0D1E500005CE30F
S214013A702F00000A000053E3011081E20500001A3E
S214013A80000050E32800000A003094E5032180E797
S214013A90013083E2003084E520005CE31500000A73
S214013AA027005CE322005C130E00001A0030D1E50B
S214013AB0000053E30600001A1D0000EA000050E370
S214013AC00030C2150130F1E501208212000053E3F7
S214013AD01700000A0C0053E1F7FFFF1A011081E2FC
S214013AE00630A0E1DFFFFFEA000050E300C0C21588
S214013AF001208212F9FFFFEA000050E30600000AE7
S214013B000070C2E500C0D1E500005CE3012082E25E
S214013B100700000A011081E2D8FFFFEA00C0D1E5E4
S214013B2000005CE30200000A011081E2003094E527
S214013B30D6FFFFEA010058E30800000A020058E336
S214013B401200001A0030A0E30030C2E54C209FE5C9
S214013B50001094E5013180E7000082E5A9FFFFEA45
S214013B60050041E0100080E20F00C0E3010C40E2D6
S214013B7007FFFFEB000094E5040080E20300C0E3CA
S214013B800001A0E102FFFFEB010070E39DFFFF0AC9
S214013B90018088E2AFFFFFEA00000000A84C0100A8
S214013BA0A44C0100FEFFFFEA10402DE982CDFFEB99
S214013BB01040BDE81EFF2FE170402DE964609FE5CF
S214013BC064509FE5056046E04661B0E10040A01301
S214013BD00500000A014084E2043095E40FE0A0E10C
S214013BE013FF2FE1040056E1F9FFFF1A3C609FE541
S214013BF03C509FE5056046E0580100EB4661B0E1A8
S214013C000040A0130500000A014084E2043095E458
S214013C100FE0A0E113FF2FE1040056E1F9FFFF1AC0
S214013C207040BDE81EFF2FE1784101007841010098
S20C013C309441010078410100F6
S208013C380000000082
S20C013C3CECF5FF7F010000001A
S214013C480A50726F6772616D207374617274732E95
S214013C582E2E00007374617475733A2025640A0069
S214013C682564000073746172742073657420746F20
S214013C782031000073746174757320726561643A4B
S214013C882025640A0000000076616C75652068616D
S214013C9873206265656E2072656365697665640082
S214013CA8726573756C742069733A2025640A00007E
S214013CB8E04101000A0000002020202020202020CA
S214013CC82020202020202020303030303030303066
S214013CD83030303030303030494E4600696E66003C
S214013CE84E414E006E616E00303132333435363710
S214013CF838394142434445460000000030313233EA
S214013D083435363738396162636465660000000009
S214013D18286E756C6C290000300000000A0001004E
S214013D280200030004000500060007000800090059
S214013D380A000B000C000D000E000F00100000001A
S214013D4865256C6400000000496E66696E697479C1
S214013D58000000004E614E0043000000504F5349DA
S214013D68580000002E0000000500000019000000A1
S214013D787D00000000000000000000000000F03F89
S214013D880000000000002440000000000000594028
S214013D980000000000408F40000000000088C3407B
S214013DA800000000006AF8400000000080842E41F0
S214013DB800000000D01263410000000084D797413C
S214013DC80000000065CDCD41000000205FA0024242
S214013DD8000000E876483742000000A2941A6D42B7
S214013DE8000040E59C30A2420000901EC4BCD642AA
S214013DF800003426F56B0C430080E03779C3414355
S214013E0800A0D8855734764300C84E676DC1AB43CA
S214013E18003D9160E458E143408CB5781DAF1544E8
S214013E2850EFE2D6E41A4B4492D54D06CFF08044C3
S214013E38F64AE1C7022DB544B49DD9794378EA44D8
S214013E48BC89D897B2D29C3C33A7A8D523F6493962
S214013E583DA7F444FD0FA5329D978CCF08BA5B2584
S214013E68436FAC642806C80A0080E03779C341432B
S214013E78176E05B5B5B89346F5F93FE9034F384DC2
S214013E88321D30F94877825A3CBF737FDD4F15756E
S214013E9835000000CEFBFFFFCB0300000100000049
S214013EA80000000034000000CEFBFFFFCB0300003B
S214013EB80100000000000000BC89D897B2D29C3CE3
S214013EC833A7A8D523F649393DA7F444FD0FA532F3
S214013ED89D978CCF08BA5B25436FAC64280668119A
S214013EE86E660000696E697479000000616E0000F4
S214013EF820202020202020202020202020202020B4
S214013F0830303030303030303030303030303030A3
S214013F182020202020202020202020202020202093
S214013F283030303030303030303030303030303083
S214013F38002020202020202020202828282828206B
S214013F482020202020202020202020202020202063
S214013F5820881010101010101010101010101010CB
S214013F6810040404040404040404041010101010BB
S214013F781010414141414141010101010101010185
S214013F8801010101010101010101010110101010D7
S214013F981010424242424242020202020202020257
S214013FA802020202020202020202020210101010AB
S214013FB820000000000000000000000000000000D3
S214013FC800000000000000000000000000000000E3
S214013FD800000000000000000000000000000000D3
S214013FE800000000000000000000000000000000C3
S214013FF800000000000000000000000000000000B3
S21401400800000000000000000000000000000000A2
S2140140180000000000000000000000000000000092
S2140140280000000000000000000000000000000082
S2140140380000000000000000000000000000000072
S2140140480000000000000000000000000000000062
S2140140580000000000000000000000000000000052
S2140140680000000010111213141516171819000075
S21401407800000000001A1B1C1D1E1F000000000087
S2140140880000000000000000000000000000000022
S21401409800000000001A1B1C1D1E1F000000000067
S2140140A80000000000000000000000000000000002
S2140140B800000000000000000000000000000000F2
S2140140C800000000000000000000000000000000E2
S2140140D800000000000000000000000000000000D2
S2140140E800000000000000000000000000000000C2
S2140140F800000000000000000000000000000000B2
S21401410800000000000000000000000000000000A1
S2140141180000000000000000000000000000000091
S2140141280000000000000000000000000000000081
S21401413800000000202020202020202020202020F1
S21401414820202020303030303030303030303030A1
S214014158303030303A7474000DC0A0E1F8DF2DE934
S21401416804B04CE228D04BE2F06F9DE81EFF2FE129
S214014178384500008C640000A4640000E482000056
S21401418850450000D8010000F43901000DC0A0E137
S214014198F8DF2DE904B04CE228D04BE2F06F9DE839
S2140141A81EFF2FE19401000000000000000000003F
S2140141B800000000904B01002001000000000000F4
S2140141C800000000000000000100000000000000E0
S2140141D8E04101000000000000000000CC4401009E
S2140141E8344501009C450100000000000000000065
S2140141F800000000000000000000000000000000B1
S21401420800000000000000000000000000000000A0
S2140142180000000000000000000000000000000090
S2140142280000000000000000000000000000000080
S2140142380000000000000000000000000000000070
S2140142480000000000000000000000000000000060
S2140142580000000000000000000000000000000050
S2140142680000000000000000000000000000000040
S2140142780000000000000000000000000000000030
S21401428801000000000000000E33CDAB34126DE6CD
S214014298ECDE05000B000000000000000000000036
S2140142A80000000000000000000000000000000000
S2140142B800000000000000000000000000000000F0
S2140142C800000000000000000000000000000000E0
S2140142D800000000000000000000000000000000D0
S2140142E800000000000000000000000000000000C0
S2140142F800000000000000000000000000000000B0
S214014308000000000000000000000000000000009F
S214014318000000000000000000000000000000008F
S214014328000000000000000000000000000000007F
S214014338000000000000000000000000000000006F
S214014348000000000000000000000000000000005F
S214014358000000000000000000000000000000004F
S214014368000000000000000000000000000000003F
S214014378000000000000000000000000000000002F
S214014388000000000000000000000000000000001F
S214014398000000000000000000000000000000000F
S2140143A800000000000000000000000000000000FF
S2140143B800000000000000000000000000000000EF
S2140143C800000000000000000000000000000000DF
S2140143D800000000000000000000000000000000CF
S2140143E800000000000000000000000000000000BF
S2140143F800000000000000000000000000000000AF
S214014408000000000000000000000000000000009E
S214014418000000000000000000000000000000008E
S214014428000000000000000000000000000000007E
S214014438000000000000000000000000000000006E
S214014448000000000000000000000000000000005E
S214014458000000000000000000000000000000004E
S214014468000000000000000000000000000000003E
S214014478000000000000000000000000000000002E
S214014488000000000000000000000000000000001E
S214014498000000000000000000000000000000000E
S2140144A800000000000000000000000000000000FE
S2140144B800000000000000000000000000000000EE
S2140144C800000000000000000000000000000000DE
S2140144D800000000000000000000000000000000CE
S2140144E800000000000000000000000000000000BE
S2140144F800000000000000000000000000000000AE
S214014508000000000000000000000000000000009D
S214014518000000000000000000000000000000008D
S214014528000000000000000000000000000000007D
S214014538000000000000000000000000000000006D
S214014548000000000000000000000000000000005D
S214014558000000000000000000000000000000004D
S214014568000000000000000000000000000000003D
S214014578000000000000000000000000000000002D
S214014588000000000000000000000000000000001D
S214014598000000000000000000000000000000000D
S2140145A800000000000000000000000000000000FD
S2140145B800000000000000000000000000000000ED
S2140145C800000000000000000000000000000000DD
S2140145D800000000000000000000000000000000CD
S2140145E800000000000000000000000000000000BD
S2140145F800000000000000000000000000000000AD
S2140146084300000000000000000000000000000059
S214014618000000000000000000000000000000008C
S2140146284300000000000000000000000000000039
S214014638000000000000000000000000000000006C
S2140146484300000000000000000000000000000019
S214014658000000000000000000000000000000004C
S21401466843000000000000000000000000000000F9
S214014678000000000000000000000000000000002C
S21401468843000000000000000000000000000000D9
S214014698000000000000000000000000000000000C
S2140146A843000000000000000000000000000000B9
S2140146B800000000000000000000000000000000EC
S2140146C84300000000000000000000000000000099
S2140146D800000000000000000000000000000000CC
S2140146E890FA0000E87D000000000000383F010055
S2140146F86C3D01008C3C01008C3C01008C3C0100A7
S2140147088C3C01008C3C01008C3C01008C3C010077
S2140147188C3C01008C3C0100FFFFFFFFFFFFFFFF01
S214014728FFFFFFFFFFFF0000010041534349490017
S214014738000000000000000000000000000000006B
S21401474800000000000000000000415343494900F2
S214014758000000000000000000000000000000004B
S214014768000000000000000000000000000000003B
S2140147780000000074470100744701007C470100EF
S2140147887C47010084470100844701008C470100EB
S2140147988C47010094470100944701009C4701009B
S2140147A89C470100A4470100A4470100AC4701004B
S2140147B8AC470100B4470100B4470100BC470100FB
S2140147C8BC470100C4470100C4470100CC470100AB
S2140147D8CC470100D4470100D4470100DC4701005B
S2140147E8DC470100E4470100E4470100EC4701000B
S2140147F8EC470100F4470100F4470100FC470100BB
S214014808FC47010004480100044801000C48010067
S2140148180C48010014480100144801001C48010016
S2140148281C48010024480100244801002C480100C6
S2140148382C48010034480100344801003C48010076
S2140148483C48010044480100444801004C48010026
S2140148584C48010054480100544801005C480100D6
S2140148685C48010064480100644801006C48010086
S2140148786C48010074480100744801007C48010036
S2140148887C48010084480100844801008C480100E6
S2140148988C48010094480100944801009C48010096
S2140148A89C480100A4480100A4480100AC48010046
S2140148B8AC480100B4480100B4480100BC480100F6
S2140148C8BC480100C4480100C4480100CC480100A6
S2140148D8CC480100D4480100D4480100DC48010056
S2140148E8DC480100E4480100E4480100EC48010006
S2140148F8EC480100F4480100F4480100FC480100B6
S214014908FC48010004490100044901000C49010062
S2140149180C49010014490100144901001C49010011
S2140149281C49010024490100244901002C490100C1
S2140149382C49010034490100344901003C49010071
S2140149483C49010044490100444901004C49010021
S2140149584C49010054490100544901005C490100D1
S2140149685C49010064490100644901006C49010081
S2140149786C49010074490100744901007C49010031
S2140149887C49010084490100844901008C490100E1
S2140149988C49010094490100944901009C49010091
S2140149A89C490100A4490100A4490100AC49010041
S2140149B8AC490100B4490100B4490100BC490100F1
S2140149C8BC490100C4490100C4490100CC490100A1
S2140149D8CC490100D4490100D4490100DC49010051
S2140149E8DC490100E4490100E4490100EC49010001
S2140149F8EC490100F4490100F4490100FC490100B1
S214014A08FC490100044A0100044A01000C4A01005D
S214014A180C4A0100144A0100144A01001C4A01000C
S214014A281C4A0100244A0100244A01002C4A0100BC
S214014A382C4A0100344A0100344A01003C4A01006C
S214014A483C4A0100444A0100444A01004C4A01001C
S214014A584C4A0100544A0100544A01005C4A0100CC
S214014A685C4A0100644A0100644A01006C4A01007C
S214014A786C4A0100744A0100744A01007C4A01002C
S214014A887C4A0100844A0100844A01008C4A0100DC
S214014A988C4A0100944A0100944A01009C4A01008C
S214014AA89C4A0100A44A0100A44A0100AC4A01003C
S214014AB8AC4A0100B44A0100B44A0100BC4A0100EC
S214014AC8BC4A0100C44A0100C44A0100CC4A01009C
S214014AD8CC4A0100D44A0100D44A0100DC4A01004C
S214014AE8DC4A0100E44A0100E44A0100EC4A0100FC
S214014AF8EC4A0100F44A0100F44A0100FC4A0100AC
S214014B08FC4A0100044B0100044B01000C4B010058
S214014B180C4B0100144B0100144B01001C4B010007
S214014B281C4B0100244B0100244B01002C4B0100B7
S214014B382C4B0100344B0100344B01003C4B010067
S214014B483C4B0100444B0100444B01004C4B010017
S214014B584C4B0100544B0100544B01005C4B0100C7
S214014B685C4B0100644B0100644B01006C4B010077
S214014B786C4B0100FFFFFFFF00000200F8FFFF3F3C
S20C014B88B04C01000000000022
S804000120DA
