-- Catapult Ultra Synthesis: Report                                              
-- ------------------------- ---------------------------------------------------
-- Version:                  2021.1/950854 Production Release                    
-- Build Date:               Mon Aug  2 21:36:02 PDT 2021                        
                                                                                 
-- Generated by:             serik.perez@c5c6                                    
-- Generated date:           Thu Apr 23 17:45:10 CEST 2026                       

Solution Settings: mult_add_pipeline.v7
  Current state: extract
  Project: Catapult_1
  
  Design Input Files Specified
    $PROJECT_HOME/src/mult_add_pipeline.cpp
      $PROJECT_HOME/src/mult_add_pipeline.h
        $MGC_HOME/shared/include/ac_fixed.h
          $MGC_HOME/shared/include/ac_int.h
        $MGC_HOME/shared/include/ac_channel.h
      $MGC_HOME/shared/include/mc_scverify.h
    $PROJECT_HOME/src/tb.cpp
    $PROJECT_HOME/src/mult_add_pipeline_ref.cpp
  
  Processes/Blocks in Design
    Process                 Real Operation(s) count Latency Throughput Reset Length II Comments 
    ----------------------- ----------------------- ------- ---------- ------------ -- --------
    /mult_add_pipeline/core                      12       5          1            1  0          
    Design Total:                                12       5          1            1  1          
    
  Bill Of Materials (Datapath)
    Component Name                    Area Score Area(DSP) Area(LUTs) Delay Post Alloc Post Assign 
    --------------------------------- ---------- --------- ---------- ----- ---------- -----------
    [Lib: ccs_ioport]                                                                              
    ccs_in(4,10)                           0.000     0.000      0.000 0.000          1           1 
    ccs_in(5,1)                            0.000     0.000      0.000 0.000          1           1 
    ccs_in_wait(1,11)                      0.000     0.000      0.000 0.000          1           1 
    ccs_in_wait(2,14)                      0.000     0.000      0.000 0.000          1           1 
    ccs_in_wait(3,25)                      0.000     0.000      0.000 0.000          1           1 
    ccs_out_wait(6,30)                     0.000     0.000      0.000 0.000          1           1 
    [Lib: mgc_Altera-Cyclone-V-6_beh]                                                              
    mgc_add(25,0,25,0,26)                 14.500     0.000     14.500 2.454          1           1 
    mgc_and(1,2)                           1.000     0.000      1.000 1.279          0          20 
    mgc_and(1,3)                           1.000     0.000      1.000 1.279          0           4 
    mgc_and(1,4)                           1.000     0.000      1.000 1.279          0           1 
    mgc_mul(10,1,26,0,34)                310.000     1.000      0.000 4.600          1           1 
    mgc_mul(11,0,14,0,25)                310.000     1.000      0.000 4.600          1           1 
    mgc_mux(11,1,2)                       11.000     0.000     11.000 1.312          0           1 
    mgc_mux(14,1,2)                       14.000     0.000     14.000 1.312          0           1 
    mgc_mux(25,1,2)                       25.000     0.000     25.000 1.312          0           1 
    mgc_mux(26,1,2)                       26.000     0.000     26.000 1.312          1           1 
    mgc_nor(1,2)                           1.000     0.000      1.000 1.268          0           8 
    mgc_not(1)                             0.000     0.000      0.000 0.000          0          13 
    mgc_or(1,3)                            1.000     0.000      1.000 1.268          0           4 
    mgc_reg_pos(1,0,0,1,1,0,0)             0.000     0.000      0.000 0.300          0           5 
    mgc_reg_pos(1,0,0,1,1,1,1)             0.000     0.000      0.000 0.300          0          10 
    mgc_reg_pos(10,0,0,1,1,1,1)            0.000     0.000      0.000 0.300          0           3 
    mgc_reg_pos(11,0,0,1,1,1,1)            0.000     0.000      0.000 0.300          0           2 
    mgc_reg_pos(14,0,0,1,1,1,1)            0.000     0.000      0.000 0.300          0           2 
    mgc_reg_pos(25,0,0,1,1,1,1)            0.000     0.000      0.000 0.300          0           4 
    mgc_reg_pos(26,0,0,1,1,1,1)            0.000     0.000      0.000 0.300          0           4 
    [Lib: mgc_ioport]                                                                              
    mgc_io_sync(0)                         0.000     0.000      0.000 0.000          2           2 
                                                                                                   
    TOTAL AREA (After Assignment):       747.500     2.000    128.000                              
    
  Area Scores
                      Post-Scheduling  Post-DP & FSM Post-Assignment 
    ----------------- --------------- -------------- ---------------
    Total Area Score:    660.5          750.2           748.5        
    Total Reg:             0.0            0.0             0.0        
                                                                     
    DataPath:            660.5 (100%)   749.2 (100%)    747.5 (100%) 
      MUX:                26.0   (4%)    81.7  (11%)     76.0  (10%) 
      FUNC:              634.5  (96%)   634.5  (85%)    634.5  (85%) 
      LOGIC:               0.0           33.0   (4%)     37.0   (5%) 
      BUFFER:              0.0            0.0             0.0        
      MEM:                 0.0            0.0             0.0        
      ROM:                 0.0            0.0             0.0        
      REG:                 0.0            0.0             0.0        
                                                                     
    
    FSM:                   0.0            1.0   (0%)      1.0   (0%) 
      FSM-REG:             0.0            0.0             0.0        
      FSM-COMB:            0.0            1.0 (100%)      1.0 (100%) 
                                                                     
    
  Register-to-Variable Mappings
    Register                                  Size(bits) Gated Register CG Opt Done Variables                                             
    ----------------------------------------- ---------- -------------- ----------- -----------------------------------------------------
    result:rsci.idat(29:4)                            26         Y           Y      result:rsci.idat(29:4)                                
    sum.sva#1.1                                       26         Y           Y      sum.sva#1.1                                           
    sum.sva.1                                         26         Y           Y      sum.sva.1                                             
    sum.sva.2                                         26         Y           Y      sum.sva.2                                             
    c:rsci.idat.bfwt                                  25         Y           Y      c:rsci.idat.bfwt                                      
    product:mul.itm.1                                 25         Y           Y      product:mul.itm.1                                     
    sum:c.tmp.sva.1                                   25         Y                  sum:c.tmp.sva.1                                       
    sum:c.tmp.sva.2                                   25         Y           Y      sum:c.tmp.sva.2                                       
    b:rsci.idat.bfwt                                  14         Y           Y      b:rsci.idat.bfwt                                      
    product:b.tmp.sva.1                               14         Y                  product:b.tmp.sva.1                                   
    a:rsci.idat.bfwt                                  11         Y           Y      a:rsci.idat.bfwt                                      
    product:a.tmp.sva.1                               11         Y                  product:a.tmp.sva.1                                   
    gain.sva.1                                        10         Y           Y      gain.sva.1                                            
    gain.sva.2                                        10         Y           Y      gain.sva.2                                            
    gain.sva.3                                        10         Y           Y      gain.sva.3                                            
    CHECK:io_read(gain_adjust:rsc.@).svs.4             1         Y           Y      CHECK:io_read(gain_adjust:rsc.@).svs.4                
    CHECK:io_read(gain_adjust:rsc.@).svs.st.1          1         Y                  CHECK:io_read(gain_adjust:rsc.@).svs.st.1             
    CHECK:io_read(gain_adjust:rsc.@).svs.st.2          1         Y           Y      CHECK:io_read(gain_adjust:rsc.@).svs.st.2             
    CHECK:io_read(gain_adjust:rsc.@).svs.st.3          1         Y           Y      CHECK:io_read(gain_adjust:rsc.@).svs.st.3             
    a:rsci.bcwt                                        1                            a:rsci.bcwt                                           
    b:rsci.bcwt                                        1                            b:rsci.bcwt                                           
    c:rsci.bcwt                                        1                            c:rsci.bcwt                                           
    core.wten                                          1                            core.wten                                             
    main.stage_0.3                                     1         Y                  main.stage_0.3                                        
    main.stage_0.4                                     1         Y                  main.stage_0.4                                        
    main.stage_0.5                                     1         Y                  main.stage_0.5                                        
    reg(c:rsci.iswt0).cse                              1         Y                  reg(c:rsci.iswt0).cse                                 
    reg(gain_adjust:rsc.triosy:obj.iswt0).cse          1         Y                  reg(gain_adjust:rsc.triosy:obj.iswt0).cse             
    reg(result:rsci.iswt0).cse                         1         Y                  reg(result:rsci.iswt0).cse                            
    result:rsci.bcwt                                   1                            result:rsci.bcwt                                      
                                                                                                                                          
    Total:                                           299            294         237 (Total Gating Ratio: 0.98, CG Opt Gating Ratio: 0.79) 
    
  Timing Report
    Critical Path
      Max Delay:  7.951764000000001
      Slack:      -1.2817640000000008
      
      Path                                                                      Startpoint                                                              Endpoint                                                                Delay  Slack   
      ------------------------------------------------------------------------- ----------------------------------------------------------------------- ----------------------------------------------------------------------- ------ -------
      1                                                                         mult_add_pipeline:core/reg(c:rsci.iswt0)                                mult_add_pipeline:core:a:rsci:a:wait_dp/reg(a:rsci.bcwt)                7.9518 -1.2818 
                                                                                                                                                                                                                                               
        Instance                                                                Component                                                                                                                                       Delta  Delay   
        --------                                                                ---------                                                                                                                                       -----  -----   
        mult_add_pipeline:core/reg(c:rsci.iswt0)                                mgc_reg_pos_1_0_0_1_1_1_1                                                                                                                       0.3001 0.3001  
        mult_add_pipeline:core/reg(c:rsci.iswt0).cse                                                                                                                                                                            0.0000 0.3001  
        mult_add_pipeline:core:a:rsci/a:rsci.oswt                                                                                                                                                                               0.0000 0.3001  
        mult_add_pipeline:core:a:rsci:a:wait_ctrl/a:rsci.oswt                                                                                                                                                                   0.0000 0.3001  
        mult_add_pipeline:core:a:rsci:a:wait_ctrl/product:and#3                 mgc_and_1_2                                                                                                                                     1.2790 1.5791  
        mult_add_pipeline:core:a:rsci:a:wait_ctrl/a:rsci.ogwt                                                                                                                                                                   0.0000 1.5791  
        mult_add_pipeline:core:a:rsci:a:wait_ctrl/product:and#1                 mgc_and_1_2                                                                                                                                     1.2790 2.8580  
        mult_add_pipeline:core:a:rsci:a:wait_ctrl/a:rsci.biwt                                                                                                                                                                   0.0000 2.8580  
        mult_add_pipeline:core:a:rsci/a:rsci.biwt                                                                                                                                                                               0.0000 2.8580  
        mult_add_pipeline:core:a:rsci:a:wait_dp/a:rsci.biwt                                                                                                                                                                     0.0000 2.8580  
        mult_add_pipeline:core:a:rsci:a:wait_dp/product:or#1                    mgc_or_1_3                                                                                                                                      1.2679 4.1259  
        mult_add_pipeline:core:a:rsci:a:wait_dp/a:rsci.wen_comp                                                                                                                                                                 0.0000 4.1259  
        mult_add_pipeline:core:a:rsci/a:rsci.wen_comp                                                                                                                                                                           0.0000 4.1259  
        mult_add_pipeline:core/a:rsci.wen_comp                                                                                                                                                                                  0.0000 4.1259  
        mult_add_pipeline:core:staller/a:rsci.wen_comp                                                                                                                                                                          0.0000 4.1259  
        mult_add_pipeline:core:staller/and#4                                    mgc_and_1_4                                                                                                                                     1.2790 5.4049  
        mult_add_pipeline:core:staller/core.wen                                                                                                                                                                                 0.0000 5.4049  
        mult_add_pipeline:core/core.wen                                                                                                                                                                                         0.0000 5.4049  
        mult_add_pipeline:core:a:rsci/core.wen                                                                                                                                                                                  0.0000 5.4049  
        mult_add_pipeline:core:a:rsci:a:wait_ctrl/core.wen                                                                                                                                                                      0.0000 5.4049  
        mult_add_pipeline:core:a:rsci:a:wait_ctrl/product:and                   mgc_and_1_2                                                                                                                                     1.2790 6.6839  
        mult_add_pipeline:core:a:rsci:a:wait_ctrl/a:rsci.bdwt                                                                                                                                                                   0.0000 6.6839  
        mult_add_pipeline:core:a:rsci/a:rsci.bdwt                                                                                                                                                                               0.0000 6.6839  
        mult_add_pipeline:core:a:rsci:a:wait_dp/a:rsci.bdwt                                                                                                                                                                     0.0000 6.6839  
        mult_add_pipeline:core:a:rsci:a:wait_dp/product:nor                     mgc_nor_1_2                                                                                                                                     1.2679 7.9518  
        mult_add_pipeline:core:a:rsci:a:wait_dp/product:nor.itm                                                                                                                                                                 0.0000 7.9518  
        mult_add_pipeline:core:a:rsci:a:wait_dp/reg(a:rsci.bcwt)                mgc_reg_pos_1_0_0_1_1_0_0                                                                                                                       0.0000 7.9518  
                                                                                                                                                                                                                                               
      2                                                                         mult_add_pipeline:core/reg(c:rsci.iswt0)                                mult_add_pipeline:core:c:rsci:c:wait_dp/reg(c:rsci.bcwt)                7.9518 -1.2818 
                                                                                                                                                                                                                                               
        Instance                                                                Component                                                                                                                                       Delta  Delay   
        --------                                                                ---------                                                                                                                                       -----  -----   
        mult_add_pipeline:core/reg(c:rsci.iswt0)                                mgc_reg_pos_1_0_0_1_1_1_1                                                                                                                       0.3001 0.3001  
        mult_add_pipeline:core/reg(c:rsci.iswt0).cse                                                                                                                                                                            0.0000 0.3001  
        mult_add_pipeline:core:a:rsci/a:rsci.oswt                                                                                                                                                                               0.0000 0.3001  
        mult_add_pipeline:core:a:rsci:a:wait_ctrl/a:rsci.oswt                                                                                                                                                                   0.0000 0.3001  
        mult_add_pipeline:core:a:rsci:a:wait_ctrl/product:and#3                 mgc_and_1_2                                                                                                                                     1.2790 1.5791  
        mult_add_pipeline:core:a:rsci:a:wait_ctrl/a:rsci.ogwt                                                                                                                                                                   0.0000 1.5791  
        mult_add_pipeline:core:a:rsci:a:wait_ctrl/product:and#1                 mgc_and_1_2                                                                                                                                     1.2790 2.8580  
        mult_add_pipeline:core:a:rsci:a:wait_ctrl/a:rsci.biwt                                                                                                                                                                   0.0000 2.8580  
        mult_add_pipeline:core:a:rsci/a:rsci.biwt                                                                                                                                                                               0.0000 2.8580  
        mult_add_pipeline:core:a:rsci:a:wait_dp/a:rsci.biwt                                                                                                                                                                     0.0000 2.8580  
        mult_add_pipeline:core:a:rsci:a:wait_dp/product:or#1                    mgc_or_1_3                                                                                                                                      1.2679 4.1259  
        mult_add_pipeline:core:a:rsci:a:wait_dp/a:rsci.wen_comp                                                                                                                                                                 0.0000 4.1259  
        mult_add_pipeline:core:a:rsci/a:rsci.wen_comp                                                                                                                                                                           0.0000 4.1259  
        mult_add_pipeline:core/a:rsci.wen_comp                                                                                                                                                                                  0.0000 4.1259  
        mult_add_pipeline:core:staller/a:rsci.wen_comp                                                                                                                                                                          0.0000 4.1259  
        mult_add_pipeline:core:staller/and#4                                    mgc_and_1_4                                                                                                                                     1.2790 5.4049  
        mult_add_pipeline:core:staller/core.wen                                                                                                                                                                                 0.0000 5.4049  
        mult_add_pipeline:core/core.wen                                                                                                                                                                                         0.0000 5.4049  
        mult_add_pipeline:core:c:rsci/core.wen                                                                                                                                                                                  0.0000 5.4049  
        mult_add_pipeline:core:c:rsci:c:wait_ctrl/core.wen                                                                                                                                                                      0.0000 5.4049  
        mult_add_pipeline:core:c:rsci:c:wait_ctrl/sum:and                       mgc_and_1_2                                                                                                                                     1.2790 6.6839  
        mult_add_pipeline:core:c:rsci:c:wait_ctrl/c:rsci.bdwt                                                                                                                                                                   0.0000 6.6839  
        mult_add_pipeline:core:c:rsci/c:rsci.bdwt                                                                                                                                                                               0.0000 6.6839  
        mult_add_pipeline:core:c:rsci:c:wait_dp/c:rsci.bdwt                                                                                                                                                                     0.0000 6.6839  
        mult_add_pipeline:core:c:rsci:c:wait_dp/sum:nor                         mgc_nor_1_2                                                                                                                                     1.2679 7.9518  
        mult_add_pipeline:core:c:rsci:c:wait_dp/sum:nor.itm                                                                                                                                                                     0.0000 7.9518  
        mult_add_pipeline:core:c:rsci:c:wait_dp/reg(c:rsci.bcwt)                mgc_reg_pos_1_0_0_1_1_0_0                                                                                                                       0.0000 7.9518  
                                                                                                                                                                                                                                               
      3                                                                         mult_add_pipeline:core:a:rsci:a:wait_dp/reg(a:rsci.bcwt)                mult_add_pipeline:core:c:rsci:c:wait_dp/reg(c:rsci.bcwt)                7.9518 -1.2818 
                                                                                                                                                                                                                                               
        Instance                                                                Component                                                                                                                                       Delta  Delay   
        --------                                                                ---------                                                                                                                                       -----  -----   
        mult_add_pipeline:core:a:rsci:a:wait_dp/reg(a:rsci.bcwt)                mgc_reg_pos_1_0_0_1_1_0_0                                                                                                                       0.3001 0.3001  
        mult_add_pipeline:core:a:rsci:a:wait_dp/a:rsci.bcwt                                                                                                                                                                     0.0000 0.3001  
        mult_add_pipeline:core:a:rsci/a:rsci.bcwt                                                                                                                                                                               0.0000 0.3001  
        mult_add_pipeline:core:a:rsci:a:wait_ctrl/a:rsci.bcwt                                                                                                                                                                   0.0000 0.3001  
        mult_add_pipeline:core:a:rsci:a:wait_ctrl/product:not#1                 mgc_not_1                                                                                                                                       0.0000 0.3001  
        mult_add_pipeline:core:a:rsci:a:wait_ctrl/product:not#1.itm                                                                                                                                                             0.0000 0.3001  
        mult_add_pipeline:core:a:rsci:a:wait_ctrl/product:and#3                 mgc_and_1_2                                                                                                                                     1.2790 1.5791  
        mult_add_pipeline:core:a:rsci:a:wait_ctrl/a:rsci.ogwt                                                                                                                                                                   0.0000 1.5791  
        mult_add_pipeline:core:a:rsci:a:wait_ctrl/product:and#1                 mgc_and_1_2                                                                                                                                     1.2790 2.8580  
        mult_add_pipeline:core:a:rsci:a:wait_ctrl/a:rsci.biwt                                                                                                                                                                   0.0000 2.8580  
        mult_add_pipeline:core:a:rsci/a:rsci.biwt                                                                                                                                                                               0.0000 2.8580  
        mult_add_pipeline:core:a:rsci:a:wait_dp/a:rsci.biwt                                                                                                                                                                     0.0000 2.8580  
        mult_add_pipeline:core:a:rsci:a:wait_dp/product:or#1                    mgc_or_1_3                                                                                                                                      1.2679 4.1259  
        mult_add_pipeline:core:a:rsci:a:wait_dp/a:rsci.wen_comp                                                                                                                                                                 0.0000 4.1259  
        mult_add_pipeline:core:a:rsci/a:rsci.wen_comp                                                                                                                                                                           0.0000 4.1259  
        mult_add_pipeline:core/a:rsci.wen_comp                                                                                                                                                                                  0.0000 4.1259  
        mult_add_pipeline:core:staller/a:rsci.wen_comp                                                                                                                                                                          0.0000 4.1259  
        mult_add_pipeline:core:staller/and#4                                    mgc_and_1_4                                                                                                                                     1.2790 5.4049  
        mult_add_pipeline:core:staller/core.wen                                                                                                                                                                                 0.0000 5.4049  
        mult_add_pipeline:core/core.wen                                                                                                                                                                                         0.0000 5.4049  
        mult_add_pipeline:core:c:rsci/core.wen                                                                                                                                                                                  0.0000 5.4049  
        mult_add_pipeline:core:c:rsci:c:wait_ctrl/core.wen                                                                                                                                                                      0.0000 5.4049  
        mult_add_pipeline:core:c:rsci:c:wait_ctrl/sum:and                       mgc_and_1_2                                                                                                                                     1.2790 6.6839  
        mult_add_pipeline:core:c:rsci:c:wait_ctrl/c:rsci.bdwt                                                                                                                                                                   0.0000 6.6839  
        mult_add_pipeline:core:c:rsci/c:rsci.bdwt                                                                                                                                                                               0.0000 6.6839  
        mult_add_pipeline:core:c:rsci:c:wait_dp/c:rsci.bdwt                                                                                                                                                                     0.0000 6.6839  
        mult_add_pipeline:core:c:rsci:c:wait_dp/sum:nor                         mgc_nor_1_2                                                                                                                                     1.2679 7.9518  
        mult_add_pipeline:core:c:rsci:c:wait_dp/sum:nor.itm                                                                                                                                                                     0.0000 7.9518  
        mult_add_pipeline:core:c:rsci:c:wait_dp/reg(c:rsci.bcwt)                mgc_reg_pos_1_0_0_1_1_0_0                                                                                                                       0.0000 7.9518  
                                                                                                                                                                                                                                               
      4                                                                         mult_add_pipeline:core/reg(result:rsci.iswt0)                           mult_add_pipeline:core:c:rsci:c:wait_dp/reg(c:rsci.bcwt)                7.9518 -1.2818 
                                                                                                                                                                                                                                               
        Instance                                                                Component                                                                                                                                       Delta  Delay   
        --------                                                                ---------                                                                                                                                       -----  -----   
        mult_add_pipeline:core/reg(result:rsci.iswt0)                           mgc_reg_pos_1_0_0_1_1_1_1                                                                                                                       0.3001 0.3001  
        mult_add_pipeline:core/reg(result:rsci.iswt0).cse                                                                                                                                                                       0.0000 0.3001  
        mult_add_pipeline:core:result:rsci/result:rsci.oswt                                                                                                                                                                     0.0000 0.3001  
        mult_add_pipeline:core:result:rsci:result:wait_ctrl/result:rsci.oswt                                                                                                                                                    0.0000 0.3001  
        mult_add_pipeline:core:result:rsci:result:wait_ctrl/and#3               mgc_and_1_2                                                                                                                                     1.2790 1.5791  
        mult_add_pipeline:core:result:rsci:result:wait_ctrl/result:rsci.ogwt                                                                                                                                                    0.0000 1.5791  
        mult_add_pipeline:core:result:rsci:result:wait_ctrl/and#1               mgc_and_1_2                                                                                                                                     1.2790 2.8580  
        mult_add_pipeline:core:result:rsci:result:wait_ctrl/result:rsci.biwt                                                                                                                                                    0.0000 2.8580  
        mult_add_pipeline:core:result:rsci/result:rsci.biwt                                                                                                                                                                     0.0000 2.8580  
        mult_add_pipeline:core:result:rsci:result:wait_dp/result:rsci.biwt                                                                                                                                                      0.0000 2.8580  
        mult_add_pipeline:core:result:rsci:result:wait_dp/or#1                  mgc_or_1_3                                                                                                                                      1.2679 4.1259  
        mult_add_pipeline:core:result:rsci:result:wait_dp/result:rsci.wen_comp                                                                                                                                                  0.0000 4.1259  
        mult_add_pipeline:core:result:rsci/result:rsci.wen_comp                                                                                                                                                                 0.0000 4.1259  
        mult_add_pipeline:core/result:rsci.wen_comp                                                                                                                                                                             0.0000 4.1259  
        mult_add_pipeline:core:staller/result:rsci.wen_comp                                                                                                                                                                     0.0000 4.1259  
        mult_add_pipeline:core:staller/and#4                                    mgc_and_1_4                                                                                                                                     1.2790 5.4049  
        mult_add_pipeline:core:staller/core.wen                                                                                                                                                                                 0.0000 5.4049  
        mult_add_pipeline:core/core.wen                                                                                                                                                                                         0.0000 5.4049  
        mult_add_pipeline:core:c:rsci/core.wen                                                                                                                                                                                  0.0000 5.4049  
        mult_add_pipeline:core:c:rsci:c:wait_ctrl/core.wen                                                                                                                                                                      0.0000 5.4049  
        mult_add_pipeline:core:c:rsci:c:wait_ctrl/sum:and                       mgc_and_1_2                                                                                                                                     1.2790 6.6839  
        mult_add_pipeline:core:c:rsci:c:wait_ctrl/c:rsci.bdwt                                                                                                                                                                   0.0000 6.6839  
        mult_add_pipeline:core:c:rsci/c:rsci.bdwt                                                                                                                                                                               0.0000 6.6839  
        mult_add_pipeline:core:c:rsci:c:wait_dp/c:rsci.bdwt                                                                                                                                                                     0.0000 6.6839  
        mult_add_pipeline:core:c:rsci:c:wait_dp/sum:nor                         mgc_nor_1_2                                                                                                                                     1.2679 7.9518  
        mult_add_pipeline:core:c:rsci:c:wait_dp/sum:nor.itm                                                                                                                                                                     0.0000 7.9518  
        mult_add_pipeline:core:c:rsci:c:wait_dp/reg(c:rsci.bcwt)                mgc_reg_pos_1_0_0_1_1_0_0                                                                                                                       0.0000 7.9518  
                                                                                                                                                                                                                                               
      5                                                                         mult_add_pipeline:core/reg(c:rsci.iswt0)                                mult_add_pipeline:core:result:rsci:result:wait_dp/reg(result:rsci.bcwt) 7.9518 -1.2818 
                                                                                                                                                                                                                                               
        Instance                                                                Component                                                                                                                                       Delta  Delay   
        --------                                                                ---------                                                                                                                                       -----  -----   
        mult_add_pipeline:core/reg(c:rsci.iswt0)                                mgc_reg_pos_1_0_0_1_1_1_1                                                                                                                       0.3001 0.3001  
        mult_add_pipeline:core/reg(c:rsci.iswt0).cse                                                                                                                                                                            0.0000 0.3001  
        mult_add_pipeline:core:a:rsci/a:rsci.oswt                                                                                                                                                                               0.0000 0.3001  
        mult_add_pipeline:core:a:rsci:a:wait_ctrl/a:rsci.oswt                                                                                                                                                                   0.0000 0.3001  
        mult_add_pipeline:core:a:rsci:a:wait_ctrl/product:and#3                 mgc_and_1_2                                                                                                                                     1.2790 1.5791  
        mult_add_pipeline:core:a:rsci:a:wait_ctrl/a:rsci.ogwt                                                                                                                                                                   0.0000 1.5791  
        mult_add_pipeline:core:a:rsci:a:wait_ctrl/product:and#1                 mgc_and_1_2                                                                                                                                     1.2790 2.8580  
        mult_add_pipeline:core:a:rsci:a:wait_ctrl/a:rsci.biwt                                                                                                                                                                   0.0000 2.8580  
        mult_add_pipeline:core:a:rsci/a:rsci.biwt                                                                                                                                                                               0.0000 2.8580  
        mult_add_pipeline:core:a:rsci:a:wait_dp/a:rsci.biwt                                                                                                                                                                     0.0000 2.8580  
        mult_add_pipeline:core:a:rsci:a:wait_dp/product:or#1                    mgc_or_1_3                                                                                                                                      1.2679 4.1259  
        mult_add_pipeline:core:a:rsci:a:wait_dp/a:rsci.wen_comp                                                                                                                                                                 0.0000 4.1259  
        mult_add_pipeline:core:a:rsci/a:rsci.wen_comp                                                                                                                                                                           0.0000 4.1259  
        mult_add_pipeline:core/a:rsci.wen_comp                                                                                                                                                                                  0.0000 4.1259  
        mult_add_pipeline:core:staller/a:rsci.wen_comp                                                                                                                                                                          0.0000 4.1259  
        mult_add_pipeline:core:staller/and#4                                    mgc_and_1_4                                                                                                                                     1.2790 5.4049  
        mult_add_pipeline:core:staller/core.wen                                                                                                                                                                                 0.0000 5.4049  
        mult_add_pipeline:core/core.wen                                                                                                                                                                                         0.0000 5.4049  
        mult_add_pipeline:core:result:rsci/core.wen                                                                                                                                                                             0.0000 5.4049  
        mult_add_pipeline:core:result:rsci:result:wait_ctrl/core.wen                                                                                                                                                            0.0000 5.4049  
        mult_add_pipeline:core:result:rsci:result:wait_ctrl/and                 mgc_and_1_2                                                                                                                                     1.2790 6.6839  
        mult_add_pipeline:core:result:rsci:result:wait_ctrl/result:rsci.bdwt                                                                                                                                                    0.0000 6.6839  
        mult_add_pipeline:core:result:rsci/result:rsci.bdwt                                                                                                                                                                     0.0000 6.6839  
        mult_add_pipeline:core:result:rsci:result:wait_dp/result:rsci.bdwt                                                                                                                                                      0.0000 6.6839  
        mult_add_pipeline:core:result:rsci:result:wait_dp/nor                   mgc_nor_1_2                                                                                                                                     1.2679 7.9518  
        mult_add_pipeline:core:result:rsci:result:wait_dp/nor.itm                                                                                                                                                               0.0000 7.9518  
        mult_add_pipeline:core:result:rsci:result:wait_dp/reg(result:rsci.bcwt) mgc_reg_pos_1_0_0_1_1_0_0                                                                                                                       0.0000 7.9518  
                                                                                                                                                                                                                                               
      6                                                                         mult_add_pipeline:core/reg(result:rsci.iswt0)                           mult_add_pipeline:core:result:rsci:result:wait_dp/reg(result:rsci.bcwt) 7.9518 -1.2818 
                                                                                                                                                                                                                                               
        Instance                                                                Component                                                                                                                                       Delta  Delay   
        --------                                                                ---------                                                                                                                                       -----  -----   
        mult_add_pipeline:core/reg(result:rsci.iswt0)                           mgc_reg_pos_1_0_0_1_1_1_1                                                                                                                       0.3001 0.3001  
        mult_add_pipeline:core/reg(result:rsci.iswt0).cse                                                                                                                                                                       0.0000 0.3001  
        mult_add_pipeline:core:result:rsci/result:rsci.oswt                                                                                                                                                                     0.0000 0.3001  
        mult_add_pipeline:core:result:rsci:result:wait_ctrl/result:rsci.oswt                                                                                                                                                    0.0000 0.3001  
        mult_add_pipeline:core:result:rsci:result:wait_ctrl/and#3               mgc_and_1_2                                                                                                                                     1.2790 1.5791  
        mult_add_pipeline:core:result:rsci:result:wait_ctrl/result:rsci.ogwt                                                                                                                                                    0.0000 1.5791  
        mult_add_pipeline:core:result:rsci:result:wait_ctrl/and#1               mgc_and_1_2                                                                                                                                     1.2790 2.8580  
        mult_add_pipeline:core:result:rsci:result:wait_ctrl/result:rsci.biwt                                                                                                                                                    0.0000 2.8580  
        mult_add_pipeline:core:result:rsci/result:rsci.biwt                                                                                                                                                                     0.0000 2.8580  
        mult_add_pipeline:core:result:rsci:result:wait_dp/result:rsci.biwt                                                                                                                                                      0.0000 2.8580  
        mult_add_pipeline:core:result:rsci:result:wait_dp/or#1                  mgc_or_1_3                                                                                                                                      1.2679 4.1259  
        mult_add_pipeline:core:result:rsci:result:wait_dp/result:rsci.wen_comp                                                                                                                                                  0.0000 4.1259  
        mult_add_pipeline:core:result:rsci/result:rsci.wen_comp                                                                                                                                                                 0.0000 4.1259  
        mult_add_pipeline:core/result:rsci.wen_comp                                                                                                                                                                             0.0000 4.1259  
        mult_add_pipeline:core:staller/result:rsci.wen_comp                                                                                                                                                                     0.0000 4.1259  
        mult_add_pipeline:core:staller/and#4                                    mgc_and_1_4                                                                                                                                     1.2790 5.4049  
        mult_add_pipeline:core:staller/core.wen                                                                                                                                                                                 0.0000 5.4049  
        mult_add_pipeline:core/core.wen                                                                                                                                                                                         0.0000 5.4049  
        mult_add_pipeline:core:result:rsci/core.wen                                                                                                                                                                             0.0000 5.4049  
        mult_add_pipeline:core:result:rsci:result:wait_ctrl/core.wen                                                                                                                                                            0.0000 5.4049  
        mult_add_pipeline:core:result:rsci:result:wait_ctrl/and                 mgc_and_1_2                                                                                                                                     1.2790 6.6839  
        mult_add_pipeline:core:result:rsci:result:wait_ctrl/result:rsci.bdwt                                                                                                                                                    0.0000 6.6839  
        mult_add_pipeline:core:result:rsci/result:rsci.bdwt                                                                                                                                                                     0.0000 6.6839  
        mult_add_pipeline:core:result:rsci:result:wait_dp/result:rsci.bdwt                                                                                                                                                      0.0000 6.6839  
        mult_add_pipeline:core:result:rsci:result:wait_dp/nor                   mgc_nor_1_2                                                                                                                                     1.2679 7.9518  
        mult_add_pipeline:core:result:rsci:result:wait_dp/nor.itm                                                                                                                                                               0.0000 7.9518  
        mult_add_pipeline:core:result:rsci:result:wait_dp/reg(result:rsci.bcwt) mgc_reg_pos_1_0_0_1_1_0_0                                                                                                                       0.0000 7.9518  
                                                                                                                                                                                                                                               
      7                                                                         mult_add_pipeline:core:result:rsci:result:wait_dp/reg(result:rsci.bcwt) mult_add_pipeline:core:result:rsci:result:wait_dp/reg(result:rsci.bcwt) 7.9518 -1.2818 
                                                                                                                                                                                                                                               
        Instance                                                                Component                                                                                                                                       Delta  Delay   
        --------                                                                ---------                                                                                                                                       -----  -----   
        mult_add_pipeline:core:result:rsci:result:wait_dp/reg(result:rsci.bcwt) mgc_reg_pos_1_0_0_1_1_0_0                                                                                                                       0.3001 0.3001  
        mult_add_pipeline:core:result:rsci:result:wait_dp/result:rsci.bcwt                                                                                                                                                      0.0000 0.3001  
        mult_add_pipeline:core:result:rsci/result:rsci.bcwt                                                                                                                                                                     0.0000 0.3001  
        mult_add_pipeline:core:result:rsci:result:wait_ctrl/result:rsci.bcwt                                                                                                                                                    0.0000 0.3001  
        mult_add_pipeline:core:result:rsci:result:wait_ctrl/not#1               mgc_not_1                                                                                                                                       0.0000 0.3001  
        mult_add_pipeline:core:result:rsci:result:wait_ctrl/not#1.itm                                                                                                                                                           0.0000 0.3001  
        mult_add_pipeline:core:result:rsci:result:wait_ctrl/and#3               mgc_and_1_2                                                                                                                                     1.2790 1.5791  
        mult_add_pipeline:core:result:rsci:result:wait_ctrl/result:rsci.ogwt                                                                                                                                                    0.0000 1.5791  
        mult_add_pipeline:core:result:rsci:result:wait_ctrl/and#1               mgc_and_1_2                                                                                                                                     1.2790 2.8580  
        mult_add_pipeline:core:result:rsci:result:wait_ctrl/result:rsci.biwt                                                                                                                                                    0.0000 2.8580  
        mult_add_pipeline:core:result:rsci/result:rsci.biwt                                                                                                                                                                     0.0000 2.8580  
        mult_add_pipeline:core:result:rsci:result:wait_dp/result:rsci.biwt                                                                                                                                                      0.0000 2.8580  
        mult_add_pipeline:core:result:rsci:result:wait_dp/or#1                  mgc_or_1_3                                                                                                                                      1.2679 4.1259  
        mult_add_pipeline:core:result:rsci:result:wait_dp/result:rsci.wen_comp                                                                                                                                                  0.0000 4.1259  
        mult_add_pipeline:core:result:rsci/result:rsci.wen_comp                                                                                                                                                                 0.0000 4.1259  
        mult_add_pipeline:core/result:rsci.wen_comp                                                                                                                                                                             0.0000 4.1259  
        mult_add_pipeline:core:staller/result:rsci.wen_comp                                                                                                                                                                     0.0000 4.1259  
        mult_add_pipeline:core:staller/and#4                                    mgc_and_1_4                                                                                                                                     1.2790 5.4049  
        mult_add_pipeline:core:staller/core.wen                                                                                                                                                                                 0.0000 5.4049  
        mult_add_pipeline:core/core.wen                                                                                                                                                                                         0.0000 5.4049  
        mult_add_pipeline:core:result:rsci/core.wen                                                                                                                                                                             0.0000 5.4049  
        mult_add_pipeline:core:result:rsci:result:wait_ctrl/core.wen                                                                                                                                                            0.0000 5.4049  
        mult_add_pipeline:core:result:rsci:result:wait_ctrl/and                 mgc_and_1_2                                                                                                                                     1.2790 6.6839  
        mult_add_pipeline:core:result:rsci:result:wait_ctrl/result:rsci.bdwt                                                                                                                                                    0.0000 6.6839  
        mult_add_pipeline:core:result:rsci/result:rsci.bdwt                                                                                                                                                                     0.0000 6.6839  
        mult_add_pipeline:core:result:rsci:result:wait_dp/result:rsci.bdwt                                                                                                                                                      0.0000 6.6839  
        mult_add_pipeline:core:result:rsci:result:wait_dp/nor                   mgc_nor_1_2                                                                                                                                     1.2679 7.9518  
        mult_add_pipeline:core:result:rsci:result:wait_dp/nor.itm                                                                                                                                                               0.0000 7.9518  
        mult_add_pipeline:core:result:rsci:result:wait_dp/reg(result:rsci.bcwt) mgc_reg_pos_1_0_0_1_1_0_0                                                                                                                       0.0000 7.9518  
                                                                                                                                                                                                                                               
      8                                                                         mult_add_pipeline:core/reg(c:rsci.iswt0)                                mult_add_pipeline:core:result:rsci:result:wait_dp/reg(result:rsci.bcwt) 7.9518 -1.2818 
                                                                                                                                                                                                                                               
        Instance                                                                Component                                                                                                                                       Delta  Delay   
        --------                                                                ---------                                                                                                                                       -----  -----   
        mult_add_pipeline:core/reg(c:rsci.iswt0)                                mgc_reg_pos_1_0_0_1_1_1_1                                                                                                                       0.3001 0.3001  
        mult_add_pipeline:core/reg(c:rsci.iswt0).cse                                                                                                                                                                            0.0000 0.3001  
        mult_add_pipeline:core:c:rsci/c:rsci.oswt                                                                                                                                                                               0.0000 0.3001  
        mult_add_pipeline:core:c:rsci:c:wait_ctrl/c:rsci.oswt                                                                                                                                                                   0.0000 0.3001  
        mult_add_pipeline:core:c:rsci:c:wait_ctrl/sum:and#3                     mgc_and_1_2                                                                                                                                     1.2790 1.5791  
        mult_add_pipeline:core:c:rsci:c:wait_ctrl/c:rsci.ogwt                                                                                                                                                                   0.0000 1.5791  
        mult_add_pipeline:core:c:rsci:c:wait_ctrl/sum:and#1                     mgc_and_1_2                                                                                                                                     1.2790 2.8580  
        mult_add_pipeline:core:c:rsci:c:wait_ctrl/c:rsci.biwt                                                                                                                                                                   0.0000 2.8580  
        mult_add_pipeline:core:c:rsci/c:rsci.biwt                                                                                                                                                                               0.0000 2.8580  
        mult_add_pipeline:core:c:rsci:c:wait_dp/c:rsci.biwt                                                                                                                                                                     0.0000 2.8580  
        mult_add_pipeline:core:c:rsci:c:wait_dp/sum:or#1                        mgc_or_1_3                                                                                                                                      1.2679 4.1259  
        mult_add_pipeline:core:c:rsci:c:wait_dp/c:rsci.wen_comp                                                                                                                                                                 0.0000 4.1259  
        mult_add_pipeline:core:c:rsci/c:rsci.wen_comp                                                                                                                                                                           0.0000 4.1259  
        mult_add_pipeline:core/c:rsci.wen_comp                                                                                                                                                                                  0.0000 4.1259  
        mult_add_pipeline:core:staller/c:rsci.wen_comp                                                                                                                                                                          0.0000 4.1259  
        mult_add_pipeline:core:staller/and#4                                    mgc_and_1_4                                                                                                                                     1.2790 5.4049  
        mult_add_pipeline:core:staller/core.wen                                                                                                                                                                                 0.0000 5.4049  
        mult_add_pipeline:core/core.wen                                                                                                                                                                                         0.0000 5.4049  
        mult_add_pipeline:core:result:rsci/core.wen                                                                                                                                                                             0.0000 5.4049  
        mult_add_pipeline:core:result:rsci:result:wait_ctrl/core.wen                                                                                                                                                            0.0000 5.4049  
        mult_add_pipeline:core:result:rsci:result:wait_ctrl/and                 mgc_and_1_2                                                                                                                                     1.2790 6.6839  
        mult_add_pipeline:core:result:rsci:result:wait_ctrl/result:rsci.bdwt                                                                                                                                                    0.0000 6.6839  
        mult_add_pipeline:core:result:rsci/result:rsci.bdwt                                                                                                                                                                     0.0000 6.6839  
        mult_add_pipeline:core:result:rsci:result:wait_dp/result:rsci.bdwt                                                                                                                                                      0.0000 6.6839  
        mult_add_pipeline:core:result:rsci:result:wait_dp/nor                   mgc_nor_1_2                                                                                                                                     1.2679 7.9518  
        mult_add_pipeline:core:result:rsci:result:wait_dp/nor.itm                                                                                                                                                               0.0000 7.9518  
        mult_add_pipeline:core:result:rsci:result:wait_dp/reg(result:rsci.bcwt) mgc_reg_pos_1_0_0_1_1_0_0                                                                                                                       0.0000 7.9518  
                                                                                                                                                                                                                                               
      9                                                                         mult_add_pipeline:core:a:rsci:a:wait_dp/reg(a:rsci.bcwt)                mult_add_pipeline:core:result:rsci:result:wait_dp/reg(result:rsci.bcwt) 7.9518 -1.2818 
                                                                                                                                                                                                                                               
        Instance                                                                Component                                                                                                                                       Delta  Delay   
        --------                                                                ---------                                                                                                                                       -----  -----   
        mult_add_pipeline:core:a:rsci:a:wait_dp/reg(a:rsci.bcwt)                mgc_reg_pos_1_0_0_1_1_0_0                                                                                                                       0.3001 0.3001  
        mult_add_pipeline:core:a:rsci:a:wait_dp/a:rsci.bcwt                                                                                                                                                                     0.0000 0.3001  
        mult_add_pipeline:core:a:rsci/a:rsci.bcwt                                                                                                                                                                               0.0000 0.3001  
        mult_add_pipeline:core:a:rsci:a:wait_ctrl/a:rsci.bcwt                                                                                                                                                                   0.0000 0.3001  
        mult_add_pipeline:core:a:rsci:a:wait_ctrl/product:not#1                 mgc_not_1                                                                                                                                       0.0000 0.3001  
        mult_add_pipeline:core:a:rsci:a:wait_ctrl/product:not#1.itm                                                                                                                                                             0.0000 0.3001  
        mult_add_pipeline:core:a:rsci:a:wait_ctrl/product:and#3                 mgc_and_1_2                                                                                                                                     1.2790 1.5791  
        mult_add_pipeline:core:a:rsci:a:wait_ctrl/a:rsci.ogwt                                                                                                                                                                   0.0000 1.5791  
        mult_add_pipeline:core:a:rsci:a:wait_ctrl/product:and#1                 mgc_and_1_2                                                                                                                                     1.2790 2.8580  
        mult_add_pipeline:core:a:rsci:a:wait_ctrl/a:rsci.biwt                                                                                                                                                                   0.0000 2.8580  
        mult_add_pipeline:core:a:rsci/a:rsci.biwt                                                                                                                                                                               0.0000 2.8580  
        mult_add_pipeline:core:a:rsci:a:wait_dp/a:rsci.biwt                                                                                                                                                                     0.0000 2.8580  
        mult_add_pipeline:core:a:rsci:a:wait_dp/product:or#1                    mgc_or_1_3                                                                                                                                      1.2679 4.1259  
        mult_add_pipeline:core:a:rsci:a:wait_dp/a:rsci.wen_comp                                                                                                                                                                 0.0000 4.1259  
        mult_add_pipeline:core:a:rsci/a:rsci.wen_comp                                                                                                                                                                           0.0000 4.1259  
        mult_add_pipeline:core/a:rsci.wen_comp                                                                                                                                                                                  0.0000 4.1259  
        mult_add_pipeline:core:staller/a:rsci.wen_comp                                                                                                                                                                          0.0000 4.1259  
        mult_add_pipeline:core:staller/and#4                                    mgc_and_1_4                                                                                                                                     1.2790 5.4049  
        mult_add_pipeline:core:staller/core.wen                                                                                                                                                                                 0.0000 5.4049  
        mult_add_pipeline:core/core.wen                                                                                                                                                                                         0.0000 5.4049  
        mult_add_pipeline:core:result:rsci/core.wen                                                                                                                                                                             0.0000 5.4049  
        mult_add_pipeline:core:result:rsci:result:wait_ctrl/core.wen                                                                                                                                                            0.0000 5.4049  
        mult_add_pipeline:core:result:rsci:result:wait_ctrl/and                 mgc_and_1_2                                                                                                                                     1.2790 6.6839  
        mult_add_pipeline:core:result:rsci:result:wait_ctrl/result:rsci.bdwt                                                                                                                                                    0.0000 6.6839  
        mult_add_pipeline:core:result:rsci/result:rsci.bdwt                                                                                                                                                                     0.0000 6.6839  
        mult_add_pipeline:core:result:rsci:result:wait_dp/result:rsci.bdwt                                                                                                                                                      0.0000 6.6839  
        mult_add_pipeline:core:result:rsci:result:wait_dp/nor                   mgc_nor_1_2                                                                                                                                     1.2679 7.9518  
        mult_add_pipeline:core:result:rsci:result:wait_dp/nor.itm                                                                                                                                                               0.0000 7.9518  
        mult_add_pipeline:core:result:rsci:result:wait_dp/reg(result:rsci.bcwt) mgc_reg_pos_1_0_0_1_1_0_0                                                                                                                       0.0000 7.9518  
                                                                                                                                                                                                                                               
      10                                                                        mult_add_pipeline:core/reg(c:rsci.iswt0)                                mult_add_pipeline:core:result:rsci:result:wait_dp/reg(result:rsci.bcwt) 7.9518 -1.2818 
                                                                                                                                                                                                                                               
        Instance                                                                Component                                                                                                                                       Delta  Delay   
        --------                                                                ---------                                                                                                                                       -----  -----   
        mult_add_pipeline:core/reg(c:rsci.iswt0)                                mgc_reg_pos_1_0_0_1_1_1_1                                                                                                                       0.3001 0.3001  
        mult_add_pipeline:core/reg(c:rsci.iswt0).cse                                                                                                                                                                            0.0000 0.3001  
        mult_add_pipeline:core:b:rsci/b:rsci.oswt                                                                                                                                                                               0.0000 0.3001  
        mult_add_pipeline:core:b:rsci:b:wait_ctrl/b:rsci.oswt                                                                                                                                                                   0.0000 0.3001  
        mult_add_pipeline:core:b:rsci:b:wait_ctrl/product:and#7                 mgc_and_1_2                                                                                                                                     1.2790 1.5791  
        mult_add_pipeline:core:b:rsci:b:wait_ctrl/b:rsci.ogwt                                                                                                                                                                   0.0000 1.5791  
        mult_add_pipeline:core:b:rsci:b:wait_ctrl/product:and#5                 mgc_and_1_2                                                                                                                                     1.2790 2.8580  
        mult_add_pipeline:core:b:rsci:b:wait_ctrl/b:rsci.biwt                                                                                                                                                                   0.0000 2.8580  
        mult_add_pipeline:core:b:rsci/b:rsci.biwt                                                                                                                                                                               0.0000 2.8580  
        mult_add_pipeline:core:b:rsci:b:wait_dp/b:rsci.biwt                                                                                                                                                                     0.0000 2.8580  
        mult_add_pipeline:core:b:rsci:b:wait_dp/product:or#3                    mgc_or_1_3                                                                                                                                      1.2679 4.1259  
        mult_add_pipeline:core:b:rsci:b:wait_dp/b:rsci.wen_comp                                                                                                                                                                 0.0000 4.1259  
        mult_add_pipeline:core:b:rsci/b:rsci.wen_comp                                                                                                                                                                           0.0000 4.1259  
        mult_add_pipeline:core/b:rsci.wen_comp                                                                                                                                                                                  0.0000 4.1259  
        mult_add_pipeline:core:staller/b:rsci.wen_comp                                                                                                                                                                          0.0000 4.1259  
        mult_add_pipeline:core:staller/and#4                                    mgc_and_1_4                                                                                                                                     1.2790 5.4049  
        mult_add_pipeline:core:staller/core.wen                                                                                                                                                                                 0.0000 5.4049  
        mult_add_pipeline:core/core.wen                                                                                                                                                                                         0.0000 5.4049  
        mult_add_pipeline:core:result:rsci/core.wen                                                                                                                                                                             0.0000 5.4049  
        mult_add_pipeline:core:result:rsci:result:wait_ctrl/core.wen                                                                                                                                                            0.0000 5.4049  
        mult_add_pipeline:core:result:rsci:result:wait_ctrl/and                 mgc_and_1_2                                                                                                                                     1.2790 6.6839  
        mult_add_pipeline:core:result:rsci:result:wait_ctrl/result:rsci.bdwt                                                                                                                                                    0.0000 6.6839  
        mult_add_pipeline:core:result:rsci/result:rsci.bdwt                                                                                                                                                                     0.0000 6.6839  
        mult_add_pipeline:core:result:rsci:result:wait_dp/result:rsci.bdwt                                                                                                                                                      0.0000 6.6839  
        mult_add_pipeline:core:result:rsci:result:wait_dp/nor                   mgc_nor_1_2                                                                                                                                     1.2679 7.9518  
        mult_add_pipeline:core:result:rsci:result:wait_dp/nor.itm                                                                                                                                                               0.0000 7.9518  
        mult_add_pipeline:core:result:rsci:result:wait_dp/reg(result:rsci.bcwt) mgc_reg_pos_1_0_0_1_1_0_0                                                                                                                       0.0000 7.9518  
                                                                                                                                                                                                                                               
      
    Register Input and Register-to-Output Slack
      Clock period or pin-to-reg delay constraint (clk): 6.67
      Clock uncertainty constraint (clk)               : 0.0
      
      Instance                                                                Port                                                                                                           Slack (Delay) Messages                
      ----------------------------------------------------------------------- ------------------------------------------------------------------------------------------------------------ ------- ------- -----------------------
      mult_add_pipeline:core/reg(result:rsci.idat(29:4))                      sum:sum:mux.itm                                                                                               3.7788  2.8912                         
      mult_add_pipeline:core/reg(gain_adjust:rsc.triosy:obj.iswt0)            slc(fsm_output)(1)#1.itm                                                                                      6.6700  0.0000                         
      mult_add_pipeline:core/reg(result:rsci.iswt0)                           main.stage_0.5                                                                                                3.7788  2.8912                         
      mult_add_pipeline:core/reg(c:rsci.iswt0)                                1#5                                                                                                           6.6700  0.0000                         
      mult_add_pipeline:core/reg(sum.sva.2)                                   sum.sva.1                                                                                                     1.7699  4.9001                         
      mult_add_pipeline:core/reg(sum.sva#1.1)                                 operator*<10,2,true,AC_TRN,AC_WRAP,26,false>:slc(operator*<10,2,true,AC_TRN,AC_WRAP,26,false>:mul)(33-8).itm  1.7699  4.9001                         
      mult_add_pipeline:core/reg(CHECK:io_read(gain_adjust:rsc.@).svs.4)      CHECK:io_read(gain_adjust:rsc.@).svs.st.3                                                                     5.0909  1.5791                         
      mult_add_pipeline:core/reg(CHECK:io_read(gain_adjust:rsc.@).svs.st.3)   CHECK:io_read(gain_adjust:rsc.@).svs.st.2                                                                     5.0909  1.5791                         
      mult_add_pipeline:core/reg(main.stage_0.3)                              reg(gain_adjust:rsc.triosy:obj.iswt0).cse                                                                     5.0909  1.5791                         
      mult_add_pipeline:core/reg(main.stage_0.4)                              main.stage_0.3                                                                                                5.0909  1.5791                         
      mult_add_pipeline:core/reg(main.stage_0.5)                              main.stage_0.4                                                                                                5.0909  1.5791                         
      mult_add_pipeline:core/reg(sum.sva.1)                                   sum:acc.itm                                                                                                   3.9158  2.7542                         
      mult_add_pipeline:core/reg(gain.sva.3)                                  gain.sva.2                                                                                                    6.3699  0.3001                         
      mult_add_pipeline:core/reg(CHECK:io_read(gain_adjust:rsc.@).svs.st.2)   CHECK:io_read(gain_adjust:rsc.@).svs.st.1                                                                     5.0909  1.5791                         
      mult_add_pipeline:core/reg(product:mul.itm.1)                           product:mul.itm                                                                                               1.7699  4.9001                         
      mult_add_pipeline:core/reg(sum:c.tmp.sva.2)                             sum:c.tmp.sva.1                                                                                               6.3699  0.3001                         
      mult_add_pipeline:core/reg(CHECK:io_read(gain_adjust:rsc.@).svs.st.1)   gain_adjust:rsci.idat                                                                                         5.3910  1.2790                         
      mult_add_pipeline:core/reg(gain.sva.2)                                  gain.sva.1                                                                                                    6.3699  0.3001                         
      mult_add_pipeline:core/reg(product:a.tmp.sva.1)                         a:rsci.idat.mxwt                                                                                              5.0578  1.6122                         
      mult_add_pipeline:core/reg(product:b.tmp.sva.1)                         b:rsci.idat.mxwt                                                                                              5.0578  1.6122                         
      mult_add_pipeline:core/reg(sum:c.tmp.sva.1)                             c:rsci.idat.mxwt                                                                                              5.0578  1.6122                         
      mult_add_pipeline:core/reg(gain.sva.1)                                  gain:rsci.idat                                                                                                6.6700  0.0000                         
      mult_add_pipeline:core:a:rsci:a:wait_dp/reg(a:rsci.bcwt)                product:nor.itm                                                                                              -1.2818  7.9518 (clock period exceeded) 
      mult_add_pipeline:core:a:rsci:a:wait_dp/reg(a:rsci.idat.bfwt)           a:rsci.idat                                                                                                   5.3579  1.3121                         
      mult_add_pipeline:core:b:rsci:b:wait_dp/reg(b:rsci.bcwt)                product:nor#2.itm                                                                                            -1.2818  7.9518 (clock period exceeded) 
      mult_add_pipeline:core:b:rsci:b:wait_dp/reg(b:rsci.idat.bfwt)           b:rsci.idat                                                                                                   5.3579  1.3121                         
      mult_add_pipeline:core:c:rsci:c:wait_dp/reg(c:rsci.bcwt)                sum:nor.itm                                                                                                  -1.2818  7.9518 (clock period exceeded) 
      mult_add_pipeline:core:c:rsci:c:wait_dp/reg(c:rsci.idat.bfwt)           c:rsci.idat                                                                                                   5.3579  1.3121                         
      mult_add_pipeline:core:result:rsci:result:wait_dp/reg(result:rsci.bcwt) nor.itm                                                                                                      -1.2818  7.9518 (clock period exceeded) 
      mult_add_pipeline:core:staller/reg(core.wten)                           not#3.itm                                                                                                     1.2651  5.4049                         
      mult_add_pipeline                                                       a:rsc.rdy                                                                                                     5.0909  1.5791                         
      mult_add_pipeline                                                       b:rsc.rdy                                                                                                     5.0909  1.5791                         
      mult_add_pipeline                                                       c:rsc.rdy                                                                                                     5.0909  1.5791                         
      mult_add_pipeline                                                       gain:rsc.triosy.lz                                                                                            5.0909  1.5791                         
      mult_add_pipeline                                                       gain_adjust:rsc.triosy.lz                                                                                     5.0909  1.5791                         
      mult_add_pipeline                                                       result:rsc.dat                                                                                                5.0909  1.5791                         
      mult_add_pipeline                                                       result:rsc.vld                                                                                                5.0909  1.5791                         
      
  Operator Bitwidth Summary
    Operation  Size (bits) Count 
    ---------- ----------- -----
    add                          
    -                   26     1 
    and                          
    -                    1    25 
    mul                          
    -                   34     1 
    -                   25     1 
    mux                          
    -                   26     1 
    -                   25     1 
    -                   14     1 
    -                   11     1 
    nor                          
    -                    1     8 
    not                          
    -                    1    13 
    or                           
    -                    1     4 
    read_port                    
    -                   25     1 
    -                   14     1 
    -                   11     1 
    -                   10     1 
    -                    1     1 
    read_sync                    
    -                    0     2 
    reg                          
    -                   26     4 
    -                   25     4 
    -                   14     2 
    -                   11     2 
    -                   10     3 
    -                    1    15 
    write_port                   
    -                    0     1 
    
  End of Report
