//  Catapult Ultra Synthesis 2021.1/950854 (Production Release) Mon Aug  2 21:36:02 PDT 2021
//  
//          Copyright (c) Siemens EDA, 1996-2021, All Rights Reserved.
//                        UNPUBLISHED, LICENSED SOFTWARE.
//             CONFIDENTIAL AND PROPRIETARY INFORMATION WHICH IS THE
//                   PROPERTY OF SIEMENS EDA OR ITS LICENSORS.
//  
//  Running on Linux serik.perez@c5c6 6.8.0-51-generic x86_64 aol
//  
//  Package information: SIFLIBS v23.7_0.0, HLS_PKGS v23.7_0.0, 
//                       SIF_TOOLKITS v23.7_0.0, SIF_XILINX v23.7_0.0, 
//                       SIF_ALTERA v23.7_0.0, CCS_LIBS v23.7_0.0, 
//                       CDS_PPRO v10.5a, CDS_DesigChecker v2021.1, 
//                       CDS_OASYS v20.1_3.6, CDS_PSR v20.2_1.8, 
//                       DesignPad v2.78_1.0
//  
//  Start time Thu Apr 23 17:21:52 2026
# -------------------------------------------------
# Logging session transcript to file "/tmp/log5997f82995dd.0"
project save
# Moving session transcript to file "/home/alumnes/s/serik.perez/hdd/lab6/catapult.log"
# Saving project file '/home/alumnes/s/serik.perez/hdd/lab6/Catapult.ccs'. (PRJ-5)
project new -name Catapult
solution file add ./src/mult_add_pipeline.cpp
# /INPUTFILES/1
solution file add ./src/tb.cpp
# /INPUTFILES/2
solution file add ./src/mult_add_pipeline_ref.cpp
# /INPUTFILES/3
solution file set /home/alumnes/s/serik.perez/hdd/lab6/src/tb.cpp -exclude true
solution file set /home/alumnes/s/serik.perez/hdd/lab6/src/mult_add_pipeline.cpp -exclude true
solution file set /home/alumnes/s/serik.perez/hdd/lab6/src/mult_add_pipeline.cpp -exclude false
solution file set /home/alumnes/s/serik.perez/hdd/lab6/src/mult_add_pipeline_ref.cpp -exclude true
go analyze
# Info: Starting transformation 'analyze' on solution 'solution.v1' (SOL-8)
# Front End called with arguments: -- /home/alumnes/s/serik.perez/hdd/lab6/src/mult_add_pipeline.cpp (CIN-69)
# Edison Design Group C++/C Front End - Version 6.1 (CIN-1)
# $PROJECT_HOME/src/mult_add_pipeline.cpp(7): Pragma 'hls_design<top>' detected on routine 'mult_add_pipeline' (CIN-6)
# Source file analysis completed (CIN-68)
# Info: Completed transformation 'analyze' on solution 'solution.v1': elapsed time 0.68 seconds, memory usage 1241640kB, peak memory usage 1241640kB (SOL-9)
go compile
# Info: Starting transformation 'compile' on solution 'mult_add_pipeline.v1' (SOL-8)
# Generating synthesis internal form... (CIN-3)
# $PROJECT_HOME/src/mult_add_pipeline.cpp(8): Found top design routine 'mult_add_pipeline' specified by directive (CIN-52)
# $PROJECT_HOME/src/mult_add_pipeline.cpp(8): Synthesizing routine 'mult_add_pipeline' (CIN-13)
# $PROJECT_HOME/src/mult_add_pipeline.cpp(8): Inlining routine 'mult_add_pipeline' (CIN-14)
# $MGC_HOME/shared/include/ac_fixed.h(1363): Inlining routine 'operator*<10, 2, true, AC_TRN, AC_WRAP, 26, false>' (CIN-14)
# $MGC_HOME/shared/include/ac_int.h(2820): Inlining routine 'operator<<<30, false>' (CIN-14)
# $PROJECT_HOME/src/mult_add_pipeline.cpp(8): Optimizing block '/mult_add_pipeline' ... (CIN-4)
# $PROJECT_HOME/src/mult_add_pipeline.cpp(8): INOUT port 'a' is only used as an input. (OPT-10)
# $PROJECT_HOME/src/mult_add_pipeline.cpp(9): INOUT port 'b' is only used as an input. (OPT-10)
# $PROJECT_HOME/src/mult_add_pipeline.cpp(10): INOUT port 'c' is only used as an input. (OPT-10)
# $PROJECT_HOME/src/mult_add_pipeline.cpp(13): INOUT port 'result' is only used as an output. (OPT-11)
# Design 'mult_add_pipeline' was read (SOL-1)
# Makefile for Original Design + Testbench written to file './scverify/Verify_orig_cxx_osci.mk'
# Info: CDesignChecker Shell script written to '/home/alumnes/s/serik.perez/hdd/lab6/Catapult_1/mult_add_pipeline.v1/CDesignChecker/design_checker.sh'
# Info: Completed transformation 'compile' on solution 'mult_add_pipeline.v1': elapsed time 0.47 seconds, memory usage 1241640kB, peak memory usage 1241640kB (SOL-9)
# Info: Design complexity at end of 'compile': Total ops = 15, Real ops = 4, Vars = 13 (SOL-21)
solution library add nangate-45nm_beh -- -rtlsyntool OasysRTL -vendor Nangate -technology 045nm
go libraries
# Info: Starting transformation 'libraries' on solution 'mult_add_pipeline.v1' (SOL-8)
# Info: Please set ComponentLibs/TechLibSearchPath to enable flows that use downstream synthesis tools (LIB-220)
# Reading component library '$MGC_HOME/pkgs/siflibs/mgc_busdefs.lib' [mgc_busdefs]... (LIB-49)
# Reading component library '$MGC_HOME/pkgs/siflibs/stdops.lib' [STDOPS]... (LIB-49)
# Reading component library '$MGC_HOME/pkgs/siflibs/ccs_ioport.lib' [ccs_ioport]... (LIB-49)
# Reading component library '$MGC_HOME/pkgs/siflibs/mgc_ioport.lib' [mgc_ioport]... (LIB-49)
# Reading component library '$MGC_HOME/pkgs/cds_assert/assert_ops.lib' [ASSERT_OPS]... (LIB-49)
# Reading component library '$MGC_HOME/pkgs/cds_assert/assert_mods.lib' [assert_mods]... (LIB-49)
# Reading component library '$MGC_HOME/pkgs/siflibs/ccs_connections.lib' [ccs_connections]... (LIB-49)
# Reading component library '$MGC_HOME/pkgs/siflibs/nangate/nangate-45nm_beh.lib' [nangate-45nm_beh]... (LIB-49)
# Info: Completed transformation 'libraries' on solution 'mult_add_pipeline.v1': elapsed time 0.17 seconds, memory usage 1241640kB, peak memory usage 1241640kB (SOL-9)
# Info: Design complexity at end of 'libraries': Total ops = 15, Real ops = 4, Vars = 13 (SOL-21)
directive set -CLOCKS {clk {-CLOCK_PERIOD 1.11 -CLOCK_EDGE rising -CLOCK_HIGH_TIME 0.555 -CLOCK_OFFSET 0.000000 -CLOCK_UNCERTAINTY 0.0 -RESET_KIND sync -RESET_SYNC_NAME rst -RESET_SYNC_ACTIVE high -RESET_ASYNC_NAME arst_n -RESET_ASYNC_ACTIVE low -ENABLE_NAME {} -ENABLE_ACTIVE high}}
# /CLOCKS {clk {-CLOCK_PERIOD 1.11 -CLOCK_EDGE rising -CLOCK_HIGH_TIME 0.555 -CLOCK_OFFSET 0.000000 -CLOCK_UNCERTAINTY 0.0 -RESET_KIND sync -RESET_SYNC_NAME rst -RESET_SYNC_ACTIVE high -RESET_ASYNC_NAME arst_n -RESET_ASYNC_ACTIVE low -ENABLE_NAME {} -ENABLE_ACTIVE high}}
go assembly
# Info: Starting transformation 'assembly' on solution 'mult_add_pipeline.v1' (SOL-8)
# Info: Completed transformation 'assembly' on solution 'mult_add_pipeline.v1': elapsed time 0.03 seconds, memory usage 1241640kB, peak memory usage 1241640kB (SOL-9)
# Info: Design complexity at end of 'assembly': Total ops = 15, Real ops = 4, Vars = 13 (SOL-21)
directive set /mult_add_pipeline/core -DESIGN_GOAL Area
# /mult_add_pipeline/core/DESIGN_GOAL area
directive set /mult_add_pipeline/core/main -PIPELINE_INIT_INTERVAL 1
# /mult_add_pipeline/core/main/PIPELINE_INIT_INTERVAL 1
go architect
# Info: Starting transformation 'loops' on solution 'mult_add_pipeline.v1' (SOL-8)
# $PROJECT_HOME/src/mult_add_pipeline.cpp(8): Loop '/mult_add_pipeline/core/main' is left rolled. (LOOP-4)
# Info: Completed transformation 'loops' on solution 'mult_add_pipeline.v1': elapsed time 0.01 seconds, memory usage 1241640kB, peak memory usage 1241640kB (SOL-9)
# Info: Design complexity at end of 'loops': Total ops = 19, Real ops = 4, Vars = 15 (SOL-21)
# Info: Starting transformation 'memories' on solution 'mult_add_pipeline.v1' (SOL-8)
# $PROJECT_HOME/src/mult_add_pipeline.cpp(11): I/O-Port Resource '/mult_add_pipeline/gain:rsc' (from var: gain) mapped to 'ccs_ioport.ccs_in' (size: 10). (MEM-2)
# $PROJECT_HOME/src/mult_add_pipeline.cpp(12): I/O-Port Resource '/mult_add_pipeline/gain_adjust:rsc' (from var: gain_adjust) mapped to 'ccs_ioport.ccs_in' (size: 1). (MEM-2)
# Info: Completed transformation 'memories' on solution 'mult_add_pipeline.v1': elapsed time 0.02 seconds, memory usage 1241640kB, peak memory usage 1241640kB (SOL-9)
# Info: Design complexity at end of 'memories': Total ops = 20, Real ops = 4, Vars = 15 (SOL-21)
# Info: Starting transformation 'cluster' on solution 'mult_add_pipeline.v1' (SOL-8)
# Info: Completed transformation 'cluster' on solution 'mult_add_pipeline.v1': elapsed time 0.01 seconds, memory usage 1241640kB, peak memory usage 1241640kB (SOL-9)
# Info: Design complexity at end of 'cluster': Total ops = 20, Real ops = 4, Vars = 15 (SOL-21)
# Info: Starting transformation 'architect' on solution 'mult_add_pipeline.v1' (SOL-8)
# Design 'mult_add_pipeline' contains '5' real operations. (SOL-11)
# Warning: Extrapolation detected. Script '/home/alumnes/s/serik.perez/hdd/lab6/Catapult_1/mult_add_pipeline.v1/adjust_char_library.tcl' generated. (LIB-142)
# Info: Completed transformation 'architect' on solution 'mult_add_pipeline.v1': elapsed time 0.11 seconds, memory usage 1241640kB, peak memory usage 1241640kB (SOL-9)
# Info: Design complexity at end of 'architect': Total ops = 22, Real ops = 5, Vars = 17 (SOL-21)
go allocate
# Info: Starting transformation 'allocate' on solution 'mult_add_pipeline.v1' (SOL-8)
# Performing concurrent resource allocation and scheduling on '/mult_add_pipeline/core' (CRAAS-1)
# Info: Select qualified components for data operations ... (CRAAS-3)
# Info: Apply resource constraints on data operations ... (CRAAS-4)
# $PROJECT_HOME/src/mult_add_pipeline.cpp(8): Prescheduled LOOP '/mult_add_pipeline/core/main' (4 c-steps) (SCHD-7)
# $PROJECT_HOME/src/mult_add_pipeline.cpp(8): Prescheduled LOOP '/mult_add_pipeline/core/core:rlp' (1 c-steps) (SCHD-7)
# $PROJECT_HOME/src/mult_add_pipeline.cpp(8): Prescheduled SEQUENTIAL '/mult_add_pipeline/core' (total length 5 c-steps) (SCHD-8)
# Info: $PROJECT_HOME/src/mult_add_pipeline.cpp(8): Initial schedule of SEQUENTIAL '/mult_add_pipeline/core': Latency = 3, Area (Datapath, Register, Total) = 4206.21, 625.63, 4831.84 (CRAAS-11)
# At least one feasible schedule exists. (CRAAS-9)
# Info: $PROJECT_HOME/src/mult_add_pipeline.cpp(8): Final schedule of SEQUENTIAL '/mult_add_pipeline/core': Latency = 4, Area (Datapath, Register, Total) = 2853.26, 963.98, 3817.25 (CRAAS-12)
# Resource allocation and scheduling done. (CRAAS-2)
# Netlist written to file 'schedule.gnt' (NET-4)
# Info: Completed transformation 'allocate' on solution 'mult_add_pipeline.v1': elapsed time 0.06 seconds, memory usage 1241640kB, peak memory usage 1241640kB (SOL-9)
# Info: Design complexity at end of 'allocate': Total ops = 22, Real ops = 5, Vars = 17 (SOL-21)
go extract
# Info: Starting transformation 'schedule' on solution 'mult_add_pipeline.v1' (SOL-8)
# Performing concurrent resource allocation and scheduling on '/mult_add_pipeline/core' (CRAAS-1)
# Global signal 'a:rsc.rdy' added to design 'mult_add_pipeline' for component 'a:rsci' (LIB-3)
# Global signal 'a:rsc.vld' added to design 'mult_add_pipeline' for component 'a:rsci' (LIB-3)
# Global signal 'a:rsc.dat' added to design 'mult_add_pipeline' for component 'a:rsci' (LIB-3)
# Info: $PROJECT_HOME/src/mult_add_pipeline.cpp(15): Creating buffer for wait controller for component 'a:rsc' (SCHD-46)
# Global signal 'b:rsc.rdy' added to design 'mult_add_pipeline' for component 'b:rsci' (LIB-3)
# Global signal 'b:rsc.vld' added to design 'mult_add_pipeline' for component 'b:rsci' (LIB-3)
# Global signal 'b:rsc.dat' added to design 'mult_add_pipeline' for component 'b:rsci' (LIB-3)
# Info: $PROJECT_HOME/src/mult_add_pipeline.cpp(15): Creating buffer for wait controller for component 'b:rsc' (SCHD-46)
# Global signal 'c:rsc.rdy' added to design 'mult_add_pipeline' for component 'c:rsci' (LIB-3)
# Global signal 'c:rsc.vld' added to design 'mult_add_pipeline' for component 'c:rsci' (LIB-3)
# Global signal 'c:rsc.dat' added to design 'mult_add_pipeline' for component 'c:rsci' (LIB-3)
# Info: $PROJECT_HOME/src/mult_add_pipeline.cpp(16): Creating buffer for wait controller for component 'c:rsc' (SCHD-46)
# Global signal 'gain:rsc.dat' added to design 'mult_add_pipeline' for component 'gain:rsci' (LIB-3)
# Info: $PROJECT_HOME/src/mult_add_pipeline.cpp(11): Creating buffer for wait controller for component 'gain:rsc' (SCHD-46)
# Global signal 'gain_adjust:rsc.dat' added to design 'mult_add_pipeline' for component 'gain_adjust:rsci' (LIB-3)
# Info: $PROJECT_HOME/src/mult_add_pipeline.cpp(18): Creating buffer for wait controller for component 'gain_adjust:rsc' (SCHD-46)
# Global signal 'result:rsc.rdy' added to design 'mult_add_pipeline' for component 'result:rsci' (LIB-3)
# Global signal 'result:rsc.vld' added to design 'mult_add_pipeline' for component 'result:rsci' (LIB-3)
# Global signal 'result:rsc.dat' added to design 'mult_add_pipeline' for component 'result:rsci' (LIB-3)
# Global signal 'gain:rsc.triosy.lz' added to design 'mult_add_pipeline' for component 'gain:rsc.triosy:obj' (LIB-3)
# Global signal 'gain_adjust:rsc.triosy.lz' added to design 'mult_add_pipeline' for component 'gain_adjust:rsc.triosy:obj' (LIB-3)
# Info: $PROJECT_HOME/src/mult_add_pipeline.cpp(8): Loop '/mult_add_pipeline/core/main' is pipelined with initiation interval 1 and no flushing (SCHD-43)
# Report written to file 'cycle.rpt'
# Info: Completed transformation 'schedule' on solution 'mult_add_pipeline.v1': elapsed time 1.09 seconds, memory usage 1249804kB, peak memory usage 1249804kB (SOL-9)
# Info: Design complexity at end of 'schedule': Total ops = 329, Real ops = 57, Vars = 234 (SOL-21)
# Info: Starting transformation 'dpfsm' on solution 'mult_add_pipeline.v1' (SOL-8)
# Performing FSM extraction... (FSM-1)
# Info: Completed transformation 'dpfsm' on solution 'mult_add_pipeline.v1': elapsed time 0.17 seconds, memory usage 1249804kB, peak memory usage 1249804kB (SOL-9)
# Info: Design complexity at end of 'dpfsm': Total ops = 260, Real ops = 76, Vars = 217 (SOL-21)
# Info: Starting transformation 'instance' on solution 'mult_add_pipeline.v1' (SOL-8)
# Netlist written to file 'schematic.nlv' (NET-4)
# Info: Completed transformation 'instance' on solution 'mult_add_pipeline.v1': elapsed time 0.26 seconds, memory usage 1249804kB, peak memory usage 1249804kB (SOL-9)
# Info: Design complexity at end of 'instance': Total ops = 258, Real ops = 74, Vars = 250 (SOL-21)
# Info: Starting transformation 'extract' on solution 'mult_add_pipeline.v1' (SOL-8)
# Report written to file 'rtl.rpt'
# Generating scverify_top.cpp
# Netlist written to file 'rtl.vhdl' (NET-4)
# generate concat
# order file name is: rtl.vhdl_order.txt
# Add dependent file: /tools/Siemens_EDA/Catapult/2021.1/Mgc_home/pkgs/siflibs/ccs_in_wait_v1.vhd
# Add dependent file: /tools/Siemens_EDA/Catapult/2021.1/Mgc_home/pkgs/siflibs/ccs_out_wait_v1.vhd
# Add dependent file: /tools/Siemens_EDA/Catapult/2021.1/Mgc_home/pkgs/siflibs/mgc_io_sync_v2.vhd
# Add dependent file: /tools/Siemens_EDA/Catapult/2021.1/Mgc_home/pkgs/siflibs/ccs_in_v1.vhd
# Add dependent file: ./rtl.vhdl
# Finished writing concatenated file: /home/alumnes/s/serik.perez/hdd/lab6/Catapult_1/mult_add_pipeline.v1/concat_rtl.vhdl
# order file name is: rtl.vhdl_order_sim.txt
# Add dependent file: /tools/Siemens_EDA/Catapult/2021.1/Mgc_home/pkgs/siflibs/ccs_in_wait_v1.vhd
# Add dependent file: /tools/Siemens_EDA/Catapult/2021.1/Mgc_home/pkgs/siflibs/ccs_out_wait_v1.vhd
# Add dependent file: /tools/Siemens_EDA/Catapult/2021.1/Mgc_home/pkgs/siflibs/mgc_io_sync_v2.vhd
# Add dependent file: /tools/Siemens_EDA/Catapult/2021.1/Mgc_home/pkgs/siflibs/ccs_in_v1.vhd
# Add dependent file: ./rtl.vhdl
# Finished writing concatenated simulation file: /home/alumnes/s/serik.perez/hdd/lab6/Catapult_1/mult_add_pipeline.v1/concat_sim_rtl.vhdl
# Generating SCVerify testbench files
# Makefile for RTL VHDL output 'rtl.vhdl' vs Untimed C++ written to file './scverify/Verify_rtl_vhdl_msim.mk'
# Makefile for Concat RTL VHDL output 'concat_sim_rtl.vhdl' vs Untimed C++ written to file './scverify/Verify_concat_sim_rtl_vhdl_msim.mk'
# Netlist written to file 'rtl.v' (NET-4)
# generate concat
# order file name is: rtl.v_order.txt
# Add dependent file: /tools/Siemens_EDA/Catapult/2021.1/Mgc_home/pkgs/siflibs/ccs_in_wait_v1.v
# Add dependent file: /tools/Siemens_EDA/Catapult/2021.1/Mgc_home/pkgs/siflibs/ccs_out_wait_v1.v
# Add dependent file: /tools/Siemens_EDA/Catapult/2021.1/Mgc_home/pkgs/siflibs/mgc_io_sync_v2.v
# Add dependent file: /tools/Siemens_EDA/Catapult/2021.1/Mgc_home/pkgs/siflibs/ccs_in_v1.v
# Add dependent file: ./rtl.v
# Finished writing concatenated file: /home/alumnes/s/serik.perez/hdd/lab6/Catapult_1/mult_add_pipeline.v1/concat_rtl.v
# order file name is: rtl.v_order_sim.txt
# Add dependent file: /tools/Siemens_EDA/Catapult/2021.1/Mgc_home/pkgs/siflibs/ccs_in_wait_v1.v
# Add dependent file: /tools/Siemens_EDA/Catapult/2021.1/Mgc_home/pkgs/siflibs/ccs_out_wait_v1.v
# Add dependent file: /tools/Siemens_EDA/Catapult/2021.1/Mgc_home/pkgs/siflibs/mgc_io_sync_v2.v
# Add dependent file: /tools/Siemens_EDA/Catapult/2021.1/Mgc_home/pkgs/siflibs/ccs_in_v1.v
# Add dependent file: ./rtl.v
# Finished writing concatenated simulation file: /home/alumnes/s/serik.perez/hdd/lab6/Catapult_1/mult_add_pipeline.v1/concat_sim_rtl.v
# Makefile for RTL Verilog output 'rtl.v' vs Untimed C++ written to file './scverify/Verify_rtl_v_msim.mk'
# Makefile for Concat RTL Verilog output 'concat_sim_rtl.v' vs Untimed C++ written to file './scverify/Verify_concat_sim_rtl_v_msim.mk'
# Info: Completed transformation 'extract' on solution 'mult_add_pipeline.v1': elapsed time 1.58 seconds, memory usage 1249804kB, peak memory usage 1249804kB (SOL-9)
# Info: Design complexity at end of 'extract': Total ops = 258, Real ops = 74, Vars = 218 (SOL-21)
flow run /DesignAnalyzer/launch
flow run /SCVerify/launch_make ./scverify/Verify_concat_sim_rtl_v_msim.mk {} SIMTOOL=msim simgui
# Making './scverify/Verify_concat_sim_rtl_v_msim.mk {} SIMTOOL=msim simgui'
# Make utility invoked from '/home/alumnes/s/serik.perez/hdd/lab6/Catapult_1/mult_add_pipeline.v1'
#     /tools/Siemens_EDA/Catapult/2021.1/Mgc_home/bin/make -f ./scverify/Verify_concat_sim_rtl_v_msim.mk SIMTOOL=msim build < "/dev/null" (BASIC-15)
# /tools/Siemens_EDA/Catapult/2021.1/Mgc_home//shared/include/mkfiles/ccs_questasim.mk:169: Warning: Using QuestaSim on Ubuntu requires -B/usr/bin link argument
# ============================================
# Creating simulation directory 'scverify/concat_sim_rtl_v_msim'
# mkdir -p scverify/concat_sim_rtl_v_msim
# ============================================
# Setting up default modelsim.ini file from '/tools/Siemens_EDA/questasim/2021.3/questasim/bin/../modelsim.ini'
# cat "/tools/Siemens_EDA/questasim/2021.3/questasim/bin/../modelsim.ini" >scverify/concat_sim_rtl_v_msim/modelsim.ini
# ============================================
# Creating physical library 'scverify/concat_sim_rtl_v_msim/work'
# /tools/Siemens_EDA/questasim/2021.3/questasim/bin/vlib scverify/concat_sim_rtl_v_msim/work
# ============================================
# Mapping logical library 'work' to physical path '$SCVLIBS/scverify/concat_sim_rtl_v_msim/work'
# /tools/Siemens_EDA/questasim/2021.3/questasim/bin/vmap work \$SCVLIBS/scverify/concat_sim_rtl_v_msim/work
# QuestaSim-64 vmap 2021.3_2 Lib Mapping Utility 2021.09 Sep 10 2021
# vmap work $SCVLIBS/scverify/concat_sim_rtl_v_msim/work 
# Modifying scverify/concat_sim_rtl_v_msim/modelsim.ini
# ============================================
# Creating Questa SIM wave TCL file 'scverify/concat_sim_rtl_v_msim/scverify_msim_wave.tcl' from 'scverify/ccs_wave_signals.dat'
# /tools/Siemens_EDA/Catapult/2021.1/Mgc_home//bin/tclsh8.5 /tools/Siemens_EDA/Catapult/2021.1/Mgc_home//pkgs/sif/userware/En_na/flows/app_questasim.flo create_wave_script ./Catapult_1/mult_add_pipeline.v1/scverify/ccs_wave_signals.dat scverify/concat_sim_rtl_v_msim/scverify_msim_wave.tcl ./Catapult_1/mult_add_pipeline.v1/.dut_inst_info.tcl ./Catapult_1/mult_add_pipeline.v1/.qwave_signal 
# app_questasim.flo - Executing command 'create_wave_script ./Catapult_1/mult_add_pipeline.v1/scverify/ccs_wave_signals.dat scverify/concat_sim_rtl_v_msim/scverify_msim_wave.tcl ./Catapult_1/mult_add_pipeline.v1/.dut_inst_info.tcl ./Catapult_1/mult_add_pipeline.v1/.qwave_signal'...
# Wrote Questa SIM waveform creation script to 'scverify/concat_sim_rtl_v_msim/scverify_msim_wave.tcl'
# ============================================
# Compiling Verilog file: concat_sim_rtl.v
# /tools/Siemens_EDA/questasim/2021.3/questasim/bin/vlog -work work     concat_sim_rtl.v
# QuestaSim-64 vlog 2021.3_2 Compiler 2021.09 Sep 10 2021
# Start time: 17:37:46 on Apr 23,2026
# vlog -work work concat_sim_rtl.v 
# -- Compiling module ccs_in_wait_v1
# -- Compiling module ccs_out_wait_v1
# -- Compiling module mgc_io_sync_v2
# -- Compiling module ccs_in_v1
# -- Compiling module mult_add_pipeline_core_core_fsm
# -- Compiling module mult_add_pipeline_core_staller
# -- Compiling module mult_add_pipeline_core_gain_adjust_rsc_triosy_obj_gain_adjust_rsc_triosy_wait_ctrl
# -- Compiling module mult_add_pipeline_core_gain_rsc_triosy_obj_gain_rsc_triosy_wait_ctrl
# -- Compiling module mult_add_pipeline_core_result_rsci_result_wait_dp
# -- Compiling module mult_add_pipeline_core_result_rsci_result_wait_ctrl
# -- Compiling module mult_add_pipeline_core_c_rsci_c_wait_dp
# -- Compiling module mult_add_pipeline_core_c_rsci_c_wait_ctrl
# -- Compiling module mult_add_pipeline_core_b_rsci_b_wait_dp
# -- Compiling module mult_add_pipeline_core_b_rsci_b_wait_ctrl
# -- Compiling module mult_add_pipeline_core_a_rsci_a_wait_dp
# -- Compiling module mult_add_pipeline_core_a_rsci_a_wait_ctrl
# -- Compiling module mult_add_pipeline_core_gain_adjust_rsc_triosy_obj
# -- Compiling module mult_add_pipeline_core_gain_rsc_triosy_obj
# -- Compiling module mult_add_pipeline_core_result_rsci
# -- Compiling module mult_add_pipeline_core_c_rsci
# -- Compiling module mult_add_pipeline_core_b_rsci
# -- Compiling module mult_add_pipeline_core_a_rsci
# -- Compiling module mult_add_pipeline_core
# -- Compiling module mult_add_pipeline
# 
# Top level modules:
# 	mult_add_pipeline
# End time: 17:37:46 on Apr 23,2026, Elapsed time: 0:00:00
# Errors: 0, Warnings: 0
# ============================================
# Compiling C++ file: ../../src/mult_add_pipeline.cpp
# /tools/Siemens_EDA/questasim/2021.3/questasim/bin/sccom -g -x c++ -Wall -Wno-unused-label -Wno-unknown-pragmas -DCCS_SCVERIFY_USE_CCS_BLOCK -DCCS_DUT_RTL -DCCS_DUT_VERILOG -DCCS_SCVERIFY -DSC_INCLUDE_DYNAMIC_PROCESSES -DSC_USE_STD_STRING -DTOP_HDL_ENTITY=mult_add_pipeline -DCCS_DESIGN_FUNC_mult_add_pipeline -DCCS_DESIGN_TOP_mult_add_pipeline -DCCS_MISMATCHED_OUTPUTS_ONLY  -DDEADLOCK_DETECTION -I./scverify -I. -I../.. -I./scverify -I. -I../.. -I/tools/Siemens_EDA/Catapult/2021.1/Mgc_home//shared/include -I/tools/Siemens_EDA/Catapult/2021.1/Mgc_home//pkgs/hls_pkgs/src -I/tools/Siemens_EDA/Catapult/2021.1/Mgc_home//pkgs/siflibs -I/tools/Siemens_EDA/Catapult/2021.1/Mgc_home//pkgs/hls_pkgs/mgc_comps_src -DUSE_STD_STRING -DSC_INCLUDE_MTI_AC  -c ../../src/mult_add_pipeline.cpp
# Start time: 17:37:46 on Apr 23,2026
# 
# QuestaSim-64 sccom 2021.3_2 compiler 2021.09 Sep 10 2021
# End time: 17:37:47 on Apr 23,2026, Elapsed time: 0:00:01
# Errors: 0, Warnings: 0
# ============================================
# Compiling C++ file: ../../src/tb.cpp
# /tools/Siemens_EDA/questasim/2021.3/questasim/bin/sccom -g -x c++ -Wall -Wno-unused-label -Wno-unknown-pragmas -DCCS_SCVERIFY_USE_CCS_BLOCK -DCCS_DUT_RTL -DCCS_DUT_VERILOG -DCCS_SCVERIFY -DSC_INCLUDE_DYNAMIC_PROCESSES -DSC_USE_STD_STRING -DTOP_HDL_ENTITY=mult_add_pipeline -DCCS_DESIGN_FUNC_mult_add_pipeline -DCCS_DESIGN_TOP_mult_add_pipeline -DCCS_MISMATCHED_OUTPUTS_ONLY  -DDEADLOCK_DETECTION -I./scverify -I. -I../.. -I./scverify -I. -I../.. -I/tools/Siemens_EDA/Catapult/2021.1/Mgc_home//shared/include -I/tools/Siemens_EDA/Catapult/2021.1/Mgc_home//pkgs/hls_pkgs/src -I/tools/Siemens_EDA/Catapult/2021.1/Mgc_home//pkgs/siflibs -I/tools/Siemens_EDA/Catapult/2021.1/Mgc_home//pkgs/hls_pkgs/mgc_comps_src -DUSE_STD_STRING -DSC_INCLUDE_MTI_AC  -c ../../src/tb.cpp
# Start time: 17:37:47 on Apr 23,2026
# 
# QuestaSim-64 sccom 2021.3_2 compiler 2021.09 Sep 10 2021
# 
# ../../src/tb.cpp: In member function 'int testbench::main()':
# ../../src/tb.cpp:23:9: warning: unused variable 'gain_ref' [-Wunused-variable]
#    float gain_ref = 0.5;
#          ^~~~~~~~
# End time: 17:37:48 on Apr 23,2026, Elapsed time: 0:00:01
# Errors: 0, Warnings: 0
# ============================================
# Compiling C++ file: ../../src/mult_add_pipeline_ref.cpp
# /tools/Siemens_EDA/questasim/2021.3/questasim/bin/sccom -g -x c++ -Wall -Wno-unused-label -Wno-unknown-pragmas -DCCS_SCVERIFY_USE_CCS_BLOCK -DCCS_DUT_RTL -DCCS_DUT_VERILOG -DCCS_SCVERIFY -DSC_INCLUDE_DYNAMIC_PROCESSES -DSC_USE_STD_STRING -DTOP_HDL_ENTITY=mult_add_pipeline -DCCS_DESIGN_FUNC_mult_add_pipeline -DCCS_DESIGN_TOP_mult_add_pipeline -DCCS_MISMATCHED_OUTPUTS_ONLY  -DDEADLOCK_DETECTION -I./scverify -I. -I../.. -I./scverify -I. -I../.. -I/tools/Siemens_EDA/Catapult/2021.1/Mgc_home//shared/include -I/tools/Siemens_EDA/Catapult/2021.1/Mgc_home//pkgs/hls_pkgs/src -I/tools/Siemens_EDA/Catapult/2021.1/Mgc_home//pkgs/siflibs -I/tools/Siemens_EDA/Catapult/2021.1/Mgc_home//pkgs/hls_pkgs/mgc_comps_src -DUSE_STD_STRING -DSC_INCLUDE_MTI_AC  -c ../../src/mult_add_pipeline_ref.cpp
# Start time: 17:37:48 on Apr 23,2026
# 
# QuestaSim-64 sccom 2021.3_2 compiler 2021.09 Sep 10 2021
# End time: 17:37:48 on Apr 23,2026, Elapsed time: 0:00:00
# Errors: 0, Warnings: 0
# ============================================
# Compiling C++ file: scverify/mc_testbench.cpp
# /tools/Siemens_EDA/questasim/2021.3/questasim/bin/sccom -g -x c++ -Wall -Wno-unused-label -Wno-unknown-pragmas -DCCS_SCVERIFY_USE_CCS_BLOCK -DCCS_DUT_RTL -DCCS_DUT_VERILOG -DCCS_SCVERIFY -DSC_INCLUDE_DYNAMIC_PROCESSES -DSC_USE_STD_STRING -DTOP_HDL_ENTITY=mult_add_pipeline -DCCS_DESIGN_FUNC_mult_add_pipeline -DCCS_DESIGN_TOP_mult_add_pipeline -DCCS_MISMATCHED_OUTPUTS_ONLY  -DDEADLOCK_DETECTION -I./scverify -I. -I../.. -I./scverify -I. -I../.. -I/tools/Siemens_EDA/Catapult/2021.1/Mgc_home//shared/include -I/tools/Siemens_EDA/Catapult/2021.1/Mgc_home//pkgs/hls_pkgs/src -I/tools/Siemens_EDA/Catapult/2021.1/Mgc_home//pkgs/siflibs -I/tools/Siemens_EDA/Catapult/2021.1/Mgc_home//pkgs/hls_pkgs/mgc_comps_src -DUSE_STD_STRING -DSC_INCLUDE_MTI_AC  -c scverify/mc_testbench.cpp
# Start time: 17:37:48 on Apr 23,2026
# 
# QuestaSim-64 sccom 2021.3_2 compiler 2021.09 Sep 10 2021
# End time: 17:37:49 on Apr 23,2026, Elapsed time: 0:00:01
# Errors: 0, Warnings: 0
# ============================================
# Compiling C++ file: scverify/scverify_top.cpp
# /tools/Siemens_EDA/questasim/2021.3/questasim/bin/sccom -g -x c++ -Wall -Wno-unused-label -Wno-unknown-pragmas -DCCS_SCVERIFY_USE_CCS_BLOCK -DCCS_DUT_RTL -DCCS_DUT_VERILOG -DCCS_SCVERIFY -DSC_INCLUDE_DYNAMIC_PROCESSES -DSC_USE_STD_STRING -DTOP_HDL_ENTITY=mult_add_pipeline -DCCS_DESIGN_FUNC_mult_add_pipeline -DCCS_DESIGN_TOP_mult_add_pipeline -DCCS_MISMATCHED_OUTPUTS_ONLY  -DDEADLOCK_DETECTION -I./scverify -I. -I../.. -I./scverify -I. -I../.. -I/tools/Siemens_EDA/Catapult/2021.1/Mgc_home//shared/include -I/tools/Siemens_EDA/Catapult/2021.1/Mgc_home//pkgs/hls_pkgs/src -I/tools/Siemens_EDA/Catapult/2021.1/Mgc_home//pkgs/siflibs -I/tools/Siemens_EDA/Catapult/2021.1/Mgc_home//pkgs/hls_pkgs/mgc_comps_src -DUSE_STD_STRING -DSC_INCLUDE_MTI_AC  -c scverify/scverify_top.cpp
# Start time: 17:37:49 on Apr 23,2026
# 
# QuestaSim-64 sccom 2021.3_2 compiler 2021.09 Sep 10 2021
# 
# Exported modules:
# 	scverify_top
# ** Warning: (sccom-6102) The object "_data" is not debuggable. (/tools/Siemens_EDA/Catapult/2021.1/Mgc_home//shared/include/mc_monitor.h, 144)
# End time: 17:37:53 on Apr 23,2026, Elapsed time: 0:00:04
# Errors: 0, Warnings: 1
# ============================================
# Linking executable
# /tools/Siemens_EDA/questasim/2021.3/questasim/bin/sccom -link   
# sccom -link 
# Start time: 17:37:54 on Apr 23,2026
# 
# QuestaSim-64 sccom 2021.3_2 compiler 2021.09 Sep 10 2021
# End time: 17:37:54 on Apr 23,2026, Elapsed time: 0:00:00
# Errors: 0, Warnings: 0
# ============================================
# Optimizing design: scverify_top
# cd ../..; /tools/Siemens_EDA/questasim/2021.3/questasim/bin/vopt +acc=npr    -L "./Catapult_1/mult_add_pipeline.v1/scverify/concat_sim_rtl_v_msim/work"   scverify_top  -o scverify_top_opt
# QuestaSim-64 vopt 2021.3_2 Compiler 2021.09 Sep 10 2021
# Start time: 17:37:54 on Apr 23,2026
# vopt "+acc=npr" -L ./Catapult_1/mult_add_pipeline.v1/scverify/concat_sim_rtl_v_msim/work scverify_top -o scverify_top_opt 
# 
# Top level modules:
# 	scverify_top
# 
# Analyzing design...
# -- Loading shared library /home/alumnes/s/serik.perez/hdd/lab6/Catapult_1/mult_add_pipeline.v1/scverify/concat_sim_rtl_v_msim/work/_sc/linux_x86_64_gcc-7.4.0/systemc.so
# -- Loading systemc module /home/alumnes/s/serik.perez/hdd/lab6/Catapult_1/mult_add_pipeline.v1/scverify/concat_sim_rtl_v_msim/work.scverify_top
# Info: CCS_CLK_CTOR: Clock 'clk' - Using default clock period '1110 ps'
# -- Loading module mult_add_pipeline
# -- Loading module mult_add_pipeline_core
# -- Loading module ccs_in_v1
# -- Loading module mult_add_pipeline_core_a_rsci
# -- Loading module ccs_in_wait_v1
# -- Loading module mult_add_pipeline_core_a_rsci_a_wait_ctrl
# -- Loading module mult_add_pipeline_core_a_rsci_a_wait_dp
# -- Loading module mult_add_pipeline_core_b_rsci
# -- Loading module mult_add_pipeline_core_b_rsci_b_wait_ctrl
# -- Loading module mult_add_pipeline_core_b_rsci_b_wait_dp
# -- Loading module mult_add_pipeline_core_c_rsci
# -- Loading module mult_add_pipeline_core_c_rsci_c_wait_ctrl
# -- Loading module mult_add_pipeline_core_c_rsci_c_wait_dp
# -- Loading module mult_add_pipeline_core_result_rsci
# -- Loading module ccs_out_wait_v1
# -- Loading module mult_add_pipeline_core_result_rsci_result_wait_ctrl
# -- Loading module mult_add_pipeline_core_result_rsci_result_wait_dp
# -- Loading module mult_add_pipeline_core_gain_rsc_triosy_obj
# -- Loading module mgc_io_sync_v2
# -- Loading module mult_add_pipeline_core_gain_rsc_triosy_obj_gain_rsc_triosy_wait_ctrl
# -- Loading module mult_add_pipeline_core_gain_adjust_rsc_triosy_obj
# -- Loading module mult_add_pipeline_core_gain_adjust_rsc_triosy_obj_gain_adjust_rsc_triosy_wait_ctrl
# -- Loading module mult_add_pipeline_core_staller
# -- Loading module mult_add_pipeline_core_core_fsm
# Optimizing 27 design-units (inlining 0/28 module instances, 0/23 systemc instances):
# -- Optimizing module mult_add_pipeline_core(fast)
# -- Optimizing module mult_add_pipeline_core_a_rsci_a_wait_dp(fast)
# -- Optimizing module mult_add_pipeline_core_b_rsci_b_wait_dp(fast)
# -- Optimizing module mult_add_pipeline_core_c_rsci_c_wait_dp(fast)
# -- Optimizing module mult_add_pipeline(fast)
# -- Optimizing module mult_add_pipeline_core_result_rsci(fast)
# -- Optimizing module mult_add_pipeline_core_a_rsci(fast)
# -- Optimizing module mult_add_pipeline_core_b_rsci(fast)
# -- Optimizing module mult_add_pipeline_core_c_rsci(fast)
# -- Optimizing module mult_add_pipeline_core_core_fsm(fast)
# -- Optimizing module mult_add_pipeline_core_result_rsci_result_wait_dp(fast)
# -- Optimizing module mult_add_pipeline_core_staller(fast)
# -- Optimizing module ccs_in_wait_v1(fast)
# -- Optimizing module ccs_in_wait_v1(fast__1)
# -- Optimizing module ccs_in_wait_v1(fast__2)
# -- Optimizing module ccs_out_wait_v1(fast)
# -- Optimizing module mult_add_pipeline_core_a_rsci_a_wait_ctrl(fast)
# -- Optimizing module mult_add_pipeline_core_b_rsci_b_wait_ctrl(fast)
# -- Optimizing module mult_add_pipeline_core_c_rsci_c_wait_ctrl(fast)
# -- Optimizing module mult_add_pipeline_core_result_rsci_result_wait_ctrl(fast)
# -- Optimizing module mult_add_pipeline_core_gain_rsc_triosy_obj(fast)
# -- Optimizing module mult_add_pipeline_core_gain_adjust_rsc_triosy_obj(fast)
# -- Optimizing module ccs_in_v1(fast)
# -- Optimizing module ccs_in_v1(fast__1)
# -- Optimizing module mult_add_pipeline_core_gain_rsc_triosy_obj_gain_rsc_triosy_wait_ctrl(fast)
# -- Optimizing module mult_add_pipeline_core_gain_adjust_rsc_triosy_obj_gain_adjust_rsc_triosy_wait_ctrl(fast)
# -- Optimizing module mgc_io_sync_v2(fast)
# Optimized design name is scverify_top_opt
# End time: 17:37:55 on Apr 23,2026, Elapsed time: 0:00:01
# Errors: 0, Warnings: 0, Suppressed Warnings: 1
#     /tools/Siemens_EDA/Catapult/2021.1/Mgc_home/bin/make -f ./scverify/Verify_concat_sim_rtl_v_msim.mk SIMTOOL=msim simgui < "/dev/null" (BASIC-15)
go compile
solution library remove *
# Info: Branching solution 'mult_add_pipeline.v2' at state 'compile' (PRJ-2)
# Makefile for Original Design + Testbench written to file './scverify/Verify_orig_cxx_osci.mk'
# Info: CDesignChecker Shell script written to '/home/alumnes/s/serik.perez/hdd/lab6/Catapult_1/mult_add_pipeline.v2/CDesignChecker/design_checker.sh'
solution library add mgc_Altera-Cyclone-V-6_beh -- -rtlsyntool Quartus -manufacturer Altera -family {Cyclone V} -speed 6 -part 5CEBA2F17C6
solution library add Altera_DIST
solution library add Altera_M10K
solution library add Altera_MLAB
solution library remove *
solution library add mgc_Altera-Cyclone-V-6_beh -- -rtlsyntool Quartus -manufacturer Altera -family {Cyclone V} -speed 6 -part 5CEBA2F17C6
go libraries
# Info: Starting transformation 'libraries' on solution 'mult_add_pipeline.v2' (SOL-8)
# Info: Please set ComponentLibs/TechLibSearchPath to enable flows that use downstream synthesis tools (LIB-220)
# Reading component library '$MGC_HOME/pkgs/siflibs/mgc_busdefs.lib' [mgc_busdefs]... (LIB-49)
# Reading component library '$MGC_HOME/pkgs/siflibs/stdops.lib' [STDOPS]... (LIB-49)
# Reading component library '$MGC_HOME/pkgs/siflibs/ccs_ioport.lib' [ccs_ioport]... (LIB-49)
# Reading component library '$MGC_HOME/pkgs/siflibs/mgc_ioport.lib' [mgc_ioport]... (LIB-49)
# Reading component library '$MGC_HOME/pkgs/cds_assert/assert_ops.lib' [ASSERT_OPS]... (LIB-49)
# Reading component library '$MGC_HOME/pkgs/cds_assert/assert_mods.lib' [assert_mods]... (LIB-49)
# Reading component library '$MGC_HOME/pkgs/siflibs/ccs_connections.lib' [ccs_connections]... (LIB-49)
# Reading component library '$MGC_HOME/pkgs/ccs_altera/mgc_Altera-Cyclone-V-6_beh.lib' [mgc_Altera-Cyclone-V-6_beh]... (LIB-49)
# Info: Completed transformation 'libraries' on solution 'mult_add_pipeline.v2': elapsed time 0.15 seconds, memory usage 1249804kB, peak memory usage 1249804kB (SOL-9)
# Info: Design complexity at end of 'libraries': Total ops = 15, Real ops = 4, Vars = 13 (SOL-21)
directive set -CLOCKS {clk {-CLOCK_PERIOD 2 -CLOCK_EDGE rising -CLOCK_HIGH_TIME 1 -CLOCK_OFFSET 0.000000 -CLOCK_UNCERTAINTY 0.0 -RESET_KIND sync -RESET_SYNC_NAME rst -RESET_SYNC_ACTIVE high -RESET_ASYNC_NAME arst_n -RESET_ASYNC_ACTIVE low -ENABLE_NAME {} -ENABLE_ACTIVE high}}
# /CLOCKS {clk {-CLOCK_PERIOD 2 -CLOCK_EDGE rising -CLOCK_HIGH_TIME 1 -CLOCK_OFFSET 0.000000 -CLOCK_UNCERTAINTY 0.0 -RESET_KIND sync -RESET_SYNC_NAME rst -RESET_SYNC_ACTIVE high -RESET_ASYNC_NAME arst_n -RESET_ASYNC_ACTIVE low -ENABLE_NAME {} -ENABLE_ACTIVE high}}
go allocate
# Info: Starting transformation 'assembly' on solution 'mult_add_pipeline.v2' (SOL-8)
# Info: Completed transformation 'assembly' on solution 'mult_add_pipeline.v2': elapsed time 0.03 seconds, memory usage 1249804kB, peak memory usage 1249804kB (SOL-9)
# Info: Design complexity at end of 'assembly': Total ops = 15, Real ops = 4, Vars = 13 (SOL-21)
# Info: Starting transformation 'loops' on solution 'mult_add_pipeline.v2' (SOL-8)
# $PROJECT_HOME/src/mult_add_pipeline.cpp(8): Loop '/mult_add_pipeline/core/main' is left rolled. (LOOP-4)
# Info: Completed transformation 'loops' on solution 'mult_add_pipeline.v2': elapsed time 0.01 seconds, memory usage 1249804kB, peak memory usage 1249804kB (SOL-9)
# Info: Design complexity at end of 'loops': Total ops = 19, Real ops = 4, Vars = 15 (SOL-21)
# Info: Starting transformation 'memories' on solution 'mult_add_pipeline.v2' (SOL-8)
# $PROJECT_HOME/src/mult_add_pipeline.cpp(11): I/O-Port Resource '/mult_add_pipeline/gain:rsc' (from var: gain) mapped to 'ccs_ioport.ccs_in' (size: 10). (MEM-2)
# $PROJECT_HOME/src/mult_add_pipeline.cpp(12): I/O-Port Resource '/mult_add_pipeline/gain_adjust:rsc' (from var: gain_adjust) mapped to 'ccs_ioport.ccs_in' (size: 1). (MEM-2)
# Info: Completed transformation 'memories' on solution 'mult_add_pipeline.v2': elapsed time 0.02 seconds, memory usage 1249804kB, peak memory usage 1249804kB (SOL-9)
# Info: Design complexity at end of 'memories': Total ops = 20, Real ops = 4, Vars = 15 (SOL-21)
# Info: Starting transformation 'cluster' on solution 'mult_add_pipeline.v2' (SOL-8)
# Info: Completed transformation 'cluster' on solution 'mult_add_pipeline.v2': elapsed time 0.00 seconds, memory usage 1249804kB, peak memory usage 1249804kB (SOL-9)
# Info: Design complexity at end of 'cluster': Total ops = 20, Real ops = 4, Vars = 15 (SOL-21)
# Info: Starting transformation 'architect' on solution 'mult_add_pipeline.v2' (SOL-8)
# Design 'mult_add_pipeline' contains '5' real operations. (SOL-11)
# Info: Completed transformation 'architect' on solution 'mult_add_pipeline.v2': elapsed time 0.04 seconds, memory usage 1249804kB, peak memory usage 1249804kB (SOL-9)
# Info: Design complexity at end of 'architect': Total ops = 22, Real ops = 5, Vars = 17 (SOL-21)
# Info: Starting transformation 'allocate' on solution 'mult_add_pipeline.v2' (SOL-8)
# Performing concurrent resource allocation and scheduling on '/mult_add_pipeline/core' (CRAAS-1)
# Info: Select qualified components for data operations ... (CRAAS-3)
# Warning: Couldn't find library component for operator 'mul(11,0,14,0,25)' - clock period is 2 and the minimum clock period for the component is 2.67 (SIF-4)
# Warning: Couldn't find library component for operator 'add(25,0,25,0,26)' - clock period is 2 and the minimum clock period for the component is 15.0554 (SIF-4)
# Warning: Couldn't find library component for operator 'mul(26,0,10,1,34)' - clock period is 2 and the minimum clock period for the component is 2.67 (SIF-4)
# Info: Apply resource constraints on data operations ... (CRAAS-4)
# Error: Couldn't find library component for operation 'product:mul' ( mul(11,0,14,0,25) ) - invalid resource constraints. (CRAAS-6)
# Error: Couldn't find library component for operation 'sum:acc' ( add(25,0,25,0,26) ) - invalid resource constraints. (CRAAS-6)
# Error: Couldn't find library component for operation 'operator*<10,2,true,AC_TRN,AC_WRAP,26,false>:mul' ( mul(26,0,10,1,34) ) - invalid resource constraints. (CRAAS-6)
# Netlist written to file 'schedule.gnt' (NET-4)
# Info: Completed transformation 'architect' on solution 'mult_add_pipeline.v2': elapsed time 0.07 seconds, memory usage 1249804kB, peak memory usage 1249804kB (SOL-9)
# Info: Design complexity at end of 'architect': Total ops = 22, Real ops = 5, Vars = 17 (SOL-21)
# Error: Design 'mult_add_pipeline' could not schedule partition '/mult_add_pipeline/core' - incomplete component selection
go libraries
go assembly
go architect
go libraries
directive set -CLOCKS {clk {-CLOCK_PERIOD 2.5 -CLOCK_EDGE rising -CLOCK_HIGH_TIME 1.25 -CLOCK_OFFSET 0.000000 -CLOCK_UNCERTAINTY 0.0 -RESET_KIND sync -RESET_SYNC_NAME rst -RESET_SYNC_ACTIVE high -RESET_ASYNC_NAME arst_n -RESET_ASYNC_ACTIVE low -ENABLE_NAME {} -ENABLE_ACTIVE high}}
# CU_DESIGN sid3 ADD {} {VERSION v3 SID sid3 BRANCH_SID sid2 BRANCH_STATE libraries INCREMENTAL 0 STATE libraries TRANSFORMING 0 SOLUTION_DIR {} CAT_DIR /home/alumnes/s/serik.perez/hdd/lab6/Catapult_1/ SYNTHESIS_FLOWPKG Quartus UNITS {} STATES {} INPUTFILES {} OUTPUTFILES {} TECHCONFIG {{/CONFIG/PARAMETERS/Quartus/PARAMETERS/Altera/PARAMETERS/Cyclone V/PARAMETERS/6/PARAMETERS/5CEBA2F17C6/PARAMETERS/mgc_Altera-Cyclone-V-6_beh/25}} SOURCEHIER {} HIERCONFIG {} TECHLIBS {} FLOWPKGS {} DATUM {} MESSAGES {} TOP {} SIF_DESIGN_HIER {} ALLOCS {} DIRAPPLIES {} SID_DATA {} SCOPED_C_INTERFACE {} COMPILE_DATA {} PROPERTIES {} OPT_INFOS {} name mult_add_pipeline}: Race condition
# Info: Branching solution 'mult_add_pipeline.v3' at state 'libraries' (PRJ-2)
# Makefile for Original Design + Testbench written to file './scverify/Verify_orig_cxx_osci.mk'
# Info: CDesignChecker Shell script written to '/home/alumnes/s/serik.perez/hdd/lab6/Catapult_1/mult_add_pipeline.v3/CDesignChecker/design_checker.sh'
# /CLOCKS {clk {-CLOCK_PERIOD 2.5 -CLOCK_EDGE rising -CLOCK_HIGH_TIME 1.25 -CLOCK_OFFSET 0.000000 -CLOCK_UNCERTAINTY 0.0 -RESET_KIND sync -RESET_SYNC_NAME rst -RESET_SYNC_ACTIVE high -RESET_ASYNC_NAME arst_n -RESET_ASYNC_ACTIVE low -ENABLE_NAME {} -ENABLE_ACTIVE high}}
go allocate
# Info: Starting transformation 'assembly' on solution 'mult_add_pipeline.v3' (SOL-8)
# Info: Completed transformation 'assembly' on solution 'mult_add_pipeline.v3': elapsed time 0.02 seconds, memory usage 1249804kB, peak memory usage 1249804kB (SOL-9)
# Info: Design complexity at end of 'assembly': Total ops = 15, Real ops = 4, Vars = 13 (SOL-21)
# Info: Starting transformation 'loops' on solution 'mult_add_pipeline.v3' (SOL-8)
# $PROJECT_HOME/src/mult_add_pipeline.cpp(8): Loop '/mult_add_pipeline/core/main' is left rolled. (LOOP-4)
# Info: Completed transformation 'loops' on solution 'mult_add_pipeline.v3': elapsed time 0.00 seconds, memory usage 1249804kB, peak memory usage 1249804kB (SOL-9)
# Info: Design complexity at end of 'loops': Total ops = 19, Real ops = 4, Vars = 15 (SOL-21)
# Info: Starting transformation 'memories' on solution 'mult_add_pipeline.v3' (SOL-8)
# $PROJECT_HOME/src/mult_add_pipeline.cpp(11): I/O-Port Resource '/mult_add_pipeline/gain:rsc' (from var: gain) mapped to 'ccs_ioport.ccs_in' (size: 10). (MEM-2)
# $PROJECT_HOME/src/mult_add_pipeline.cpp(12): I/O-Port Resource '/mult_add_pipeline/gain_adjust:rsc' (from var: gain_adjust) mapped to 'ccs_ioport.ccs_in' (size: 1). (MEM-2)
# Info: Completed transformation 'memories' on solution 'mult_add_pipeline.v3': elapsed time 0.02 seconds, memory usage 1249804kB, peak memory usage 1249804kB (SOL-9)
# Info: Design complexity at end of 'memories': Total ops = 20, Real ops = 4, Vars = 15 (SOL-21)
# Info: Starting transformation 'cluster' on solution 'mult_add_pipeline.v3' (SOL-8)
# Info: Completed transformation 'cluster' on solution 'mult_add_pipeline.v3': elapsed time 0.01 seconds, memory usage 1249804kB, peak memory usage 1249804kB (SOL-9)
# Info: Design complexity at end of 'cluster': Total ops = 20, Real ops = 4, Vars = 15 (SOL-21)
# Info: Starting transformation 'architect' on solution 'mult_add_pipeline.v3' (SOL-8)
# Design 'mult_add_pipeline' contains '5' real operations. (SOL-11)
# Info: Completed transformation 'architect' on solution 'mult_add_pipeline.v3': elapsed time 0.03 seconds, memory usage 1249804kB, peak memory usage 1249804kB (SOL-9)
# Info: Design complexity at end of 'architect': Total ops = 22, Real ops = 5, Vars = 17 (SOL-21)
# Info: Starting transformation 'allocate' on solution 'mult_add_pipeline.v3' (SOL-8)
# Performing concurrent resource allocation and scheduling on '/mult_add_pipeline/core' (CRAAS-1)
# Info: Select qualified components for data operations ... (CRAAS-3)
# Warning: Couldn't find library component for operator 'mul(11,0,14,0,25)' - clock period is 2.5 and the minimum clock period for the component is 2.67 (SIF-4)
# Warning: Couldn't find library component for operator 'mul(26,0,10,1,34)' - clock period is 2.5 and the minimum clock period for the component is 2.67 (SIF-4)
# Info: Apply resource constraints on data operations ... (CRAAS-4)
# Error: Couldn't find library component for operation 'product:mul' ( mul(11,0,14,0,25) ) - invalid resource constraints. (CRAAS-6)
# Error: Couldn't find library component for operation 'operator*<10,2,true,AC_TRN,AC_WRAP,26,false>:mul' ( mul(26,0,10,1,34) ) - invalid resource constraints. (CRAAS-6)
# Netlist written to file 'schedule.gnt' (NET-4)
# Info: Completed transformation 'architect' on solution 'mult_add_pipeline.v3': elapsed time 0.07 seconds, memory usage 1249804kB, peak memory usage 1249804kB (SOL-9)
# Info: Design complexity at end of 'architect': Total ops = 22, Real ops = 5, Vars = 17 (SOL-21)
# Error: Design 'mult_add_pipeline' could not schedule partition '/mult_add_pipeline/core' - incomplete component selection
go libraries
go allocate
# Info: Starting transformation 'allocate' on solution 'mult_add_pipeline.v3' (SOL-8)
# Performing concurrent resource allocation and scheduling on '/mult_add_pipeline/core' (CRAAS-1)
# Info: Select qualified components for data operations ... (CRAAS-3)
# Warning: Couldn't find library component for operator 'mul(11,0,14,0,25)' - clock period is 2.5 and the minimum clock period for the component is 2.67 (SIF-4)
# Warning: Couldn't find library component for operator 'mul(26,0,10,1,34)' - clock period is 2.5 and the minimum clock period for the component is 2.67 (SIF-4)
# Info: Apply resource constraints on data operations ... (CRAAS-4)
# Error: Couldn't find library component for operation 'product:mul' ( mul(11,0,14,0,25) ) - invalid resource constraints. (CRAAS-6)
# Error: Couldn't find library component for operation 'operator*<10,2,true,AC_TRN,AC_WRAP,26,false>:mul' ( mul(26,0,10,1,34) ) - invalid resource constraints. (CRAAS-6)
# Netlist written to file 'schedule.gnt' (NET-4)
# Info: Completed transformation 'architect' on solution 'mult_add_pipeline.v3': elapsed time 0.09 seconds, memory usage 1249804kB, peak memory usage 1249804kB (SOL-9)
# Info: Design complexity at end of 'architect': Total ops = 22, Real ops = 5, Vars = 17 (SOL-21)
# Error: Design 'mult_add_pipeline' could not schedule partition '/mult_add_pipeline/core' - incomplete component selection
go libraries
directive set -CLOCKS {clk {-CLOCK_PERIOD 2.86 -CLOCK_EDGE rising -CLOCK_HIGH_TIME 1.43 -CLOCK_OFFSET 0.000000 -CLOCK_UNCERTAINTY 0.0 -RESET_KIND sync -RESET_SYNC_NAME rst -RESET_SYNC_ACTIVE high -RESET_ASYNC_NAME arst_n -RESET_ASYNC_ACTIVE low -ENABLE_NAME {} -ENABLE_ACTIVE high}}
# CU_DESIGN sid4 ADD {} {VERSION v4 SID sid4 BRANCH_SID sid3 BRANCH_STATE libraries INCREMENTAL 0 STATE libraries TRANSFORMING 0 SOLUTION_DIR {} CAT_DIR /home/alumnes/s/serik.perez/hdd/lab6/Catapult_1/ SYNTHESIS_FLOWPKG Quartus UNITS {} STATES {} INPUTFILES {} OUTPUTFILES {} TECHCONFIG {{/CONFIG/PARAMETERS/Quartus/PARAMETERS/Altera/PARAMETERS/Cyclone V/PARAMETERS/6/PARAMETERS/5CEBA2F17C6/PARAMETERS/mgc_Altera-Cyclone-V-6_beh/25}} SOURCEHIER {} HIERCONFIG {} TECHLIBS {} FLOWPKGS {} DATUM {} MESSAGES {} TOP {} SIF_DESIGN_HIER {} ALLOCS {} DIRAPPLIES {} SID_DATA {} SCOPED_C_INTERFACE {} COMPILE_DATA {} PROPERTIES {} OPT_INFOS {} name mult_add_pipeline}: Race condition
# Info: Branching solution 'mult_add_pipeline.v4' at state 'libraries' (PRJ-2)
# Makefile for Original Design + Testbench written to file './scverify/Verify_orig_cxx_osci.mk'
# Info: CDesignChecker Shell script written to '/home/alumnes/s/serik.perez/hdd/lab6/Catapult_1/mult_add_pipeline.v4/CDesignChecker/design_checker.sh'
# /CLOCKS {clk {-CLOCK_PERIOD 2.86 -CLOCK_EDGE rising -CLOCK_HIGH_TIME 1.43 -CLOCK_OFFSET 0.000000 -CLOCK_UNCERTAINTY 0.0 -RESET_KIND sync -RESET_SYNC_NAME rst -RESET_SYNC_ACTIVE high -RESET_ASYNC_NAME arst_n -RESET_ASYNC_ACTIVE low -ENABLE_NAME {} -ENABLE_ACTIVE high}}
go allocate
# Info: Starting transformation 'assembly' on solution 'mult_add_pipeline.v4' (SOL-8)
# Info: Completed transformation 'assembly' on solution 'mult_add_pipeline.v4': elapsed time 0.03 seconds, memory usage 1249804kB, peak memory usage 1249804kB (SOL-9)
# Info: Design complexity at end of 'assembly': Total ops = 15, Real ops = 4, Vars = 13 (SOL-21)
# Info: Starting transformation 'loops' on solution 'mult_add_pipeline.v4' (SOL-8)
# $PROJECT_HOME/src/mult_add_pipeline.cpp(8): Loop '/mult_add_pipeline/core/main' is left rolled. (LOOP-4)
# Info: Completed transformation 'loops' on solution 'mult_add_pipeline.v4': elapsed time 0.02 seconds, memory usage 1249804kB, peak memory usage 1249804kB (SOL-9)
# Info: Design complexity at end of 'loops': Total ops = 19, Real ops = 4, Vars = 15 (SOL-21)
# Info: Starting transformation 'memories' on solution 'mult_add_pipeline.v4' (SOL-8)
# $PROJECT_HOME/src/mult_add_pipeline.cpp(11): I/O-Port Resource '/mult_add_pipeline/gain:rsc' (from var: gain) mapped to 'ccs_ioport.ccs_in' (size: 10). (MEM-2)
# $PROJECT_HOME/src/mult_add_pipeline.cpp(12): I/O-Port Resource '/mult_add_pipeline/gain_adjust:rsc' (from var: gain_adjust) mapped to 'ccs_ioport.ccs_in' (size: 1). (MEM-2)
# Info: Completed transformation 'memories' on solution 'mult_add_pipeline.v4': elapsed time 0.02 seconds, memory usage 1249804kB, peak memory usage 1249804kB (SOL-9)
# Info: Design complexity at end of 'memories': Total ops = 20, Real ops = 4, Vars = 15 (SOL-21)
# Info: Starting transformation 'cluster' on solution 'mult_add_pipeline.v4' (SOL-8)
# Info: Completed transformation 'cluster' on solution 'mult_add_pipeline.v4': elapsed time 0.01 seconds, memory usage 1249804kB, peak memory usage 1249804kB (SOL-9)
# Info: Design complexity at end of 'cluster': Total ops = 20, Real ops = 4, Vars = 15 (SOL-21)
# Info: Starting transformation 'architect' on solution 'mult_add_pipeline.v4' (SOL-8)
# Design 'mult_add_pipeline' contains '5' real operations. (SOL-11)
# Info: Completed transformation 'architect' on solution 'mult_add_pipeline.v4': elapsed time 0.03 seconds, memory usage 1249804kB, peak memory usage 1249804kB (SOL-9)
# Info: Design complexity at end of 'architect': Total ops = 22, Real ops = 5, Vars = 17 (SOL-21)
# Info: Starting transformation 'allocate' on solution 'mult_add_pipeline.v4' (SOL-8)
# Performing concurrent resource allocation and scheduling on '/mult_add_pipeline/core' (CRAAS-1)
# Info: Select qualified components for data operations ... (CRAAS-3)
# Info: Apply resource constraints on data operations ... (CRAAS-4)
# $PROJECT_HOME/src/mult_add_pipeline.cpp(8): Prescheduled LOOP '/mult_add_pipeline/core/main' (13 c-steps) (SCHD-7)
# $PROJECT_HOME/src/mult_add_pipeline.cpp(8): Prescheduled LOOP '/mult_add_pipeline/core/core:rlp' (1 c-steps) (SCHD-7)
# $PROJECT_HOME/src/mult_add_pipeline.cpp(8): Prescheduled SEQUENTIAL '/mult_add_pipeline/core' (total length 14 c-steps) (SCHD-8)
# Info: $PROJECT_HOME/src/mult_add_pipeline.cpp(8): Initial schedule of SEQUENTIAL '/mult_add_pipeline/core': Latency = 12, Area (Datapath, Register, Total) = 956.61, 0.00, 956.61 (CRAAS-11)
# At least one feasible schedule exists. (CRAAS-9)
# Info: $PROJECT_HOME/src/mult_add_pipeline.cpp(8): Final schedule of SEQUENTIAL '/mult_add_pipeline/core': Latency = 12, Area (Datapath, Register, Total) = 956.61, 0.00, 956.61 (CRAAS-12)
# Resource allocation and scheduling done. (CRAAS-2)
# Netlist written to file 'schedule.gnt' (NET-4)
# Info: Completed transformation 'allocate' on solution 'mult_add_pipeline.v4': elapsed time 0.06 seconds, memory usage 1249804kB, peak memory usage 1249804kB (SOL-9)
# Info: Design complexity at end of 'allocate': Total ops = 22, Real ops = 5, Vars = 17 (SOL-21)
go libraries
directive set -CLOCKS {clk {-CLOCK_PERIOD 5 -CLOCK_EDGE rising -CLOCK_HIGH_TIME 2.5 -CLOCK_OFFSET 0.000000 -CLOCK_UNCERTAINTY 0.0 -RESET_KIND sync -RESET_SYNC_NAME rst -RESET_SYNC_ACTIVE high -RESET_ASYNC_NAME arst_n -RESET_ASYNC_ACTIVE low -ENABLE_NAME {} -ENABLE_ACTIVE high}}
# CU_DESIGN sid5 ADD {} {VERSION v5 SID sid5 BRANCH_SID sid4 BRANCH_STATE libraries INCREMENTAL 0 STATE libraries TRANSFORMING 0 SOLUTION_DIR {} CAT_DIR /home/alumnes/s/serik.perez/hdd/lab6/Catapult_1/ SYNTHESIS_FLOWPKG Quartus UNITS {} STATES {} INPUTFILES {} OUTPUTFILES {} TECHCONFIG {{/CONFIG/PARAMETERS/Quartus/PARAMETERS/Altera/PARAMETERS/Cyclone V/PARAMETERS/6/PARAMETERS/5CEBA2F17C6/PARAMETERS/mgc_Altera-Cyclone-V-6_beh/25}} SOURCEHIER {} HIERCONFIG {} TECHLIBS {} FLOWPKGS {} DATUM {} MESSAGES {} TOP {} SIF_DESIGN_HIER {} ALLOCS {} DIRAPPLIES {} SID_DATA {} SCOPED_C_INTERFACE {} COMPILE_DATA {} PROPERTIES {} OPT_INFOS {} name mult_add_pipeline}: Race condition
# Info: Branching solution 'mult_add_pipeline.v5' at state 'libraries' (PRJ-2)
# Makefile for Original Design + Testbench written to file './scverify/Verify_orig_cxx_osci.mk'
# Info: CDesignChecker Shell script written to '/home/alumnes/s/serik.perez/hdd/lab6/Catapult_1/mult_add_pipeline.v5/CDesignChecker/design_checker.sh'
# /CLOCKS {clk {-CLOCK_PERIOD 5 -CLOCK_EDGE rising -CLOCK_HIGH_TIME 2.5 -CLOCK_OFFSET 0.000000 -CLOCK_UNCERTAINTY 0.0 -RESET_KIND sync -RESET_SYNC_NAME rst -RESET_SYNC_ACTIVE high -RESET_ASYNC_NAME arst_n -RESET_ASYNC_ACTIVE low -ENABLE_NAME {} -ENABLE_ACTIVE high}}
directive set -CLOCKS {clk {-CLOCK_PERIOD 5 -CLOCK_EDGE rising -CLOCK_HIGH_TIME 2.5 -CLOCK_OFFSET 0.000000 -CLOCK_UNCERTAINTY 0.0 -RESET_KIND sync -RESET_SYNC_NAME rst -RESET_SYNC_ACTIVE high -RESET_ASYNC_NAME arst_n -RESET_ASYNC_ACTIVE low -ENABLE_NAME {} -ENABLE_ACTIVE high}}
# /CLOCKS {clk {-CLOCK_PERIOD 5 -CLOCK_EDGE rising -CLOCK_HIGH_TIME 2.5 -CLOCK_OFFSET 0.000000 -CLOCK_UNCERTAINTY 0.0 -RESET_KIND sync -RESET_SYNC_NAME rst -RESET_SYNC_ACTIVE high -RESET_ASYNC_NAME arst_n -RESET_ASYNC_ACTIVE low -ENABLE_NAME {} -ENABLE_ACTIVE high}}
go allocate
# Info: Starting transformation 'assembly' on solution 'mult_add_pipeline.v5' (SOL-8)
# Info: Completed transformation 'assembly' on solution 'mult_add_pipeline.v5': elapsed time 0.03 seconds, memory usage 1249804kB, peak memory usage 1249804kB (SOL-9)
# Info: Design complexity at end of 'assembly': Total ops = 15, Real ops = 4, Vars = 13 (SOL-21)
# Info: Starting transformation 'loops' on solution 'mult_add_pipeline.v5' (SOL-8)
# $PROJECT_HOME/src/mult_add_pipeline.cpp(8): Loop '/mult_add_pipeline/core/main' is left rolled. (LOOP-4)
# Info: Completed transformation 'loops' on solution 'mult_add_pipeline.v5': elapsed time 0.00 seconds, memory usage 1249804kB, peak memory usage 1249804kB (SOL-9)
# Info: Design complexity at end of 'loops': Total ops = 19, Real ops = 4, Vars = 15 (SOL-21)
# Info: Starting transformation 'memories' on solution 'mult_add_pipeline.v5' (SOL-8)
# $PROJECT_HOME/src/mult_add_pipeline.cpp(11): I/O-Port Resource '/mult_add_pipeline/gain:rsc' (from var: gain) mapped to 'ccs_ioport.ccs_in' (size: 10). (MEM-2)
# $PROJECT_HOME/src/mult_add_pipeline.cpp(12): I/O-Port Resource '/mult_add_pipeline/gain_adjust:rsc' (from var: gain_adjust) mapped to 'ccs_ioport.ccs_in' (size: 1). (MEM-2)
# Info: Completed transformation 'memories' on solution 'mult_add_pipeline.v5': elapsed time 0.02 seconds, memory usage 1249804kB, peak memory usage 1249804kB (SOL-9)
# Info: Design complexity at end of 'memories': Total ops = 20, Real ops = 4, Vars = 15 (SOL-21)
# Info: Starting transformation 'cluster' on solution 'mult_add_pipeline.v5' (SOL-8)
# Info: Completed transformation 'cluster' on solution 'mult_add_pipeline.v5': elapsed time 0.01 seconds, memory usage 1249804kB, peak memory usage 1249804kB (SOL-9)
# Info: Design complexity at end of 'cluster': Total ops = 20, Real ops = 4, Vars = 15 (SOL-21)
# Info: Starting transformation 'architect' on solution 'mult_add_pipeline.v5' (SOL-8)
# Design 'mult_add_pipeline' contains '5' real operations. (SOL-11)
# Info: Completed transformation 'architect' on solution 'mult_add_pipeline.v5': elapsed time 0.03 seconds, memory usage 1249804kB, peak memory usage 1249804kB (SOL-9)
# Info: Design complexity at end of 'architect': Total ops = 22, Real ops = 5, Vars = 17 (SOL-21)
# Info: Starting transformation 'allocate' on solution 'mult_add_pipeline.v5' (SOL-8)
# Performing concurrent resource allocation and scheduling on '/mult_add_pipeline/core' (CRAAS-1)
# Info: Select qualified components for data operations ... (CRAAS-3)
# Info: Apply resource constraints on data operations ... (CRAAS-4)
# $PROJECT_HOME/src/mult_add_pipeline.cpp(8): Prescheduled LOOP '/mult_add_pipeline/core/main' (6 c-steps) (SCHD-7)
# $PROJECT_HOME/src/mult_add_pipeline.cpp(8): Prescheduled LOOP '/mult_add_pipeline/core/core:rlp' (1 c-steps) (SCHD-7)
# $PROJECT_HOME/src/mult_add_pipeline.cpp(8): Prescheduled SEQUENTIAL '/mult_add_pipeline/core' (total length 7 c-steps) (SCHD-8)
# Info: $PROJECT_HOME/src/mult_add_pipeline.cpp(8): Initial schedule of SEQUENTIAL '/mult_add_pipeline/core': Latency = 5, Area (Datapath, Register, Total) = 660.50, 0.00, 660.50 (CRAAS-11)
# At least one feasible schedule exists. (CRAAS-9)
# Info: $PROJECT_HOME/src/mult_add_pipeline.cpp(8): Final schedule of SEQUENTIAL '/mult_add_pipeline/core': Latency = 5, Area (Datapath, Register, Total) = 660.50, 0.00, 660.50 (CRAAS-12)
# Resource allocation and scheduling done. (CRAAS-2)
# Netlist written to file 'schedule.gnt' (NET-4)
# Info: Completed transformation 'allocate' on solution 'mult_add_pipeline.v5': elapsed time 0.06 seconds, memory usage 1249804kB, peak memory usage 1249804kB (SOL-9)
# Info: Design complexity at end of 'allocate': Total ops = 22, Real ops = 5, Vars = 17 (SOL-21)
go extract
# Info: Starting transformation 'schedule' on solution 'mult_add_pipeline.v5' (SOL-8)
# Performing concurrent resource allocation and scheduling on '/mult_add_pipeline/core' (CRAAS-1)
# Global signal 'a:rsc.rdy' added to design 'mult_add_pipeline' for component 'a:rsci' (LIB-3)
# Global signal 'a:rsc.vld' added to design 'mult_add_pipeline' for component 'a:rsci' (LIB-3)
# Global signal 'a:rsc.dat' added to design 'mult_add_pipeline' for component 'a:rsci' (LIB-3)
# Info: $PROJECT_HOME/src/mult_add_pipeline.cpp(15): Creating buffer for wait controller for component 'a:rsc' (SCHD-46)
# Global signal 'b:rsc.rdy' added to design 'mult_add_pipeline' for component 'b:rsci' (LIB-3)
# Global signal 'b:rsc.vld' added to design 'mult_add_pipeline' for component 'b:rsci' (LIB-3)
# Global signal 'b:rsc.dat' added to design 'mult_add_pipeline' for component 'b:rsci' (LIB-3)
# Info: $PROJECT_HOME/src/mult_add_pipeline.cpp(15): Creating buffer for wait controller for component 'b:rsc' (SCHD-46)
# Global signal 'c:rsc.rdy' added to design 'mult_add_pipeline' for component 'c:rsci' (LIB-3)
# Global signal 'c:rsc.vld' added to design 'mult_add_pipeline' for component 'c:rsci' (LIB-3)
# Global signal 'c:rsc.dat' added to design 'mult_add_pipeline' for component 'c:rsci' (LIB-3)
# Info: $PROJECT_HOME/src/mult_add_pipeline.cpp(16): Creating buffer for wait controller for component 'c:rsc' (SCHD-46)
# Global signal 'gain:rsc.dat' added to design 'mult_add_pipeline' for component 'gain:rsci' (LIB-3)
# Info: $PROJECT_HOME/src/mult_add_pipeline.cpp(11): Creating buffer for wait controller for component 'gain:rsc' (SCHD-46)
# Global signal 'gain_adjust:rsc.dat' added to design 'mult_add_pipeline' for component 'gain_adjust:rsci' (LIB-3)
# Info: $PROJECT_HOME/src/mult_add_pipeline.cpp(18): Creating buffer for wait controller for component 'gain_adjust:rsc' (SCHD-46)
# Global signal 'result:rsc.rdy' added to design 'mult_add_pipeline' for component 'result:rsci' (LIB-3)
# Global signal 'result:rsc.vld' added to design 'mult_add_pipeline' for component 'result:rsci' (LIB-3)
# Global signal 'result:rsc.dat' added to design 'mult_add_pipeline' for component 'result:rsci' (LIB-3)
# Global signal 'gain:rsc.triosy.lz' added to design 'mult_add_pipeline' for component 'gain:rsc.triosy:obj' (LIB-3)
# Global signal 'gain_adjust:rsc.triosy.lz' added to design 'mult_add_pipeline' for component 'gain_adjust:rsc.triosy:obj' (LIB-3)
# Info: $PROJECT_HOME/src/mult_add_pipeline.cpp(8): Loop '/mult_add_pipeline/core/main' is pipelined with initiation interval 1 and no flushing (SCHD-43)
# Report written to file 'cycle.rpt'
# Info: Completed transformation 'schedule' on solution 'mult_add_pipeline.v5': elapsed time 0.76 seconds, memory usage 1249804kB, peak memory usage 1249804kB (SOL-9)
# Info: Design complexity at end of 'schedule': Total ops = 424, Real ops = 67, Vars = 287 (SOL-21)
# Info: Starting transformation 'dpfsm' on solution 'mult_add_pipeline.v5' (SOL-8)
# Performing FSM extraction... (FSM-1)
# Info: $PROJECT_HOME/src/mult_add_pipeline.cpp(8): Retimed signal '/mult_add_pipeline/mult_add_pipeline:core/core.wen' (RETIM-4)
# Info: Completed transformation 'dpfsm' on solution 'mult_add_pipeline.v5': elapsed time 0.24 seconds, memory usage 1249804kB, peak memory usage 1249804kB (SOL-9)
# Info: Design complexity at end of 'dpfsm': Total ops = 425, Real ops = 121, Vars = 350 (SOL-21)
# Info: Starting transformation 'instance' on solution 'mult_add_pipeline.v5' (SOL-8)
# Netlist written to file 'schematic.nlv' (NET-4)
# Info: Completed transformation 'instance' on solution 'mult_add_pipeline.v5': elapsed time 0.30 seconds, memory usage 1249804kB, peak memory usage 1249804kB (SOL-9)
# Info: Design complexity at end of 'instance': Total ops = 421, Real ops = 116, Vars = 393 (SOL-21)
# Info: Starting transformation 'extract' on solution 'mult_add_pipeline.v5' (SOL-8)
# Report written to file 'rtl.rpt'
# Generating scverify_top.cpp
# Netlist written to file 'rtl.vhdl' (NET-4)
# generate concat
# order file name is: rtl.vhdl_order.txt
# Add dependent file: /tools/Siemens_EDA/Catapult/2021.1/Mgc_home/pkgs/siflibs/ccs_ctrl_in_buf_wait_v4.vhd
# Add dependent file: /tools/Siemens_EDA/Catapult/2021.1/Mgc_home/pkgs/siflibs/ccs_out_buf_wait_v5.vhd
# Add dependent file: /tools/Siemens_EDA/Catapult/2021.1/Mgc_home/pkgs/siflibs/mgc_io_sync_v2.vhd
# Add dependent file: /tools/Siemens_EDA/Catapult/2021.1/Mgc_home/pkgs/siflibs/ccs_in_v1.vhd
# Add dependent file: ./rtl.vhdl
# Finished writing concatenated file: /home/alumnes/s/serik.perez/hdd/lab6/Catapult_1/mult_add_pipeline.v5/concat_rtl.vhdl
# order file name is: rtl.vhdl_order_sim.txt
# Add dependent file: /tools/Siemens_EDA/Catapult/2021.1/Mgc_home/pkgs/siflibs/ccs_ctrl_in_buf_wait_v4.vhd
# Add dependent file: /tools/Siemens_EDA/Catapult/2021.1/Mgc_home/pkgs/siflibs/ccs_out_buf_wait_v5.vhd
# Add dependent file: /tools/Siemens_EDA/Catapult/2021.1/Mgc_home/pkgs/siflibs/mgc_io_sync_v2.vhd
# Add dependent file: /tools/Siemens_EDA/Catapult/2021.1/Mgc_home/pkgs/siflibs/ccs_in_v1.vhd
# Add dependent file: ./rtl.vhdl
# Finished writing concatenated simulation file: /home/alumnes/s/serik.perez/hdd/lab6/Catapult_1/mult_add_pipeline.v5/concat_sim_rtl.vhdl
# Generating SCVerify testbench files
# Makefile for RTL VHDL output 'rtl.vhdl' vs Untimed C++ written to file './scverify/Verify_rtl_vhdl_msim.mk'
# Info: Intel Quartus synthesis script written to '/home/alumnes/s/serik.perez/hdd/lab6/Catapult_1/mult_add_pipeline.v5/quartus_vhdl/rtl.vhdl.aq'
# Info: Intel Quartus synthesis script written to '/home/alumnes/s/serik.perez/hdd/lab6/Catapult_1/mult_add_pipeline.v5/quartus_concat_vhdl/concat_rtl.vhdl.aq'
# Makefile for Concat RTL VHDL output 'concat_sim_rtl.vhdl' vs Untimed C++ written to file './scverify/Verify_concat_sim_rtl_vhdl_msim.mk'
# Netlist written to file 'rtl.v' (NET-4)
# generate concat
# order file name is: rtl.v_order.txt
# Add dependent file: /tools/Siemens_EDA/Catapult/2021.1/Mgc_home/pkgs/siflibs/ccs_ctrl_in_buf_wait_v4.v
# Add dependent file: /tools/Siemens_EDA/Catapult/2021.1/Mgc_home/pkgs/siflibs/ccs_out_buf_wait_v5.v
# Add dependent file: /tools/Siemens_EDA/Catapult/2021.1/Mgc_home/pkgs/siflibs/mgc_io_sync_v2.v
# Add dependent file: /tools/Siemens_EDA/Catapult/2021.1/Mgc_home/pkgs/siflibs/ccs_in_v1.v
# Add dependent file: ./rtl.v
# Finished writing concatenated file: /home/alumnes/s/serik.perez/hdd/lab6/Catapult_1/mult_add_pipeline.v5/concat_rtl.v
# order file name is: rtl.v_order_sim.txt
# Add dependent file: /tools/Siemens_EDA/Catapult/2021.1/Mgc_home/pkgs/siflibs/ccs_ctrl_in_buf_wait_v4.v
# Add dependent file: /tools/Siemens_EDA/Catapult/2021.1/Mgc_home/pkgs/siflibs/ccs_out_buf_wait_v5.v
# Add dependent file: /tools/Siemens_EDA/Catapult/2021.1/Mgc_home/pkgs/siflibs/mgc_io_sync_v2.v
# Add dependent file: /tools/Siemens_EDA/Catapult/2021.1/Mgc_home/pkgs/siflibs/ccs_in_v1.v
# Add dependent file: ./rtl.v
# Finished writing concatenated simulation file: /home/alumnes/s/serik.perez/hdd/lab6/Catapult_1/mult_add_pipeline.v5/concat_sim_rtl.v
# Makefile for RTL Verilog output 'rtl.v' vs Untimed C++ written to file './scverify/Verify_rtl_v_msim.mk'
# Info: Intel Quartus synthesis script written to '/home/alumnes/s/serik.perez/hdd/lab6/Catapult_1/mult_add_pipeline.v5/quartus_v/rtl.v.aq'
# Info: Intel Quartus synthesis script written to '/home/alumnes/s/serik.perez/hdd/lab6/Catapult_1/mult_add_pipeline.v5/quartus_concat_v/concat_rtl.v.aq'
# Makefile for Concat RTL Verilog output 'concat_sim_rtl.v' vs Untimed C++ written to file './scverify/Verify_concat_sim_rtl_v_msim.mk'
# Info: Completed transformation 'extract' on solution 'mult_add_pipeline.v5': elapsed time 1.72 seconds, memory usage 1249804kB, peak memory usage 1249804kB (SOL-9)
# Info: Design complexity at end of 'extract': Total ops = 417, Real ops = 118, Vars = 348 (SOL-21)
go libraries
directive set -CLOCKS {clk {-CLOCK_PERIOD 33.33 -CLOCK_EDGE rising -CLOCK_HIGH_TIME 16.665 -CLOCK_OFFSET 0.000000 -CLOCK_UNCERTAINTY 0.0 -RESET_KIND sync -RESET_SYNC_NAME rst -RESET_SYNC_ACTIVE high -RESET_ASYNC_NAME arst_n -RESET_ASYNC_ACTIVE low -ENABLE_NAME {} -ENABLE_ACTIVE high}}
# CU_DESIGN sid6 ADD {} {VERSION v6 SID sid6 BRANCH_SID sid5 BRANCH_STATE libraries INCREMENTAL 0 STATE libraries TRANSFORMING 0 SOLUTION_DIR {} CAT_DIR /home/alumnes/s/serik.perez/hdd/lab6/Catapult_1/ SYNTHESIS_FLOWPKG Quartus UNITS {} STATES {} INPUTFILES {} OUTPUTFILES {} TECHCONFIG {{/CONFIG/PARAMETERS/Quartus/PARAMETERS/Altera/PARAMETERS/Cyclone V/PARAMETERS/6/PARAMETERS/5CEBA2F17C6/PARAMETERS/mgc_Altera-Cyclone-V-6_beh/25}} SOURCEHIER {} HIERCONFIG {} TECHLIBS {} FLOWPKGS {} DATUM {} MESSAGES {} TOP {} SIF_DESIGN_HIER {} ALLOCS {} DIRAPPLIES {} SID_DATA {} SCOPED_C_INTERFACE {} COMPILE_DATA {} PROPERTIES {} OPT_INFOS {} name mult_add_pipeline}: Race condition
# Info: Branching solution 'mult_add_pipeline.v6' at state 'libraries' (PRJ-2)
# Makefile for Original Design + Testbench written to file './scverify/Verify_orig_cxx_osci.mk'
# Info: CDesignChecker Shell script written to '/home/alumnes/s/serik.perez/hdd/lab6/Catapult_1/mult_add_pipeline.v6/CDesignChecker/design_checker.sh'
# /CLOCKS {clk {-CLOCK_PERIOD 33.33 -CLOCK_EDGE rising -CLOCK_HIGH_TIME 16.665 -CLOCK_OFFSET 0.000000 -CLOCK_UNCERTAINTY 0.0 -RESET_KIND sync -RESET_SYNC_NAME rst -RESET_SYNC_ACTIVE high -RESET_ASYNC_NAME arst_n -RESET_ASYNC_ACTIVE low -ENABLE_NAME {} -ENABLE_ACTIVE high}}
directive set -CLOCKS {clk {-CLOCK_PERIOD 33.33 -CLOCK_EDGE rising -CLOCK_HIGH_TIME 16.665 -CLOCK_OFFSET 0.000000 -CLOCK_UNCERTAINTY 0.0 -RESET_KIND sync -RESET_SYNC_NAME rst -RESET_SYNC_ACTIVE high -RESET_ASYNC_NAME arst_n -RESET_ASYNC_ACTIVE low -ENABLE_NAME {} -ENABLE_ACTIVE high}}
# /CLOCKS {clk {-CLOCK_PERIOD 33.33 -CLOCK_EDGE rising -CLOCK_HIGH_TIME 16.665 -CLOCK_OFFSET 0.000000 -CLOCK_UNCERTAINTY 0.0 -RESET_KIND sync -RESET_SYNC_NAME rst -RESET_SYNC_ACTIVE high -RESET_ASYNC_NAME arst_n -RESET_ASYNC_ACTIVE low -ENABLE_NAME {} -ENABLE_ACTIVE high}}
go extract
# Info: Starting transformation 'assembly' on solution 'mult_add_pipeline.v6' (SOL-8)
# Info: Completed transformation 'assembly' on solution 'mult_add_pipeline.v6': elapsed time 0.04 seconds, memory usage 1315340kB, peak memory usage 1315340kB (SOL-9)
# Info: Design complexity at end of 'assembly': Total ops = 15, Real ops = 4, Vars = 13 (SOL-21)
# Info: Starting transformation 'loops' on solution 'mult_add_pipeline.v6' (SOL-8)
# $PROJECT_HOME/src/mult_add_pipeline.cpp(8): Loop '/mult_add_pipeline/core/main' is left rolled. (LOOP-4)
# Info: Completed transformation 'loops' on solution 'mult_add_pipeline.v6': elapsed time 0.01 seconds, memory usage 1315340kB, peak memory usage 1315340kB (SOL-9)
# Info: Design complexity at end of 'loops': Total ops = 19, Real ops = 4, Vars = 15 (SOL-21)
# Info: Starting transformation 'memories' on solution 'mult_add_pipeline.v6' (SOL-8)
# $PROJECT_HOME/src/mult_add_pipeline.cpp(11): I/O-Port Resource '/mult_add_pipeline/gain:rsc' (from var: gain) mapped to 'ccs_ioport.ccs_in' (size: 10). (MEM-2)
# $PROJECT_HOME/src/mult_add_pipeline.cpp(12): I/O-Port Resource '/mult_add_pipeline/gain_adjust:rsc' (from var: gain_adjust) mapped to 'ccs_ioport.ccs_in' (size: 1). (MEM-2)
# Info: Completed transformation 'memories' on solution 'mult_add_pipeline.v6': elapsed time 0.02 seconds, memory usage 1315340kB, peak memory usage 1315340kB (SOL-9)
# Info: Design complexity at end of 'memories': Total ops = 20, Real ops = 4, Vars = 15 (SOL-21)
# Info: Starting transformation 'cluster' on solution 'mult_add_pipeline.v6' (SOL-8)
# Info: Completed transformation 'cluster' on solution 'mult_add_pipeline.v6': elapsed time 0.00 seconds, memory usage 1315340kB, peak memory usage 1315340kB (SOL-9)
# Info: Design complexity at end of 'cluster': Total ops = 20, Real ops = 4, Vars = 15 (SOL-21)
# Info: Starting transformation 'architect' on solution 'mult_add_pipeline.v6' (SOL-8)
# Design 'mult_add_pipeline' contains '5' real operations. (SOL-11)
# Info: Completed transformation 'architect' on solution 'mult_add_pipeline.v6': elapsed time 0.03 seconds, memory usage 1315340kB, peak memory usage 1315340kB (SOL-9)
# Info: Design complexity at end of 'architect': Total ops = 22, Real ops = 5, Vars = 17 (SOL-21)
# Info: Starting transformation 'allocate' on solution 'mult_add_pipeline.v6' (SOL-8)
# Performing concurrent resource allocation and scheduling on '/mult_add_pipeline/core' (CRAAS-1)
# Info: Select qualified components for data operations ... (CRAAS-3)
# Info: Apply resource constraints on data operations ... (CRAAS-4)
# $PROJECT_HOME/src/mult_add_pipeline.cpp(8): Prescheduled LOOP '/mult_add_pipeline/core/main' (2 c-steps) (SCHD-7)
# $PROJECT_HOME/src/mult_add_pipeline.cpp(8): Prescheduled LOOP '/mult_add_pipeline/core/core:rlp' (1 c-steps) (SCHD-7)
# $PROJECT_HOME/src/mult_add_pipeline.cpp(8): Prescheduled SEQUENTIAL '/mult_add_pipeline/core' (total length 3 c-steps) (SCHD-8)
# Info: $PROJECT_HOME/src/mult_add_pipeline.cpp(8): Initial schedule of SEQUENTIAL '/mult_add_pipeline/core': Latency = 1, Area (Datapath, Register, Total) = 660.50, 0.00, 660.50 (CRAAS-11)
# At least one feasible schedule exists. (CRAAS-9)
# Info: $PROJECT_HOME/src/mult_add_pipeline.cpp(8): Final schedule of SEQUENTIAL '/mult_add_pipeline/core': Latency = 1, Area (Datapath, Register, Total) = 660.50, 0.00, 660.50 (CRAAS-12)
# Resource allocation and scheduling done. (CRAAS-2)
# Netlist written to file 'schedule.gnt' (NET-4)
# Info: Completed transformation 'allocate' on solution 'mult_add_pipeline.v6': elapsed time 0.06 seconds, memory usage 1315340kB, peak memory usage 1315340kB (SOL-9)
# Info: Design complexity at end of 'allocate': Total ops = 22, Real ops = 5, Vars = 17 (SOL-21)
# Info: Starting transformation 'schedule' on solution 'mult_add_pipeline.v6' (SOL-8)
# Performing concurrent resource allocation and scheduling on '/mult_add_pipeline/core' (CRAAS-1)
# Global signal 'a:rsc.rdy' added to design 'mult_add_pipeline' for component 'a:rsci' (LIB-3)
# Global signal 'a:rsc.vld' added to design 'mult_add_pipeline' for component 'a:rsci' (LIB-3)
# Global signal 'a:rsc.dat' added to design 'mult_add_pipeline' for component 'a:rsci' (LIB-3)
# Info: $PROJECT_HOME/src/mult_add_pipeline.cpp(15): Creating buffer for wait controller for component 'a:rsc' (SCHD-46)
# Global signal 'b:rsc.rdy' added to design 'mult_add_pipeline' for component 'b:rsci' (LIB-3)
# Global signal 'b:rsc.vld' added to design 'mult_add_pipeline' for component 'b:rsci' (LIB-3)
# Global signal 'b:rsc.dat' added to design 'mult_add_pipeline' for component 'b:rsci' (LIB-3)
# Info: $PROJECT_HOME/src/mult_add_pipeline.cpp(15): Creating buffer for wait controller for component 'b:rsc' (SCHD-46)
# Global signal 'c:rsc.rdy' added to design 'mult_add_pipeline' for component 'c:rsci' (LIB-3)
# Global signal 'c:rsc.vld' added to design 'mult_add_pipeline' for component 'c:rsci' (LIB-3)
# Global signal 'c:rsc.dat' added to design 'mult_add_pipeline' for component 'c:rsci' (LIB-3)
# Info: $PROJECT_HOME/src/mult_add_pipeline.cpp(16): Creating buffer for wait controller for component 'c:rsc' (SCHD-46)
# Global signal 'gain:rsc.dat' added to design 'mult_add_pipeline' for component 'gain:rsci' (LIB-3)
# Info: $PROJECT_HOME/src/mult_add_pipeline.cpp(11): Creating buffer for wait controller for component 'gain:rsc' (SCHD-46)
# Global signal 'gain_adjust:rsc.dat' added to design 'mult_add_pipeline' for component 'gain_adjust:rsci' (LIB-3)
# Info: $PROJECT_HOME/src/mult_add_pipeline.cpp(18): Creating buffer for wait controller for component 'gain_adjust:rsc' (SCHD-46)
# Global signal 'result:rsc.rdy' added to design 'mult_add_pipeline' for component 'result:rsci' (LIB-3)
# Global signal 'result:rsc.vld' added to design 'mult_add_pipeline' for component 'result:rsci' (LIB-3)
# Global signal 'result:rsc.dat' added to design 'mult_add_pipeline' for component 'result:rsci' (LIB-3)
# Global signal 'gain:rsc.triosy.lz' added to design 'mult_add_pipeline' for component 'gain:rsc.triosy:obj' (LIB-3)
# Global signal 'gain_adjust:rsc.triosy.lz' added to design 'mult_add_pipeline' for component 'gain_adjust:rsc.triosy:obj' (LIB-3)
# Info: $PROJECT_HOME/src/mult_add_pipeline.cpp(8): Loop '/mult_add_pipeline/core/main' is pipelined with initiation interval 1 and no flushing (SCHD-43)
# Report written to file 'cycle.rpt'
# Info: Completed transformation 'schedule' on solution 'mult_add_pipeline.v6': elapsed time 0.74 seconds, memory usage 1307148kB, peak memory usage 1315340kB (SOL-9)
# Info: Design complexity at end of 'schedule': Total ops = 295, Real ops = 56, Vars = 218 (SOL-21)
# Info: Starting transformation 'dpfsm' on solution 'mult_add_pipeline.v6' (SOL-8)
# Performing FSM extraction... (FSM-1)
# Info: Completed transformation 'dpfsm' on solution 'mult_add_pipeline.v6': elapsed time 0.17 seconds, memory usage 1315340kB, peak memory usage 1315340kB (SOL-9)
# Info: Design complexity at end of 'dpfsm': Total ops = 250, Real ops = 63, Vars = 208 (SOL-21)
# Info: Starting transformation 'instance' on solution 'mult_add_pipeline.v6' (SOL-8)
# Netlist written to file 'schematic.nlv' (NET-4)
# Info: Completed transformation 'instance' on solution 'mult_add_pipeline.v6': elapsed time 0.22 seconds, memory usage 1315340kB, peak memory usage 1315340kB (SOL-9)
# Info: Design complexity at end of 'instance': Total ops = 250, Real ops = 63, Vars = 242 (SOL-21)
# Info: Starting transformation 'extract' on solution 'mult_add_pipeline.v6' (SOL-8)
# Report written to file 'rtl.rpt'
# Generating scverify_top.cpp
# Netlist written to file 'rtl.vhdl' (NET-4)
# generate concat
# order file name is: rtl.vhdl_order.txt
# Add dependent file: /tools/Siemens_EDA/Catapult/2021.1/Mgc_home/pkgs/siflibs/ccs_in_wait_v1.vhd
# Add dependent file: /tools/Siemens_EDA/Catapult/2021.1/Mgc_home/pkgs/siflibs/ccs_out_wait_v1.vhd
# Add dependent file: /tools/Siemens_EDA/Catapult/2021.1/Mgc_home/pkgs/siflibs/mgc_io_sync_v2.vhd
# Add dependent file: /tools/Siemens_EDA/Catapult/2021.1/Mgc_home/pkgs/siflibs/ccs_in_v1.vhd
# Add dependent file: ./rtl.vhdl
# Finished writing concatenated file: /home/alumnes/s/serik.perez/hdd/lab6/Catapult_1/mult_add_pipeline.v6/concat_rtl.vhdl
# order file name is: rtl.vhdl_order_sim.txt
# Add dependent file: /tools/Siemens_EDA/Catapult/2021.1/Mgc_home/pkgs/siflibs/ccs_in_wait_v1.vhd
# Add dependent file: /tools/Siemens_EDA/Catapult/2021.1/Mgc_home/pkgs/siflibs/ccs_out_wait_v1.vhd
# Add dependent file: /tools/Siemens_EDA/Catapult/2021.1/Mgc_home/pkgs/siflibs/mgc_io_sync_v2.vhd
# Add dependent file: /tools/Siemens_EDA/Catapult/2021.1/Mgc_home/pkgs/siflibs/ccs_in_v1.vhd
# Add dependent file: ./rtl.vhdl
# Finished writing concatenated simulation file: /home/alumnes/s/serik.perez/hdd/lab6/Catapult_1/mult_add_pipeline.v6/concat_sim_rtl.vhdl
# Generating SCVerify testbench files
# Makefile for RTL VHDL output 'rtl.vhdl' vs Untimed C++ written to file './scverify/Verify_rtl_vhdl_msim.mk'
# Info: Intel Quartus synthesis script written to '/home/alumnes/s/serik.perez/hdd/lab6/Catapult_1/mult_add_pipeline.v6/quartus_vhdl/rtl.vhdl.aq'
# Info: Intel Quartus synthesis script written to '/home/alumnes/s/serik.perez/hdd/lab6/Catapult_1/mult_add_pipeline.v6/quartus_concat_vhdl/concat_rtl.vhdl.aq'
# Makefile for Concat RTL VHDL output 'concat_sim_rtl.vhdl' vs Untimed C++ written to file './scverify/Verify_concat_sim_rtl_vhdl_msim.mk'
# Netlist written to file 'rtl.v' (NET-4)
# generate concat
# order file name is: rtl.v_order.txt
# Add dependent file: /tools/Siemens_EDA/Catapult/2021.1/Mgc_home/pkgs/siflibs/ccs_in_wait_v1.v
# Add dependent file: /tools/Siemens_EDA/Catapult/2021.1/Mgc_home/pkgs/siflibs/ccs_out_wait_v1.v
# Add dependent file: /tools/Siemens_EDA/Catapult/2021.1/Mgc_home/pkgs/siflibs/mgc_io_sync_v2.v
# Add dependent file: /tools/Siemens_EDA/Catapult/2021.1/Mgc_home/pkgs/siflibs/ccs_in_v1.v
# Add dependent file: ./rtl.v
# Finished writing concatenated file: /home/alumnes/s/serik.perez/hdd/lab6/Catapult_1/mult_add_pipeline.v6/concat_rtl.v
# order file name is: rtl.v_order_sim.txt
# Add dependent file: /tools/Siemens_EDA/Catapult/2021.1/Mgc_home/pkgs/siflibs/ccs_in_wait_v1.v
# Add dependent file: /tools/Siemens_EDA/Catapult/2021.1/Mgc_home/pkgs/siflibs/ccs_out_wait_v1.v
# Add dependent file: /tools/Siemens_EDA/Catapult/2021.1/Mgc_home/pkgs/siflibs/mgc_io_sync_v2.v
# Add dependent file: /tools/Siemens_EDA/Catapult/2021.1/Mgc_home/pkgs/siflibs/ccs_in_v1.v
# Add dependent file: ./rtl.v
# Finished writing concatenated simulation file: /home/alumnes/s/serik.perez/hdd/lab6/Catapult_1/mult_add_pipeline.v6/concat_sim_rtl.v
# Makefile for RTL Verilog output 'rtl.v' vs Untimed C++ written to file './scverify/Verify_rtl_v_msim.mk'
# Info: Intel Quartus synthesis script written to '/home/alumnes/s/serik.perez/hdd/lab6/Catapult_1/mult_add_pipeline.v6/quartus_v/rtl.v.aq'
# Info: Intel Quartus synthesis script written to '/home/alumnes/s/serik.perez/hdd/lab6/Catapult_1/mult_add_pipeline.v6/quartus_concat_v/concat_rtl.v.aq'
# Makefile for Concat RTL Verilog output 'concat_sim_rtl.v' vs Untimed C++ written to file './scverify/Verify_concat_sim_rtl_v_msim.mk'
# Info: Completed transformation 'extract' on solution 'mult_add_pipeline.v6': elapsed time 1.54 seconds, memory usage 1315340kB, peak memory usage 1315340kB (SOL-9)
# Info: Design complexity at end of 'extract': Total ops = 250, Real ops = 63, Vars = 208 (SOL-21)
go libraries
directive set -CLOCKS {clk {-CLOCK_PERIOD 6.67 -CLOCK_EDGE rising -CLOCK_HIGH_TIME 3.335 -CLOCK_OFFSET 0.000000 -CLOCK_UNCERTAINTY 0.0 -RESET_KIND sync -RESET_SYNC_NAME rst -RESET_SYNC_ACTIVE high -RESET_ASYNC_NAME arst_n -RESET_ASYNC_ACTIVE low -ENABLE_NAME {} -ENABLE_ACTIVE high}}
# CU_DESIGN sid7 ADD {} {VERSION v7 SID sid7 BRANCH_SID sid6 BRANCH_STATE libraries INCREMENTAL 0 STATE libraries TRANSFORMING 0 SOLUTION_DIR {} CAT_DIR /home/alumnes/s/serik.perez/hdd/lab6/Catapult_1/ SYNTHESIS_FLOWPKG Quartus UNITS {} STATES {} INPUTFILES {} OUTPUTFILES {} TECHCONFIG {{/CONFIG/PARAMETERS/Quartus/PARAMETERS/Altera/PARAMETERS/Cyclone V/PARAMETERS/6/PARAMETERS/5CEBA2F17C6/PARAMETERS/mgc_Altera-Cyclone-V-6_beh/25}} SOURCEHIER {} HIERCONFIG {} TECHLIBS {} FLOWPKGS {} DATUM {} MESSAGES {} TOP {} SIF_DESIGN_HIER {} ALLOCS {} DIRAPPLIES {} SID_DATA {} SCOPED_C_INTERFACE {} COMPILE_DATA {} PROPERTIES {} OPT_INFOS {} name mult_add_pipeline}: Race condition
# Info: Branching solution 'mult_add_pipeline.v7' at state 'libraries' (PRJ-2)
# Makefile for Original Design + Testbench written to file './scverify/Verify_orig_cxx_osci.mk'
# Info: CDesignChecker Shell script written to '/home/alumnes/s/serik.perez/hdd/lab6/Catapult_1/mult_add_pipeline.v7/CDesignChecker/design_checker.sh'
# /CLOCKS {clk {-CLOCK_PERIOD 6.67 -CLOCK_EDGE rising -CLOCK_HIGH_TIME 3.335 -CLOCK_OFFSET 0.000000 -CLOCK_UNCERTAINTY 0.0 -RESET_KIND sync -RESET_SYNC_NAME rst -RESET_SYNC_ACTIVE high -RESET_ASYNC_NAME arst_n -RESET_ASYNC_ACTIVE low -ENABLE_NAME {} -ENABLE_ACTIVE high}}
directive set -CLOCKS {clk {-CLOCK_PERIOD 6.67 -CLOCK_EDGE rising -CLOCK_HIGH_TIME 3.335 -CLOCK_OFFSET 0.000000 -CLOCK_UNCERTAINTY 0.0 -RESET_KIND sync -RESET_SYNC_NAME rst -RESET_SYNC_ACTIVE high -RESET_ASYNC_NAME arst_n -RESET_ASYNC_ACTIVE low -ENABLE_NAME {} -ENABLE_ACTIVE high}}
# /CLOCKS {clk {-CLOCK_PERIOD 6.67 -CLOCK_EDGE rising -CLOCK_HIGH_TIME 3.335 -CLOCK_OFFSET 0.000000 -CLOCK_UNCERTAINTY 0.0 -RESET_KIND sync -RESET_SYNC_NAME rst -RESET_SYNC_ACTIVE high -RESET_ASYNC_NAME arst_n -RESET_ASYNC_ACTIVE low -ENABLE_NAME {} -ENABLE_ACTIVE high}}
go extract
# Info: Starting transformation 'assembly' on solution 'mult_add_pipeline.v7' (SOL-8)
# Info: Completed transformation 'assembly' on solution 'mult_add_pipeline.v7': elapsed time 0.04 seconds, memory usage 1315340kB, peak memory usage 1315340kB (SOL-9)
# Info: Design complexity at end of 'assembly': Total ops = 15, Real ops = 4, Vars = 13 (SOL-21)
# Info: Starting transformation 'loops' on solution 'mult_add_pipeline.v7' (SOL-8)
# $PROJECT_HOME/src/mult_add_pipeline.cpp(8): Loop '/mult_add_pipeline/core/main' is left rolled. (LOOP-4)
# Info: Completed transformation 'loops' on solution 'mult_add_pipeline.v7': elapsed time 0.01 seconds, memory usage 1315340kB, peak memory usage 1315340kB (SOL-9)
# Info: Design complexity at end of 'loops': Total ops = 19, Real ops = 4, Vars = 15 (SOL-21)
# Info: Starting transformation 'memories' on solution 'mult_add_pipeline.v7' (SOL-8)
# $PROJECT_HOME/src/mult_add_pipeline.cpp(11): I/O-Port Resource '/mult_add_pipeline/gain:rsc' (from var: gain) mapped to 'ccs_ioport.ccs_in' (size: 10). (MEM-2)
# $PROJECT_HOME/src/mult_add_pipeline.cpp(12): I/O-Port Resource '/mult_add_pipeline/gain_adjust:rsc' (from var: gain_adjust) mapped to 'ccs_ioport.ccs_in' (size: 1). (MEM-2)
# Info: Completed transformation 'memories' on solution 'mult_add_pipeline.v7': elapsed time 0.02 seconds, memory usage 1315340kB, peak memory usage 1315340kB (SOL-9)
# Info: Design complexity at end of 'memories': Total ops = 20, Real ops = 4, Vars = 15 (SOL-21)
# Info: Starting transformation 'cluster' on solution 'mult_add_pipeline.v7' (SOL-8)
# Info: Completed transformation 'cluster' on solution 'mult_add_pipeline.v7': elapsed time 0.01 seconds, memory usage 1315340kB, peak memory usage 1315340kB (SOL-9)
# Info: Design complexity at end of 'cluster': Total ops = 20, Real ops = 4, Vars = 15 (SOL-21)
# Info: Starting transformation 'architect' on solution 'mult_add_pipeline.v7' (SOL-8)
# Design 'mult_add_pipeline' contains '5' real operations. (SOL-11)
# Info: Completed transformation 'architect' on solution 'mult_add_pipeline.v7': elapsed time 0.03 seconds, memory usage 1315340kB, peak memory usage 1315340kB (SOL-9)
# Info: Design complexity at end of 'architect': Total ops = 22, Real ops = 5, Vars = 17 (SOL-21)
# Info: Starting transformation 'allocate' on solution 'mult_add_pipeline.v7' (SOL-8)
# Performing concurrent resource allocation and scheduling on '/mult_add_pipeline/core' (CRAAS-1)
# Info: Select qualified components for data operations ... (CRAAS-3)
# Info: Apply resource constraints on data operations ... (CRAAS-4)
# $PROJECT_HOME/src/mult_add_pipeline.cpp(8): Prescheduled LOOP '/mult_add_pipeline/core/main' (6 c-steps) (SCHD-7)
# $PROJECT_HOME/src/mult_add_pipeline.cpp(8): Prescheduled LOOP '/mult_add_pipeline/core/core:rlp' (1 c-steps) (SCHD-7)
# $PROJECT_HOME/src/mult_add_pipeline.cpp(8): Prescheduled SEQUENTIAL '/mult_add_pipeline/core' (total length 7 c-steps) (SCHD-8)
# Info: $PROJECT_HOME/src/mult_add_pipeline.cpp(8): Initial schedule of SEQUENTIAL '/mult_add_pipeline/core': Latency = 5, Area (Datapath, Register, Total) = 660.50, 0.00, 660.50 (CRAAS-11)
# At least one feasible schedule exists. (CRAAS-9)
# Info: $PROJECT_HOME/src/mult_add_pipeline.cpp(8): Final schedule of SEQUENTIAL '/mult_add_pipeline/core': Latency = 5, Area (Datapath, Register, Total) = 660.50, 0.00, 660.50 (CRAAS-12)
# Resource allocation and scheduling done. (CRAAS-2)
# Netlist written to file 'schedule.gnt' (NET-4)
# Info: Completed transformation 'allocate' on solution 'mult_add_pipeline.v7': elapsed time 0.07 seconds, memory usage 1315340kB, peak memory usage 1315340kB (SOL-9)
# Info: Design complexity at end of 'allocate': Total ops = 22, Real ops = 5, Vars = 17 (SOL-21)
# Info: Starting transformation 'schedule' on solution 'mult_add_pipeline.v7' (SOL-8)
# Performing concurrent resource allocation and scheduling on '/mult_add_pipeline/core' (CRAAS-1)
# Global signal 'a:rsc.rdy' added to design 'mult_add_pipeline' for component 'a:rsci' (LIB-3)
# Global signal 'a:rsc.vld' added to design 'mult_add_pipeline' for component 'a:rsci' (LIB-3)
# Global signal 'a:rsc.dat' added to design 'mult_add_pipeline' for component 'a:rsci' (LIB-3)
# Info: $PROJECT_HOME/src/mult_add_pipeline.cpp(15): Creating buffer for wait controller for component 'a:rsc' (SCHD-46)
# Global signal 'b:rsc.rdy' added to design 'mult_add_pipeline' for component 'b:rsci' (LIB-3)
# Global signal 'b:rsc.vld' added to design 'mult_add_pipeline' for component 'b:rsci' (LIB-3)
# Global signal 'b:rsc.dat' added to design 'mult_add_pipeline' for component 'b:rsci' (LIB-3)
# Info: $PROJECT_HOME/src/mult_add_pipeline.cpp(15): Creating buffer for wait controller for component 'b:rsc' (SCHD-46)
# Global signal 'c:rsc.rdy' added to design 'mult_add_pipeline' for component 'c:rsci' (LIB-3)
# Global signal 'c:rsc.vld' added to design 'mult_add_pipeline' for component 'c:rsci' (LIB-3)
# Global signal 'c:rsc.dat' added to design 'mult_add_pipeline' for component 'c:rsci' (LIB-3)
# Info: $PROJECT_HOME/src/mult_add_pipeline.cpp(16): Creating buffer for wait controller for component 'c:rsc' (SCHD-46)
# Global signal 'gain:rsc.dat' added to design 'mult_add_pipeline' for component 'gain:rsci' (LIB-3)
# Info: $PROJECT_HOME/src/mult_add_pipeline.cpp(11): Creating buffer for wait controller for component 'gain:rsc' (SCHD-46)
# Global signal 'gain_adjust:rsc.dat' added to design 'mult_add_pipeline' for component 'gain_adjust:rsci' (LIB-3)
# Info: $PROJECT_HOME/src/mult_add_pipeline.cpp(18): Creating buffer for wait controller for component 'gain_adjust:rsc' (SCHD-46)
# Global signal 'result:rsc.rdy' added to design 'mult_add_pipeline' for component 'result:rsci' (LIB-3)
# Global signal 'result:rsc.vld' added to design 'mult_add_pipeline' for component 'result:rsci' (LIB-3)
# Global signal 'result:rsc.dat' added to design 'mult_add_pipeline' for component 'result:rsci' (LIB-3)
# Global signal 'gain:rsc.triosy.lz' added to design 'mult_add_pipeline' for component 'gain:rsc.triosy:obj' (LIB-3)
# Global signal 'gain_adjust:rsc.triosy.lz' added to design 'mult_add_pipeline' for component 'gain_adjust:rsc.triosy:obj' (LIB-3)
# Info: $PROJECT_HOME/src/mult_add_pipeline.cpp(8): Loop '/mult_add_pipeline/core/main' is pipelined with initiation interval 1 and no flushing (SCHD-43)
# Report written to file 'cycle.rpt'
# Info: Completed transformation 'schedule' on solution 'mult_add_pipeline.v7': elapsed time 0.81 seconds, memory usage 1315340kB, peak memory usage 1315340kB (SOL-9)
# Info: Design complexity at end of 'schedule': Total ops = 346, Real ops = 57, Vars = 242 (SOL-21)
# Info: Starting transformation 'dpfsm' on solution 'mult_add_pipeline.v7' (SOL-8)
# Performing FSM extraction... (FSM-1)
# Info: Completed transformation 'dpfsm' on solution 'mult_add_pipeline.v7': elapsed time 0.19 seconds, memory usage 1315340kB, peak memory usage 1315340kB (SOL-9)
# Info: Design complexity at end of 'dpfsm': Total ops = 280, Real ops = 96, Vars = 225 (SOL-21)
# Info: Starting transformation 'instance' on solution 'mult_add_pipeline.v7' (SOL-8)
# Netlist written to file 'schematic.nlv' (NET-4)
# Info: Completed transformation 'instance' on solution 'mult_add_pipeline.v7': elapsed time 0.24 seconds, memory usage 1315340kB, peak memory usage 1315340kB (SOL-9)
# Info: Design complexity at end of 'instance': Total ops = 273, Real ops = 89, Vars = 265 (SOL-21)
# Info: Starting transformation 'extract' on solution 'mult_add_pipeline.v7' (SOL-8)
# Report written to file 'rtl.rpt'
# Generating scverify_top.cpp
# Netlist written to file 'rtl.vhdl' (NET-4)
# generate concat
# order file name is: rtl.vhdl_order.txt
# Add dependent file: /tools/Siemens_EDA/Catapult/2021.1/Mgc_home/pkgs/siflibs/ccs_in_wait_v1.vhd
# Add dependent file: /tools/Siemens_EDA/Catapult/2021.1/Mgc_home/pkgs/siflibs/ccs_out_wait_v1.vhd
# Add dependent file: /tools/Siemens_EDA/Catapult/2021.1/Mgc_home/pkgs/siflibs/mgc_io_sync_v2.vhd
# Add dependent file: /tools/Siemens_EDA/Catapult/2021.1/Mgc_home/pkgs/siflibs/ccs_in_v1.vhd
# Add dependent file: ./rtl.vhdl
# Finished writing concatenated file: /home/alumnes/s/serik.perez/hdd/lab6/Catapult_1/mult_add_pipeline.v7/concat_rtl.vhdl
# order file name is: rtl.vhdl_order_sim.txt
# Add dependent file: /tools/Siemens_EDA/Catapult/2021.1/Mgc_home/pkgs/siflibs/ccs_in_wait_v1.vhd
# Add dependent file: /tools/Siemens_EDA/Catapult/2021.1/Mgc_home/pkgs/siflibs/ccs_out_wait_v1.vhd
# Add dependent file: /tools/Siemens_EDA/Catapult/2021.1/Mgc_home/pkgs/siflibs/mgc_io_sync_v2.vhd
# Add dependent file: /tools/Siemens_EDA/Catapult/2021.1/Mgc_home/pkgs/siflibs/ccs_in_v1.vhd
# Add dependent file: ./rtl.vhdl
# Finished writing concatenated simulation file: /home/alumnes/s/serik.perez/hdd/lab6/Catapult_1/mult_add_pipeline.v7/concat_sim_rtl.vhdl
# Generating SCVerify testbench files
# Makefile for RTL VHDL output 'rtl.vhdl' vs Untimed C++ written to file './scverify/Verify_rtl_vhdl_msim.mk'
# Info: Intel Quartus synthesis script written to '/home/alumnes/s/serik.perez/hdd/lab6/Catapult_1/mult_add_pipeline.v7/quartus_vhdl/rtl.vhdl.aq'
# Info: Intel Quartus synthesis script written to '/home/alumnes/s/serik.perez/hdd/lab6/Catapult_1/mult_add_pipeline.v7/quartus_concat_vhdl/concat_rtl.vhdl.aq'
# Makefile for Concat RTL VHDL output 'concat_sim_rtl.vhdl' vs Untimed C++ written to file './scverify/Verify_concat_sim_rtl_vhdl_msim.mk'
# Netlist written to file 'rtl.v' (NET-4)
# generate concat
# order file name is: rtl.v_order.txt
# Add dependent file: /tools/Siemens_EDA/Catapult/2021.1/Mgc_home/pkgs/siflibs/ccs_in_wait_v1.v
# Add dependent file: /tools/Siemens_EDA/Catapult/2021.1/Mgc_home/pkgs/siflibs/ccs_out_wait_v1.v
# Add dependent file: /tools/Siemens_EDA/Catapult/2021.1/Mgc_home/pkgs/siflibs/mgc_io_sync_v2.v
# Add dependent file: /tools/Siemens_EDA/Catapult/2021.1/Mgc_home/pkgs/siflibs/ccs_in_v1.v
# Add dependent file: ./rtl.v
# Finished writing concatenated file: /home/alumnes/s/serik.perez/hdd/lab6/Catapult_1/mult_add_pipeline.v7/concat_rtl.v
# order file name is: rtl.v_order_sim.txt
# Add dependent file: /tools/Siemens_EDA/Catapult/2021.1/Mgc_home/pkgs/siflibs/ccs_in_wait_v1.v
# Add dependent file: /tools/Siemens_EDA/Catapult/2021.1/Mgc_home/pkgs/siflibs/ccs_out_wait_v1.v
# Add dependent file: /tools/Siemens_EDA/Catapult/2021.1/Mgc_home/pkgs/siflibs/mgc_io_sync_v2.v
# Add dependent file: /tools/Siemens_EDA/Catapult/2021.1/Mgc_home/pkgs/siflibs/ccs_in_v1.v
# Add dependent file: ./rtl.v
# Finished writing concatenated simulation file: /home/alumnes/s/serik.perez/hdd/lab6/Catapult_1/mult_add_pipeline.v7/concat_sim_rtl.v
# Makefile for RTL Verilog output 'rtl.v' vs Untimed C++ written to file './scverify/Verify_rtl_v_msim.mk'
# Info: Intel Quartus synthesis script written to '/home/alumnes/s/serik.perez/hdd/lab6/Catapult_1/mult_add_pipeline.v7/quartus_v/rtl.v.aq'
# Info: Intel Quartus synthesis script written to '/home/alumnes/s/serik.perez/hdd/lab6/Catapult_1/mult_add_pipeline.v7/quartus_concat_v/concat_rtl.v.aq'
# Makefile for Concat RTL Verilog output 'concat_sim_rtl.v' vs Untimed C++ written to file './scverify/Verify_concat_sim_rtl_v_msim.mk'
# Info: Completed transformation 'extract' on solution 'mult_add_pipeline.v7': elapsed time 1.62 seconds, memory usage 1315340kB, peak memory usage 1315340kB (SOL-9)
# Info: Design complexity at end of 'extract': Total ops = 273, Real ops = 89, Vars = 227 (SOL-21)
go libraries
directive set -CLOCKS {clk {-CLOCK_PERIOD 7.14 -CLOCK_EDGE rising -CLOCK_HIGH_TIME 3.57 -CLOCK_OFFSET 0.000000 -CLOCK_UNCERTAINTY 0.0 -RESET_KIND sync -RESET_SYNC_NAME rst -RESET_SYNC_ACTIVE high -RESET_ASYNC_NAME arst_n -RESET_ASYNC_ACTIVE low -ENABLE_NAME {} -ENABLE_ACTIVE high}}
# CU_DESIGN sid8 ADD {} {VERSION v8 SID sid8 BRANCH_SID sid7 BRANCH_STATE libraries INCREMENTAL 0 STATE libraries TRANSFORMING 0 SOLUTION_DIR {} CAT_DIR /home/alumnes/s/serik.perez/hdd/lab6/Catapult_1/ SYNTHESIS_FLOWPKG Quartus UNITS {} STATES {} INPUTFILES {} OUTPUTFILES {} TECHCONFIG {{/CONFIG/PARAMETERS/Quartus/PARAMETERS/Altera/PARAMETERS/Cyclone V/PARAMETERS/6/PARAMETERS/5CEBA2F17C6/PARAMETERS/mgc_Altera-Cyclone-V-6_beh/25}} SOURCEHIER {} HIERCONFIG {} TECHLIBS {} FLOWPKGS {} DATUM {} MESSAGES {} TOP {} SIF_DESIGN_HIER {} ALLOCS {} DIRAPPLIES {} SID_DATA {} SCOPED_C_INTERFACE {} COMPILE_DATA {} PROPERTIES {} OPT_INFOS {} name mult_add_pipeline}: Race condition
# Info: Branching solution 'mult_add_pipeline.v8' at state 'libraries' (PRJ-2)
# Makefile for Original Design + Testbench written to file './scverify/Verify_orig_cxx_osci.mk'
# Info: CDesignChecker Shell script written to '/home/alumnes/s/serik.perez/hdd/lab6/Catapult_1/mult_add_pipeline.v8/CDesignChecker/design_checker.sh'
# /CLOCKS {clk {-CLOCK_PERIOD 7.14 -CLOCK_EDGE rising -CLOCK_HIGH_TIME 3.57 -CLOCK_OFFSET 0.000000 -CLOCK_UNCERTAINTY 0.0 -RESET_KIND sync -RESET_SYNC_NAME rst -RESET_SYNC_ACTIVE high -RESET_ASYNC_NAME arst_n -RESET_ASYNC_ACTIVE low -ENABLE_NAME {} -ENABLE_ACTIVE high}}
directive set -CLOCKS {clk {-CLOCK_PERIOD 7.14 -CLOCK_EDGE rising -CLOCK_HIGH_TIME 3.57 -CLOCK_OFFSET 0.000000 -CLOCK_UNCERTAINTY 0.0 -RESET_KIND sync -RESET_SYNC_NAME rst -RESET_SYNC_ACTIVE high -RESET_ASYNC_NAME arst_n -RESET_ASYNC_ACTIVE low -ENABLE_NAME {} -ENABLE_ACTIVE high}}
# /CLOCKS {clk {-CLOCK_PERIOD 7.14 -CLOCK_EDGE rising -CLOCK_HIGH_TIME 3.57 -CLOCK_OFFSET 0.000000 -CLOCK_UNCERTAINTY 0.0 -RESET_KIND sync -RESET_SYNC_NAME rst -RESET_SYNC_ACTIVE high -RESET_ASYNC_NAME arst_n -RESET_ASYNC_ACTIVE low -ENABLE_NAME {} -ENABLE_ACTIVE high}}
go extract
# Info: Starting transformation 'assembly' on solution 'mult_add_pipeline.v8' (SOL-8)
# Info: Completed transformation 'assembly' on solution 'mult_add_pipeline.v8': elapsed time 0.05 seconds, memory usage 1380876kB, peak memory usage 1380876kB (SOL-9)
# Info: Design complexity at end of 'assembly': Total ops = 15, Real ops = 4, Vars = 13 (SOL-21)
# Info: Starting transformation 'loops' on solution 'mult_add_pipeline.v8' (SOL-8)
# $PROJECT_HOME/src/mult_add_pipeline.cpp(8): Loop '/mult_add_pipeline/core/main' is left rolled. (LOOP-4)
# Info: Completed transformation 'loops' on solution 'mult_add_pipeline.v8': elapsed time 0.01 seconds, memory usage 1380876kB, peak memory usage 1380876kB (SOL-9)
# Info: Design complexity at end of 'loops': Total ops = 19, Real ops = 4, Vars = 15 (SOL-21)
# Info: Starting transformation 'memories' on solution 'mult_add_pipeline.v8' (SOL-8)
# $PROJECT_HOME/src/mult_add_pipeline.cpp(11): I/O-Port Resource '/mult_add_pipeline/gain:rsc' (from var: gain) mapped to 'ccs_ioport.ccs_in' (size: 10). (MEM-2)
# $PROJECT_HOME/src/mult_add_pipeline.cpp(12): I/O-Port Resource '/mult_add_pipeline/gain_adjust:rsc' (from var: gain_adjust) mapped to 'ccs_ioport.ccs_in' (size: 1). (MEM-2)
# Info: Completed transformation 'memories' on solution 'mult_add_pipeline.v8': elapsed time 0.02 seconds, memory usage 1380876kB, peak memory usage 1380876kB (SOL-9)
# Info: Design complexity at end of 'memories': Total ops = 20, Real ops = 4, Vars = 15 (SOL-21)
# Info: Starting transformation 'cluster' on solution 'mult_add_pipeline.v8' (SOL-8)
# Info: Completed transformation 'cluster' on solution 'mult_add_pipeline.v8': elapsed time 0.01 seconds, memory usage 1380876kB, peak memory usage 1380876kB (SOL-9)
# Info: Design complexity at end of 'cluster': Total ops = 20, Real ops = 4, Vars = 15 (SOL-21)
# Info: Starting transformation 'architect' on solution 'mult_add_pipeline.v8' (SOL-8)
# Design 'mult_add_pipeline' contains '5' real operations. (SOL-11)
# Info: Completed transformation 'architect' on solution 'mult_add_pipeline.v8': elapsed time 0.03 seconds, memory usage 1380876kB, peak memory usage 1380876kB (SOL-9)
# Info: Design complexity at end of 'architect': Total ops = 22, Real ops = 5, Vars = 17 (SOL-21)
# Info: Starting transformation 'allocate' on solution 'mult_add_pipeline.v8' (SOL-8)
# Performing concurrent resource allocation and scheduling on '/mult_add_pipeline/core' (CRAAS-1)
# Info: Select qualified components for data operations ... (CRAAS-3)
# Info: Apply resource constraints on data operations ... (CRAAS-4)
# $PROJECT_HOME/src/mult_add_pipeline.cpp(8): Prescheduled LOOP '/mult_add_pipeline/core/main' (5 c-steps) (SCHD-7)
# $PROJECT_HOME/src/mult_add_pipeline.cpp(8): Prescheduled LOOP '/mult_add_pipeline/core/core:rlp' (1 c-steps) (SCHD-7)
# $PROJECT_HOME/src/mult_add_pipeline.cpp(8): Prescheduled SEQUENTIAL '/mult_add_pipeline/core' (total length 6 c-steps) (SCHD-8)
# Info: $PROJECT_HOME/src/mult_add_pipeline.cpp(8): Initial schedule of SEQUENTIAL '/mult_add_pipeline/core': Latency = 4, Area (Datapath, Register, Total) = 660.50, 0.00, 660.50 (CRAAS-11)
# At least one feasible schedule exists. (CRAAS-9)
# Info: $PROJECT_HOME/src/mult_add_pipeline.cpp(8): Final schedule of SEQUENTIAL '/mult_add_pipeline/core': Latency = 4, Area (Datapath, Register, Total) = 660.50, 0.00, 660.50 (CRAAS-12)
# Resource allocation and scheduling done. (CRAAS-2)
# Netlist written to file 'schedule.gnt' (NET-4)
# Info: Completed transformation 'allocate' on solution 'mult_add_pipeline.v8': elapsed time 0.07 seconds, memory usage 1380876kB, peak memory usage 1380876kB (SOL-9)
# Info: Design complexity at end of 'allocate': Total ops = 22, Real ops = 5, Vars = 17 (SOL-21)
# Info: Starting transformation 'schedule' on solution 'mult_add_pipeline.v8' (SOL-8)
# Performing concurrent resource allocation and scheduling on '/mult_add_pipeline/core' (CRAAS-1)
# Global signal 'a:rsc.rdy' added to design 'mult_add_pipeline' for component 'a:rsci' (LIB-3)
# Global signal 'a:rsc.vld' added to design 'mult_add_pipeline' for component 'a:rsci' (LIB-3)
# Global signal 'a:rsc.dat' added to design 'mult_add_pipeline' for component 'a:rsci' (LIB-3)
# Info: $PROJECT_HOME/src/mult_add_pipeline.cpp(15): Creating buffer for wait controller for component 'a:rsc' (SCHD-46)
# Global signal 'b:rsc.rdy' added to design 'mult_add_pipeline' for component 'b:rsci' (LIB-3)
# Global signal 'b:rsc.vld' added to design 'mult_add_pipeline' for component 'b:rsci' (LIB-3)
# Global signal 'b:rsc.dat' added to design 'mult_add_pipeline' for component 'b:rsci' (LIB-3)
# Info: $PROJECT_HOME/src/mult_add_pipeline.cpp(15): Creating buffer for wait controller for component 'b:rsc' (SCHD-46)
# Global signal 'c:rsc.rdy' added to design 'mult_add_pipeline' for component 'c:rsci' (LIB-3)
# Global signal 'c:rsc.vld' added to design 'mult_add_pipeline' for component 'c:rsci' (LIB-3)
# Global signal 'c:rsc.dat' added to design 'mult_add_pipeline' for component 'c:rsci' (LIB-3)
# Info: $PROJECT_HOME/src/mult_add_pipeline.cpp(16): Creating buffer for wait controller for component 'c:rsc' (SCHD-46)
# Global signal 'gain:rsc.dat' added to design 'mult_add_pipeline' for component 'gain:rsci' (LIB-3)
# Info: $PROJECT_HOME/src/mult_add_pipeline.cpp(11): Creating buffer for wait controller for component 'gain:rsc' (SCHD-46)
# Global signal 'gain_adjust:rsc.dat' added to design 'mult_add_pipeline' for component 'gain_adjust:rsci' (LIB-3)
# Info: $PROJECT_HOME/src/mult_add_pipeline.cpp(18): Creating buffer for wait controller for component 'gain_adjust:rsc' (SCHD-46)
# Global signal 'result:rsc.rdy' added to design 'mult_add_pipeline' for component 'result:rsci' (LIB-3)
# Global signal 'result:rsc.vld' added to design 'mult_add_pipeline' for component 'result:rsci' (LIB-3)
# Global signal 'result:rsc.dat' added to design 'mult_add_pipeline' for component 'result:rsci' (LIB-3)
# Global signal 'gain:rsc.triosy.lz' added to design 'mult_add_pipeline' for component 'gain:rsc.triosy:obj' (LIB-3)
# Global signal 'gain_adjust:rsc.triosy.lz' added to design 'mult_add_pipeline' for component 'gain_adjust:rsc.triosy:obj' (LIB-3)
# Info: $PROJECT_HOME/src/mult_add_pipeline.cpp(8): Loop '/mult_add_pipeline/core/main' is pipelined with initiation interval 1 and no flushing (SCHD-43)
# Report written to file 'cycle.rpt'
# Info: Completed transformation 'schedule' on solution 'mult_add_pipeline.v8': elapsed time 0.80 seconds, memory usage 1380876kB, peak memory usage 1380876kB (SOL-9)
# Info: Design complexity at end of 'schedule': Total ops = 329, Real ops = 57, Vars = 234 (SOL-21)
# Info: Starting transformation 'dpfsm' on solution 'mult_add_pipeline.v8' (SOL-8)
# Performing FSM extraction... (FSM-1)
# Info: Completed transformation 'dpfsm' on solution 'mult_add_pipeline.v8': elapsed time 0.18 seconds, memory usage 1380876kB, peak memory usage 1380876kB (SOL-9)
# Info: Design complexity at end of 'dpfsm': Total ops = 269, Real ops = 85, Vars = 219 (SOL-21)
# Info: Starting transformation 'instance' on solution 'mult_add_pipeline.v8' (SOL-8)
# Netlist written to file 'schematic.nlv' (NET-4)
# Info: Completed transformation 'instance' on solution 'mult_add_pipeline.v8': elapsed time 0.23 seconds, memory usage 1380876kB, peak memory usage 1380876kB (SOL-9)
# Info: Design complexity at end of 'instance': Total ops = 265, Real ops = 81, Vars = 257 (SOL-21)
# Info: Starting transformation 'extract' on solution 'mult_add_pipeline.v8' (SOL-8)
# Report written to file 'rtl.rpt'
# Generating scverify_top.cpp
# Netlist written to file 'rtl.vhdl' (NET-4)
# generate concat
# order file name is: rtl.vhdl_order.txt
# Add dependent file: /tools/Siemens_EDA/Catapult/2021.1/Mgc_home/pkgs/siflibs/ccs_in_wait_v1.vhd
# Add dependent file: /tools/Siemens_EDA/Catapult/2021.1/Mgc_home/pkgs/siflibs/ccs_out_wait_v1.vhd
# Add dependent file: /tools/Siemens_EDA/Catapult/2021.1/Mgc_home/pkgs/siflibs/mgc_io_sync_v2.vhd
# Add dependent file: /tools/Siemens_EDA/Catapult/2021.1/Mgc_home/pkgs/siflibs/ccs_in_v1.vhd
# Add dependent file: ./rtl.vhdl
# Finished writing concatenated file: /home/alumnes/s/serik.perez/hdd/lab6/Catapult_1/mult_add_pipeline.v8/concat_rtl.vhdl
# order file name is: rtl.vhdl_order_sim.txt
# Add dependent file: /tools/Siemens_EDA/Catapult/2021.1/Mgc_home/pkgs/siflibs/ccs_in_wait_v1.vhd
# Add dependent file: /tools/Siemens_EDA/Catapult/2021.1/Mgc_home/pkgs/siflibs/ccs_out_wait_v1.vhd
# Add dependent file: /tools/Siemens_EDA/Catapult/2021.1/Mgc_home/pkgs/siflibs/mgc_io_sync_v2.vhd
# Add dependent file: /tools/Siemens_EDA/Catapult/2021.1/Mgc_home/pkgs/siflibs/ccs_in_v1.vhd
# Add dependent file: ./rtl.vhdl
# Finished writing concatenated simulation file: /home/alumnes/s/serik.perez/hdd/lab6/Catapult_1/mult_add_pipeline.v8/concat_sim_rtl.vhdl
# Generating SCVerify testbench files
# Makefile for RTL VHDL output 'rtl.vhdl' vs Untimed C++ written to file './scverify/Verify_rtl_vhdl_msim.mk'
# Info: Intel Quartus synthesis script written to '/home/alumnes/s/serik.perez/hdd/lab6/Catapult_1/mult_add_pipeline.v8/quartus_vhdl/rtl.vhdl.aq'
# Info: Intel Quartus synthesis script written to '/home/alumnes/s/serik.perez/hdd/lab6/Catapult_1/mult_add_pipeline.v8/quartus_concat_vhdl/concat_rtl.vhdl.aq'
# Makefile for Concat RTL VHDL output 'concat_sim_rtl.vhdl' vs Untimed C++ written to file './scverify/Verify_concat_sim_rtl_vhdl_msim.mk'
# Netlist written to file 'rtl.v' (NET-4)
# generate concat
# order file name is: rtl.v_order.txt
# Add dependent file: /tools/Siemens_EDA/Catapult/2021.1/Mgc_home/pkgs/siflibs/ccs_in_wait_v1.v
# Add dependent file: /tools/Siemens_EDA/Catapult/2021.1/Mgc_home/pkgs/siflibs/ccs_out_wait_v1.v
# Add dependent file: /tools/Siemens_EDA/Catapult/2021.1/Mgc_home/pkgs/siflibs/mgc_io_sync_v2.v
# Add dependent file: /tools/Siemens_EDA/Catapult/2021.1/Mgc_home/pkgs/siflibs/ccs_in_v1.v
# Add dependent file: ./rtl.v
# Finished writing concatenated file: /home/alumnes/s/serik.perez/hdd/lab6/Catapult_1/mult_add_pipeline.v8/concat_rtl.v
# order file name is: rtl.v_order_sim.txt
# Add dependent file: /tools/Siemens_EDA/Catapult/2021.1/Mgc_home/pkgs/siflibs/ccs_in_wait_v1.v
# Add dependent file: /tools/Siemens_EDA/Catapult/2021.1/Mgc_home/pkgs/siflibs/ccs_out_wait_v1.v
# Add dependent file: /tools/Siemens_EDA/Catapult/2021.1/Mgc_home/pkgs/siflibs/mgc_io_sync_v2.v
# Add dependent file: /tools/Siemens_EDA/Catapult/2021.1/Mgc_home/pkgs/siflibs/ccs_in_v1.v
# Add dependent file: ./rtl.v
# Finished writing concatenated simulation file: /home/alumnes/s/serik.perez/hdd/lab6/Catapult_1/mult_add_pipeline.v8/concat_sim_rtl.v
# Makefile for RTL Verilog output 'rtl.v' vs Untimed C++ written to file './scverify/Verify_rtl_v_msim.mk'
# Info: Intel Quartus synthesis script written to '/home/alumnes/s/serik.perez/hdd/lab6/Catapult_1/mult_add_pipeline.v8/quartus_v/rtl.v.aq'
# Info: Intel Quartus synthesis script written to '/home/alumnes/s/serik.perez/hdd/lab6/Catapult_1/mult_add_pipeline.v8/quartus_concat_v/concat_rtl.v.aq'
# Makefile for Concat RTL Verilog output 'concat_sim_rtl.v' vs Untimed C++ written to file './scverify/Verify_concat_sim_rtl_v_msim.mk'
# Info: Completed transformation 'extract' on solution 'mult_add_pipeline.v8': elapsed time 1.65 seconds, memory usage 1380876kB, peak memory usage 1380876kB (SOL-9)
# Info: Design complexity at end of 'extract': Total ops = 265, Real ops = 81, Vars = 220 (SOL-21)
go libraries
directive set -CLOCKS {clk {-CLOCK_PERIOD 7.69 -CLOCK_EDGE rising -CLOCK_HIGH_TIME 3.845 -CLOCK_OFFSET 0.000000 -CLOCK_UNCERTAINTY 0.0 -RESET_KIND sync -RESET_SYNC_NAME rst -RESET_SYNC_ACTIVE high -RESET_ASYNC_NAME arst_n -RESET_ASYNC_ACTIVE low -ENABLE_NAME {} -ENABLE_ACTIVE high}}
# CU_DESIGN sid9 ADD {} {VERSION v9 SID sid9 BRANCH_SID sid8 BRANCH_STATE libraries INCREMENTAL 0 STATE libraries TRANSFORMING 0 SOLUTION_DIR {} CAT_DIR /home/alumnes/s/serik.perez/hdd/lab6/Catapult_1/ SYNTHESIS_FLOWPKG Quartus UNITS {} STATES {} INPUTFILES {} OUTPUTFILES {} TECHCONFIG {{/CONFIG/PARAMETERS/Quartus/PARAMETERS/Altera/PARAMETERS/Cyclone V/PARAMETERS/6/PARAMETERS/5CEBA2F17C6/PARAMETERS/mgc_Altera-Cyclone-V-6_beh/25}} SOURCEHIER {} HIERCONFIG {} TECHLIBS {} FLOWPKGS {} DATUM {} MESSAGES {} TOP {} SIF_DESIGN_HIER {} ALLOCS {} DIRAPPLIES {} SID_DATA {} SCOPED_C_INTERFACE {} COMPILE_DATA {} PROPERTIES {} OPT_INFOS {} name mult_add_pipeline}: Race condition
# Info: Branching solution 'mult_add_pipeline.v9' at state 'libraries' (PRJ-2)
# Makefile for Original Design + Testbench written to file './scverify/Verify_orig_cxx_osci.mk'
# Info: CDesignChecker Shell script written to '/home/alumnes/s/serik.perez/hdd/lab6/Catapult_1/mult_add_pipeline.v9/CDesignChecker/design_checker.sh'
# /CLOCKS {clk {-CLOCK_PERIOD 7.69 -CLOCK_EDGE rising -CLOCK_HIGH_TIME 3.845 -CLOCK_OFFSET 0.000000 -CLOCK_UNCERTAINTY 0.0 -RESET_KIND sync -RESET_SYNC_NAME rst -RESET_SYNC_ACTIVE high -RESET_ASYNC_NAME arst_n -RESET_ASYNC_ACTIVE low -ENABLE_NAME {} -ENABLE_ACTIVE high}}
directive set -CLOCKS {clk {-CLOCK_PERIOD 7.69 -CLOCK_EDGE rising -CLOCK_HIGH_TIME 3.845 -CLOCK_OFFSET 0.000000 -CLOCK_UNCERTAINTY 0.0 -RESET_KIND sync -RESET_SYNC_NAME rst -RESET_SYNC_ACTIVE high -RESET_ASYNC_NAME arst_n -RESET_ASYNC_ACTIVE low -ENABLE_NAME {} -ENABLE_ACTIVE high}}
# /CLOCKS {clk {-CLOCK_PERIOD 7.69 -CLOCK_EDGE rising -CLOCK_HIGH_TIME 3.845 -CLOCK_OFFSET 0.000000 -CLOCK_UNCERTAINTY 0.0 -RESET_KIND sync -RESET_SYNC_NAME rst -RESET_SYNC_ACTIVE high -RESET_ASYNC_NAME arst_n -RESET_ASYNC_ACTIVE low -ENABLE_NAME {} -ENABLE_ACTIVE high}}
go extract
# Info: Starting transformation 'assembly' on solution 'mult_add_pipeline.v9' (SOL-8)
# Info: Completed transformation 'assembly' on solution 'mult_add_pipeline.v9': elapsed time 0.04 seconds, memory usage 1380876kB, peak memory usage 1380876kB (SOL-9)
# Info: Design complexity at end of 'assembly': Total ops = 15, Real ops = 4, Vars = 13 (SOL-21)
# Info: Starting transformation 'loops' on solution 'mult_add_pipeline.v9' (SOL-8)
# $PROJECT_HOME/src/mult_add_pipeline.cpp(8): Loop '/mult_add_pipeline/core/main' is left rolled. (LOOP-4)
# Info: Completed transformation 'loops' on solution 'mult_add_pipeline.v9': elapsed time 0.01 seconds, memory usage 1380876kB, peak memory usage 1380876kB (SOL-9)
# Info: Design complexity at end of 'loops': Total ops = 19, Real ops = 4, Vars = 15 (SOL-21)
# Info: Starting transformation 'memories' on solution 'mult_add_pipeline.v9' (SOL-8)
# $PROJECT_HOME/src/mult_add_pipeline.cpp(11): I/O-Port Resource '/mult_add_pipeline/gain:rsc' (from var: gain) mapped to 'ccs_ioport.ccs_in' (size: 10). (MEM-2)
# $PROJECT_HOME/src/mult_add_pipeline.cpp(12): I/O-Port Resource '/mult_add_pipeline/gain_adjust:rsc' (from var: gain_adjust) mapped to 'ccs_ioport.ccs_in' (size: 1). (MEM-2)
# Info: Completed transformation 'memories' on solution 'mult_add_pipeline.v9': elapsed time 0.03 seconds, memory usage 1380876kB, peak memory usage 1380876kB (SOL-9)
# Info: Design complexity at end of 'memories': Total ops = 20, Real ops = 4, Vars = 15 (SOL-21)
# Info: Starting transformation 'cluster' on solution 'mult_add_pipeline.v9' (SOL-8)
# Info: Completed transformation 'cluster' on solution 'mult_add_pipeline.v9': elapsed time 0.02 seconds, memory usage 1380876kB, peak memory usage 1380876kB (SOL-9)
# Info: Design complexity at end of 'cluster': Total ops = 20, Real ops = 4, Vars = 15 (SOL-21)
# Info: Starting transformation 'architect' on solution 'mult_add_pipeline.v9' (SOL-8)
# Design 'mult_add_pipeline' contains '5' real operations. (SOL-11)
# Info: Completed transformation 'architect' on solution 'mult_add_pipeline.v9': elapsed time 0.03 seconds, memory usage 1380876kB, peak memory usage 1380876kB (SOL-9)
# Info: Design complexity at end of 'architect': Total ops = 22, Real ops = 5, Vars = 17 (SOL-21)
# Info: Starting transformation 'allocate' on solution 'mult_add_pipeline.v9' (SOL-8)
# Performing concurrent resource allocation and scheduling on '/mult_add_pipeline/core' (CRAAS-1)
# Info: Select qualified components for data operations ... (CRAAS-3)
# Info: Apply resource constraints on data operations ... (CRAAS-4)
# $PROJECT_HOME/src/mult_add_pipeline.cpp(8): Prescheduled LOOP '/mult_add_pipeline/core/main' (4 c-steps) (SCHD-7)
# $PROJECT_HOME/src/mult_add_pipeline.cpp(8): Prescheduled LOOP '/mult_add_pipeline/core/core:rlp' (1 c-steps) (SCHD-7)
# $PROJECT_HOME/src/mult_add_pipeline.cpp(8): Prescheduled SEQUENTIAL '/mult_add_pipeline/core' (total length 5 c-steps) (SCHD-8)
# Info: $PROJECT_HOME/src/mult_add_pipeline.cpp(8): Initial schedule of SEQUENTIAL '/mult_add_pipeline/core': Latency = 3, Area (Datapath, Register, Total) = 660.50, 0.00, 660.50 (CRAAS-11)
# At least one feasible schedule exists. (CRAAS-9)
# Info: $PROJECT_HOME/src/mult_add_pipeline.cpp(8): Final schedule of SEQUENTIAL '/mult_add_pipeline/core': Latency = 3, Area (Datapath, Register, Total) = 660.50, 0.00, 660.50 (CRAAS-12)
# Resource allocation and scheduling done. (CRAAS-2)
# Netlist written to file 'schedule.gnt' (NET-4)
# Info: Completed transformation 'allocate' on solution 'mult_add_pipeline.v9': elapsed time 0.07 seconds, memory usage 1380876kB, peak memory usage 1380876kB (SOL-9)
# Info: Design complexity at end of 'allocate': Total ops = 22, Real ops = 5, Vars = 17 (SOL-21)
# Info: Starting transformation 'schedule' on solution 'mult_add_pipeline.v9' (SOL-8)
# Performing concurrent resource allocation and scheduling on '/mult_add_pipeline/core' (CRAAS-1)
# Global signal 'a:rsc.rdy' added to design 'mult_add_pipeline' for component 'a:rsci' (LIB-3)
# Global signal 'a:rsc.vld' added to design 'mult_add_pipeline' for component 'a:rsci' (LIB-3)
# Global signal 'a:rsc.dat' added to design 'mult_add_pipeline' for component 'a:rsci' (LIB-3)
# Info: $PROJECT_HOME/src/mult_add_pipeline.cpp(15): Creating buffer for wait controller for component 'a:rsc' (SCHD-46)
# Global signal 'b:rsc.rdy' added to design 'mult_add_pipeline' for component 'b:rsci' (LIB-3)
# Global signal 'b:rsc.vld' added to design 'mult_add_pipeline' for component 'b:rsci' (LIB-3)
# Global signal 'b:rsc.dat' added to design 'mult_add_pipeline' for component 'b:rsci' (LIB-3)
# Info: $PROJECT_HOME/src/mult_add_pipeline.cpp(15): Creating buffer for wait controller for component 'b:rsc' (SCHD-46)
# Global signal 'c:rsc.rdy' added to design 'mult_add_pipeline' for component 'c:rsci' (LIB-3)
# Global signal 'c:rsc.vld' added to design 'mult_add_pipeline' for component 'c:rsci' (LIB-3)
# Global signal 'c:rsc.dat' added to design 'mult_add_pipeline' for component 'c:rsci' (LIB-3)
# Info: $PROJECT_HOME/src/mult_add_pipeline.cpp(16): Creating buffer for wait controller for component 'c:rsc' (SCHD-46)
# Global signal 'gain:rsc.dat' added to design 'mult_add_pipeline' for component 'gain:rsci' (LIB-3)
# Info: $PROJECT_HOME/src/mult_add_pipeline.cpp(11): Creating buffer for wait controller for component 'gain:rsc' (SCHD-46)
# Global signal 'gain_adjust:rsc.dat' added to design 'mult_add_pipeline' for component 'gain_adjust:rsci' (LIB-3)
# Info: $PROJECT_HOME/src/mult_add_pipeline.cpp(18): Creating buffer for wait controller for component 'gain_adjust:rsc' (SCHD-46)
# Global signal 'result:rsc.rdy' added to design 'mult_add_pipeline' for component 'result:rsci' (LIB-3)
# Global signal 'result:rsc.vld' added to design 'mult_add_pipeline' for component 'result:rsci' (LIB-3)
# Global signal 'result:rsc.dat' added to design 'mult_add_pipeline' for component 'result:rsci' (LIB-3)
# Global signal 'gain:rsc.triosy.lz' added to design 'mult_add_pipeline' for component 'gain:rsc.triosy:obj' (LIB-3)
# Global signal 'gain_adjust:rsc.triosy.lz' added to design 'mult_add_pipeline' for component 'gain_adjust:rsc.triosy:obj' (LIB-3)
# Info: $PROJECT_HOME/src/mult_add_pipeline.cpp(8): Loop '/mult_add_pipeline/core/main' is pipelined with initiation interval 1 and no flushing (SCHD-43)
# Report written to file 'cycle.rpt'
# Info: Completed transformation 'schedule' on solution 'mult_add_pipeline.v9': elapsed time 0.76 seconds, memory usage 1380876kB, peak memory usage 1380876kB (SOL-9)
# Info: Design complexity at end of 'schedule': Total ops = 320, Real ops = 57, Vars = 230 (SOL-21)
# Info: Starting transformation 'dpfsm' on solution 'mult_add_pipeline.v9' (SOL-8)
# Performing FSM extraction... (FSM-1)
# Info: Completed transformation 'dpfsm' on solution 'mult_add_pipeline.v9': elapsed time 0.18 seconds, memory usage 1380876kB, peak memory usage 1380876kB (SOL-9)
# Info: Design complexity at end of 'dpfsm': Total ops = 259, Real ops = 75, Vars = 215 (SOL-21)
# Info: Starting transformation 'instance' on solution 'mult_add_pipeline.v9' (SOL-8)
# Netlist written to file 'schematic.nlv' (NET-4)
# Info: Completed transformation 'instance' on solution 'mult_add_pipeline.v9': elapsed time 0.23 seconds, memory usage 1380876kB, peak memory usage 1380876kB (SOL-9)
# Info: Design complexity at end of 'instance': Total ops = 257, Real ops = 73, Vars = 249 (SOL-21)
# Info: Starting transformation 'extract' on solution 'mult_add_pipeline.v9' (SOL-8)
# Report written to file 'rtl.rpt'
# Generating scverify_top.cpp
# Netlist written to file 'rtl.vhdl' (NET-4)
# generate concat
# order file name is: rtl.vhdl_order.txt
# Add dependent file: /tools/Siemens_EDA/Catapult/2021.1/Mgc_home/pkgs/siflibs/ccs_in_wait_v1.vhd
# Add dependent file: /tools/Siemens_EDA/Catapult/2021.1/Mgc_home/pkgs/siflibs/ccs_out_wait_v1.vhd
# Add dependent file: /tools/Siemens_EDA/Catapult/2021.1/Mgc_home/pkgs/siflibs/mgc_io_sync_v2.vhd
# Add dependent file: /tools/Siemens_EDA/Catapult/2021.1/Mgc_home/pkgs/siflibs/ccs_in_v1.vhd
# Add dependent file: ./rtl.vhdl
# Finished writing concatenated file: /home/alumnes/s/serik.perez/hdd/lab6/Catapult_1/mult_add_pipeline.v9/concat_rtl.vhdl
# order file name is: rtl.vhdl_order_sim.txt
# Add dependent file: /tools/Siemens_EDA/Catapult/2021.1/Mgc_home/pkgs/siflibs/ccs_in_wait_v1.vhd
# Add dependent file: /tools/Siemens_EDA/Catapult/2021.1/Mgc_home/pkgs/siflibs/ccs_out_wait_v1.vhd
# Add dependent file: /tools/Siemens_EDA/Catapult/2021.1/Mgc_home/pkgs/siflibs/mgc_io_sync_v2.vhd
# Add dependent file: /tools/Siemens_EDA/Catapult/2021.1/Mgc_home/pkgs/siflibs/ccs_in_v1.vhd
# Add dependent file: ./rtl.vhdl
# Finished writing concatenated simulation file: /home/alumnes/s/serik.perez/hdd/lab6/Catapult_1/mult_add_pipeline.v9/concat_sim_rtl.vhdl
# Generating SCVerify testbench files
# Makefile for RTL VHDL output 'rtl.vhdl' vs Untimed C++ written to file './scverify/Verify_rtl_vhdl_msim.mk'
# Info: Intel Quartus synthesis script written to '/home/alumnes/s/serik.perez/hdd/lab6/Catapult_1/mult_add_pipeline.v9/quartus_vhdl/rtl.vhdl.aq'
# Info: Intel Quartus synthesis script written to '/home/alumnes/s/serik.perez/hdd/lab6/Catapult_1/mult_add_pipeline.v9/quartus_concat_vhdl/concat_rtl.vhdl.aq'
# Makefile for Concat RTL VHDL output 'concat_sim_rtl.vhdl' vs Untimed C++ written to file './scverify/Verify_concat_sim_rtl_vhdl_msim.mk'
# Netlist written to file 'rtl.v' (NET-4)
# generate concat
# order file name is: rtl.v_order.txt
# Add dependent file: /tools/Siemens_EDA/Catapult/2021.1/Mgc_home/pkgs/siflibs/ccs_in_wait_v1.v
# Add dependent file: /tools/Siemens_EDA/Catapult/2021.1/Mgc_home/pkgs/siflibs/ccs_out_wait_v1.v
# Add dependent file: /tools/Siemens_EDA/Catapult/2021.1/Mgc_home/pkgs/siflibs/mgc_io_sync_v2.v
# Add dependent file: /tools/Siemens_EDA/Catapult/2021.1/Mgc_home/pkgs/siflibs/ccs_in_v1.v
# Add dependent file: ./rtl.v
# Finished writing concatenated file: /home/alumnes/s/serik.perez/hdd/lab6/Catapult_1/mult_add_pipeline.v9/concat_rtl.v
# order file name is: rtl.v_order_sim.txt
# Add dependent file: /tools/Siemens_EDA/Catapult/2021.1/Mgc_home/pkgs/siflibs/ccs_in_wait_v1.v
# Add dependent file: /tools/Siemens_EDA/Catapult/2021.1/Mgc_home/pkgs/siflibs/ccs_out_wait_v1.v
# Add dependent file: /tools/Siemens_EDA/Catapult/2021.1/Mgc_home/pkgs/siflibs/mgc_io_sync_v2.v
# Add dependent file: /tools/Siemens_EDA/Catapult/2021.1/Mgc_home/pkgs/siflibs/ccs_in_v1.v
# Add dependent file: ./rtl.v
# Finished writing concatenated simulation file: /home/alumnes/s/serik.perez/hdd/lab6/Catapult_1/mult_add_pipeline.v9/concat_sim_rtl.v
# Makefile for RTL Verilog output 'rtl.v' vs Untimed C++ written to file './scverify/Verify_rtl_v_msim.mk'
# Info: Intel Quartus synthesis script written to '/home/alumnes/s/serik.perez/hdd/lab6/Catapult_1/mult_add_pipeline.v9/quartus_v/rtl.v.aq'
# Info: Intel Quartus synthesis script written to '/home/alumnes/s/serik.perez/hdd/lab6/Catapult_1/mult_add_pipeline.v9/quartus_concat_v/concat_rtl.v.aq'
# Makefile for Concat RTL Verilog output 'concat_sim_rtl.v' vs Untimed C++ written to file './scverify/Verify_concat_sim_rtl_v_msim.mk'
# Info: Completed transformation 'extract' on solution 'mult_add_pipeline.v9': elapsed time 1.57 seconds, memory usage 1380876kB, peak memory usage 1380876kB (SOL-9)
# Info: Design complexity at end of 'extract': Total ops = 257, Real ops = 73, Vars = 216 (SOL-21)
go libraries
directive set -CLOCKS {clk {-CLOCK_PERIOD 8 -CLOCK_EDGE rising -CLOCK_HIGH_TIME 4 -CLOCK_OFFSET 0.000000 -CLOCK_UNCERTAINTY 0.0 -RESET_KIND sync -RESET_SYNC_NAME rst -RESET_SYNC_ACTIVE high -RESET_ASYNC_NAME arst_n -RESET_ASYNC_ACTIVE low -ENABLE_NAME {} -ENABLE_ACTIVE high}}
# CU_DESIGN sid10 ADD {} {VERSION v10 SID sid10 BRANCH_SID sid9 BRANCH_STATE libraries INCREMENTAL 0 STATE libraries TRANSFORMING 0 SOLUTION_DIR {} CAT_DIR /home/alumnes/s/serik.perez/hdd/lab6/Catapult_1/ SYNTHESIS_FLOWPKG Quartus UNITS {} STATES {} INPUTFILES {} OUTPUTFILES {} TECHCONFIG {{/CONFIG/PARAMETERS/Quartus/PARAMETERS/Altera/PARAMETERS/Cyclone V/PARAMETERS/6/PARAMETERS/5CEBA2F17C6/PARAMETERS/mgc_Altera-Cyclone-V-6_beh/25}} SOURCEHIER {} HIERCONFIG {} TECHLIBS {} FLOWPKGS {} DATUM {} MESSAGES {} TOP {} SIF_DESIGN_HIER {} ALLOCS {} DIRAPPLIES {} SID_DATA {} SCOPED_C_INTERFACE {} COMPILE_DATA {} PROPERTIES {} OPT_INFOS {} name mult_add_pipeline}: Race condition
# Info: Branching solution 'mult_add_pipeline.v10' at state 'libraries' (PRJ-2)
# Makefile for Original Design + Testbench written to file './scverify/Verify_orig_cxx_osci.mk'
# Info: CDesignChecker Shell script written to '/home/alumnes/s/serik.perez/hdd/lab6/Catapult_1/mult_add_pipeline.v10/CDesignChecker/design_checker.sh'
# /CLOCKS {clk {-CLOCK_PERIOD 8 -CLOCK_EDGE rising -CLOCK_HIGH_TIME 4 -CLOCK_OFFSET 0.000000 -CLOCK_UNCERTAINTY 0.0 -RESET_KIND sync -RESET_SYNC_NAME rst -RESET_SYNC_ACTIVE high -RESET_ASYNC_NAME arst_n -RESET_ASYNC_ACTIVE low -ENABLE_NAME {} -ENABLE_ACTIVE high}}
directive set -CLOCKS {clk {-CLOCK_PERIOD 8 -CLOCK_EDGE rising -CLOCK_HIGH_TIME 4 -CLOCK_OFFSET 0.000000 -CLOCK_UNCERTAINTY 0.0 -RESET_KIND sync -RESET_SYNC_NAME rst -RESET_SYNC_ACTIVE high -RESET_ASYNC_NAME arst_n -RESET_ASYNC_ACTIVE low -ENABLE_NAME {} -ENABLE_ACTIVE high}}
# /CLOCKS {clk {-CLOCK_PERIOD 8 -CLOCK_EDGE rising -CLOCK_HIGH_TIME 4 -CLOCK_OFFSET 0.000000 -CLOCK_UNCERTAINTY 0.0 -RESET_KIND sync -RESET_SYNC_NAME rst -RESET_SYNC_ACTIVE high -RESET_ASYNC_NAME arst_n -RESET_ASYNC_ACTIVE low -ENABLE_NAME {} -ENABLE_ACTIVE high}}
go extract
# Info: Starting transformation 'assembly' on solution 'mult_add_pipeline.v10' (SOL-8)
# Info: Completed transformation 'assembly' on solution 'mult_add_pipeline.v10': elapsed time 0.04 seconds, memory usage 1380876kB, peak memory usage 1380876kB (SOL-9)
# Info: Design complexity at end of 'assembly': Total ops = 15, Real ops = 4, Vars = 13 (SOL-21)
# Info: Starting transformation 'loops' on solution 'mult_add_pipeline.v10' (SOL-8)
# $PROJECT_HOME/src/mult_add_pipeline.cpp(8): Loop '/mult_add_pipeline/core/main' is left rolled. (LOOP-4)
# Info: Completed transformation 'loops' on solution 'mult_add_pipeline.v10': elapsed time 0.01 seconds, memory usage 1380876kB, peak memory usage 1380876kB (SOL-9)
# Info: Design complexity at end of 'loops': Total ops = 19, Real ops = 4, Vars = 15 (SOL-21)
# Info: Starting transformation 'memories' on solution 'mult_add_pipeline.v10' (SOL-8)
# $PROJECT_HOME/src/mult_add_pipeline.cpp(11): I/O-Port Resource '/mult_add_pipeline/gain:rsc' (from var: gain) mapped to 'ccs_ioport.ccs_in' (size: 10). (MEM-2)
# $PROJECT_HOME/src/mult_add_pipeline.cpp(12): I/O-Port Resource '/mult_add_pipeline/gain_adjust:rsc' (from var: gain_adjust) mapped to 'ccs_ioport.ccs_in' (size: 1). (MEM-2)
# Info: Completed transformation 'memories' on solution 'mult_add_pipeline.v10': elapsed time 0.03 seconds, memory usage 1380876kB, peak memory usage 1380876kB (SOL-9)
# Info: Design complexity at end of 'memories': Total ops = 20, Real ops = 4, Vars = 15 (SOL-21)
# Info: Starting transformation 'cluster' on solution 'mult_add_pipeline.v10' (SOL-8)
# Info: Completed transformation 'cluster' on solution 'mult_add_pipeline.v10': elapsed time 0.01 seconds, memory usage 1380876kB, peak memory usage 1380876kB (SOL-9)
# Info: Design complexity at end of 'cluster': Total ops = 20, Real ops = 4, Vars = 15 (SOL-21)
# Info: Starting transformation 'architect' on solution 'mult_add_pipeline.v10' (SOL-8)
# Design 'mult_add_pipeline' contains '5' real operations. (SOL-11)
# Info: Completed transformation 'architect' on solution 'mult_add_pipeline.v10': elapsed time 0.03 seconds, memory usage 1380876kB, peak memory usage 1380876kB (SOL-9)
# Info: Design complexity at end of 'architect': Total ops = 22, Real ops = 5, Vars = 17 (SOL-21)
# Info: Starting transformation 'allocate' on solution 'mult_add_pipeline.v10' (SOL-8)
# Performing concurrent resource allocation and scheduling on '/mult_add_pipeline/core' (CRAAS-1)
# Info: Select qualified components for data operations ... (CRAAS-3)
# Info: Apply resource constraints on data operations ... (CRAAS-4)
# $PROJECT_HOME/src/mult_add_pipeline.cpp(8): Prescheduled LOOP '/mult_add_pipeline/core/main' (4 c-steps) (SCHD-7)
# $PROJECT_HOME/src/mult_add_pipeline.cpp(8): Prescheduled LOOP '/mult_add_pipeline/core/core:rlp' (1 c-steps) (SCHD-7)
# $PROJECT_HOME/src/mult_add_pipeline.cpp(8): Prescheduled SEQUENTIAL '/mult_add_pipeline/core' (total length 5 c-steps) (SCHD-8)
# Info: $PROJECT_HOME/src/mult_add_pipeline.cpp(8): Initial schedule of SEQUENTIAL '/mult_add_pipeline/core': Latency = 3, Area (Datapath, Register, Total) = 660.50, 0.00, 660.50 (CRAAS-11)
# At least one feasible schedule exists. (CRAAS-9)
# Info: $PROJECT_HOME/src/mult_add_pipeline.cpp(8): Final schedule of SEQUENTIAL '/mult_add_pipeline/core': Latency = 3, Area (Datapath, Register, Total) = 660.50, 0.00, 660.50 (CRAAS-12)
# Resource allocation and scheduling done. (CRAAS-2)
# Netlist written to file 'schedule.gnt' (NET-4)
# Info: Completed transformation 'allocate' on solution 'mult_add_pipeline.v10': elapsed time 0.07 seconds, memory usage 1380876kB, peak memory usage 1380876kB (SOL-9)
# Info: Design complexity at end of 'allocate': Total ops = 22, Real ops = 5, Vars = 17 (SOL-21)
# Info: Starting transformation 'schedule' on solution 'mult_add_pipeline.v10' (SOL-8)
# Performing concurrent resource allocation and scheduling on '/mult_add_pipeline/core' (CRAAS-1)
# Global signal 'a:rsc.rdy' added to design 'mult_add_pipeline' for component 'a:rsci' (LIB-3)
# Global signal 'a:rsc.vld' added to design 'mult_add_pipeline' for component 'a:rsci' (LIB-3)
# Global signal 'a:rsc.dat' added to design 'mult_add_pipeline' for component 'a:rsci' (LIB-3)
# Info: $PROJECT_HOME/src/mult_add_pipeline.cpp(15): Creating buffer for wait controller for component 'a:rsc' (SCHD-46)
# Global signal 'b:rsc.rdy' added to design 'mult_add_pipeline' for component 'b:rsci' (LIB-3)
# Global signal 'b:rsc.vld' added to design 'mult_add_pipeline' for component 'b:rsci' (LIB-3)
# Global signal 'b:rsc.dat' added to design 'mult_add_pipeline' for component 'b:rsci' (LIB-3)
# Info: $PROJECT_HOME/src/mult_add_pipeline.cpp(15): Creating buffer for wait controller for component 'b:rsc' (SCHD-46)
# Global signal 'c:rsc.rdy' added to design 'mult_add_pipeline' for component 'c:rsci' (LIB-3)
# Global signal 'c:rsc.vld' added to design 'mult_add_pipeline' for component 'c:rsci' (LIB-3)
# Global signal 'c:rsc.dat' added to design 'mult_add_pipeline' for component 'c:rsci' (LIB-3)
# Info: $PROJECT_HOME/src/mult_add_pipeline.cpp(16): Creating buffer for wait controller for component 'c:rsc' (SCHD-46)
# Global signal 'gain:rsc.dat' added to design 'mult_add_pipeline' for component 'gain:rsci' (LIB-3)
# Info: $PROJECT_HOME/src/mult_add_pipeline.cpp(11): Creating buffer for wait controller for component 'gain:rsc' (SCHD-46)
# Global signal 'gain_adjust:rsc.dat' added to design 'mult_add_pipeline' for component 'gain_adjust:rsci' (LIB-3)
# Info: $PROJECT_HOME/src/mult_add_pipeline.cpp(18): Creating buffer for wait controller for component 'gain_adjust:rsc' (SCHD-46)
# Global signal 'result:rsc.rdy' added to design 'mult_add_pipeline' for component 'result:rsci' (LIB-3)
# Global signal 'result:rsc.vld' added to design 'mult_add_pipeline' for component 'result:rsci' (LIB-3)
# Global signal 'result:rsc.dat' added to design 'mult_add_pipeline' for component 'result:rsci' (LIB-3)
# Global signal 'gain:rsc.triosy.lz' added to design 'mult_add_pipeline' for component 'gain:rsc.triosy:obj' (LIB-3)
# Global signal 'gain_adjust:rsc.triosy.lz' added to design 'mult_add_pipeline' for component 'gain_adjust:rsc.triosy:obj' (LIB-3)
# Info: $PROJECT_HOME/src/mult_add_pipeline.cpp(8): Loop '/mult_add_pipeline/core/main' is pipelined with initiation interval 1 and no flushing (SCHD-43)
# Report written to file 'cycle.rpt'
# Info: Completed transformation 'schedule' on solution 'mult_add_pipeline.v10': elapsed time 0.76 seconds, memory usage 1380876kB, peak memory usage 1380876kB (SOL-9)
# Info: Design complexity at end of 'schedule': Total ops = 320, Real ops = 57, Vars = 230 (SOL-21)
# Info: Starting transformation 'dpfsm' on solution 'mult_add_pipeline.v10' (SOL-8)
# Performing FSM extraction... (FSM-1)
# Info: Completed transformation 'dpfsm' on solution 'mult_add_pipeline.v10': elapsed time 0.17 seconds, memory usage 1380876kB, peak memory usage 1380876kB (SOL-9)
# Info: Design complexity at end of 'dpfsm': Total ops = 259, Real ops = 75, Vars = 215 (SOL-21)
# Info: Starting transformation 'instance' on solution 'mult_add_pipeline.v10' (SOL-8)
# Netlist written to file 'schematic.nlv' (NET-4)
# Info: Completed transformation 'instance' on solution 'mult_add_pipeline.v10': elapsed time 0.24 seconds, memory usage 1380876kB, peak memory usage 1380876kB (SOL-9)
# Info: Design complexity at end of 'instance': Total ops = 257, Real ops = 73, Vars = 249 (SOL-21)
# Info: Starting transformation 'extract' on solution 'mult_add_pipeline.v10' (SOL-8)
# Report written to file 'rtl.rpt'
# Generating scverify_top.cpp
# Netlist written to file 'rtl.vhdl' (NET-4)
# generate concat
# order file name is: rtl.vhdl_order.txt
# Add dependent file: /tools/Siemens_EDA/Catapult/2021.1/Mgc_home/pkgs/siflibs/ccs_in_wait_v1.vhd
# Add dependent file: /tools/Siemens_EDA/Catapult/2021.1/Mgc_home/pkgs/siflibs/ccs_out_wait_v1.vhd
# Add dependent file: /tools/Siemens_EDA/Catapult/2021.1/Mgc_home/pkgs/siflibs/mgc_io_sync_v2.vhd
# Add dependent file: /tools/Siemens_EDA/Catapult/2021.1/Mgc_home/pkgs/siflibs/ccs_in_v1.vhd
# Add dependent file: ./rtl.vhdl
# Finished writing concatenated file: /home/alumnes/s/serik.perez/hdd/lab6/Catapult_1/mult_add_pipeline.v10/concat_rtl.vhdl
# order file name is: rtl.vhdl_order_sim.txt
# Add dependent file: /tools/Siemens_EDA/Catapult/2021.1/Mgc_home/pkgs/siflibs/ccs_in_wait_v1.vhd
# Add dependent file: /tools/Siemens_EDA/Catapult/2021.1/Mgc_home/pkgs/siflibs/ccs_out_wait_v1.vhd
# Add dependent file: /tools/Siemens_EDA/Catapult/2021.1/Mgc_home/pkgs/siflibs/mgc_io_sync_v2.vhd
# Add dependent file: /tools/Siemens_EDA/Catapult/2021.1/Mgc_home/pkgs/siflibs/ccs_in_v1.vhd
# Add dependent file: ./rtl.vhdl
# Finished writing concatenated simulation file: /home/alumnes/s/serik.perez/hdd/lab6/Catapult_1/mult_add_pipeline.v10/concat_sim_rtl.vhdl
# Generating SCVerify testbench files
# Makefile for RTL VHDL output 'rtl.vhdl' vs Untimed C++ written to file './scverify/Verify_rtl_vhdl_msim.mk'
# Info: Intel Quartus synthesis script written to '/home/alumnes/s/serik.perez/hdd/lab6/Catapult_1/mult_add_pipeline.v10/quartus_vhdl/rtl.vhdl.aq'
# Info: Intel Quartus synthesis script written to '/home/alumnes/s/serik.perez/hdd/lab6/Catapult_1/mult_add_pipeline.v10/quartus_concat_vhdl/concat_rtl.vhdl.aq'
# Makefile for Concat RTL VHDL output 'concat_sim_rtl.vhdl' vs Untimed C++ written to file './scverify/Verify_concat_sim_rtl_vhdl_msim.mk'
# Netlist written to file 'rtl.v' (NET-4)
# generate concat
# order file name is: rtl.v_order.txt
# Add dependent file: /tools/Siemens_EDA/Catapult/2021.1/Mgc_home/pkgs/siflibs/ccs_in_wait_v1.v
# Add dependent file: /tools/Siemens_EDA/Catapult/2021.1/Mgc_home/pkgs/siflibs/ccs_out_wait_v1.v
# Add dependent file: /tools/Siemens_EDA/Catapult/2021.1/Mgc_home/pkgs/siflibs/mgc_io_sync_v2.v
# Add dependent file: /tools/Siemens_EDA/Catapult/2021.1/Mgc_home/pkgs/siflibs/ccs_in_v1.v
# Add dependent file: ./rtl.v
# Finished writing concatenated file: /home/alumnes/s/serik.perez/hdd/lab6/Catapult_1/mult_add_pipeline.v10/concat_rtl.v
# order file name is: rtl.v_order_sim.txt
# Add dependent file: /tools/Siemens_EDA/Catapult/2021.1/Mgc_home/pkgs/siflibs/ccs_in_wait_v1.v
# Add dependent file: /tools/Siemens_EDA/Catapult/2021.1/Mgc_home/pkgs/siflibs/ccs_out_wait_v1.v
# Add dependent file: /tools/Siemens_EDA/Catapult/2021.1/Mgc_home/pkgs/siflibs/mgc_io_sync_v2.v
# Add dependent file: /tools/Siemens_EDA/Catapult/2021.1/Mgc_home/pkgs/siflibs/ccs_in_v1.v
# Add dependent file: ./rtl.v
# Finished writing concatenated simulation file: /home/alumnes/s/serik.perez/hdd/lab6/Catapult_1/mult_add_pipeline.v10/concat_sim_rtl.v
# Makefile for RTL Verilog output 'rtl.v' vs Untimed C++ written to file './scverify/Verify_rtl_v_msim.mk'
# Info: Intel Quartus synthesis script written to '/home/alumnes/s/serik.perez/hdd/lab6/Catapult_1/mult_add_pipeline.v10/quartus_v/rtl.v.aq'
# Info: Intel Quartus synthesis script written to '/home/alumnes/s/serik.perez/hdd/lab6/Catapult_1/mult_add_pipeline.v10/quartus_concat_v/concat_rtl.v.aq'
# Makefile for Concat RTL Verilog output 'concat_sim_rtl.v' vs Untimed C++ written to file './scverify/Verify_concat_sim_rtl_v_msim.mk'
# Info: Completed transformation 'extract' on solution 'mult_add_pipeline.v10': elapsed time 1.60 seconds, memory usage 1380876kB, peak memory usage 1380876kB (SOL-9)
# Info: Design complexity at end of 'extract': Total ops = 257, Real ops = 73, Vars = 216 (SOL-21)
go libraries
directive set -CLOCKS {clk {-CLOCK_PERIOD 7.81 -CLOCK_EDGE rising -CLOCK_HIGH_TIME 3.905 -CLOCK_OFFSET 0.000000 -CLOCK_UNCERTAINTY 0.0 -RESET_KIND sync -RESET_SYNC_NAME rst -RESET_SYNC_ACTIVE high -RESET_ASYNC_NAME arst_n -RESET_ASYNC_ACTIVE low -ENABLE_NAME {} -ENABLE_ACTIVE high}}
# CU_DESIGN sid11 ADD {} {VERSION v11 SID sid11 BRANCH_SID sid10 BRANCH_STATE libraries INCREMENTAL 0 STATE libraries TRANSFORMING 0 SOLUTION_DIR {} CAT_DIR /home/alumnes/s/serik.perez/hdd/lab6/Catapult_1/ SYNTHESIS_FLOWPKG Quartus UNITS {} STATES {} INPUTFILES {} OUTPUTFILES {} TECHCONFIG {{/CONFIG/PARAMETERS/Quartus/PARAMETERS/Altera/PARAMETERS/Cyclone V/PARAMETERS/6/PARAMETERS/5CEBA2F17C6/PARAMETERS/mgc_Altera-Cyclone-V-6_beh/25}} SOURCEHIER {} HIERCONFIG {} TECHLIBS {} FLOWPKGS {} DATUM {} MESSAGES {} TOP {} SIF_DESIGN_HIER {} ALLOCS {} DIRAPPLIES {} SID_DATA {} SCOPED_C_INTERFACE {} COMPILE_DATA {} PROPERTIES {} OPT_INFOS {} name mult_add_pipeline}: Race condition
# Info: Branching solution 'mult_add_pipeline.v11' at state 'libraries' (PRJ-2)
# Makefile for Original Design + Testbench written to file './scverify/Verify_orig_cxx_osci.mk'
# Info: CDesignChecker Shell script written to '/home/alumnes/s/serik.perez/hdd/lab6/Catapult_1/mult_add_pipeline.v11/CDesignChecker/design_checker.sh'
# /CLOCKS {clk {-CLOCK_PERIOD 7.81 -CLOCK_EDGE rising -CLOCK_HIGH_TIME 3.905 -CLOCK_OFFSET 0.000000 -CLOCK_UNCERTAINTY 0.0 -RESET_KIND sync -RESET_SYNC_NAME rst -RESET_SYNC_ACTIVE high -RESET_ASYNC_NAME arst_n -RESET_ASYNC_ACTIVE low -ENABLE_NAME {} -ENABLE_ACTIVE high}}
directive set -CLOCKS {clk {-CLOCK_PERIOD 7.81 -CLOCK_EDGE rising -CLOCK_HIGH_TIME 3.905 -CLOCK_OFFSET 0.000000 -CLOCK_UNCERTAINTY 0.0 -RESET_KIND sync -RESET_SYNC_NAME rst -RESET_SYNC_ACTIVE high -RESET_ASYNC_NAME arst_n -RESET_ASYNC_ACTIVE low -ENABLE_NAME {} -ENABLE_ACTIVE high}}
# /CLOCKS {clk {-CLOCK_PERIOD 7.81 -CLOCK_EDGE rising -CLOCK_HIGH_TIME 3.905 -CLOCK_OFFSET 0.000000 -CLOCK_UNCERTAINTY 0.0 -RESET_KIND sync -RESET_SYNC_NAME rst -RESET_SYNC_ACTIVE high -RESET_ASYNC_NAME arst_n -RESET_ASYNC_ACTIVE low -ENABLE_NAME {} -ENABLE_ACTIVE high}}
go extract
# Info: Starting transformation 'assembly' on solution 'mult_add_pipeline.v11' (SOL-8)
# Info: Completed transformation 'assembly' on solution 'mult_add_pipeline.v11': elapsed time 0.03 seconds, memory usage 1380876kB, peak memory usage 1380876kB (SOL-9)
# Info: Design complexity at end of 'assembly': Total ops = 15, Real ops = 4, Vars = 13 (SOL-21)
# Info: Starting transformation 'loops' on solution 'mult_add_pipeline.v11' (SOL-8)
# $PROJECT_HOME/src/mult_add_pipeline.cpp(8): Loop '/mult_add_pipeline/core/main' is left rolled. (LOOP-4)
# Info: Completed transformation 'loops' on solution 'mult_add_pipeline.v11': elapsed time 0.02 seconds, memory usage 1380876kB, peak memory usage 1380876kB (SOL-9)
# Info: Design complexity at end of 'loops': Total ops = 19, Real ops = 4, Vars = 15 (SOL-21)
# Info: Starting transformation 'memories' on solution 'mult_add_pipeline.v11' (SOL-8)
# $PROJECT_HOME/src/mult_add_pipeline.cpp(11): I/O-Port Resource '/mult_add_pipeline/gain:rsc' (from var: gain) mapped to 'ccs_ioport.ccs_in' (size: 10). (MEM-2)
# $PROJECT_HOME/src/mult_add_pipeline.cpp(12): I/O-Port Resource '/mult_add_pipeline/gain_adjust:rsc' (from var: gain_adjust) mapped to 'ccs_ioport.ccs_in' (size: 1). (MEM-2)
# Info: Completed transformation 'memories' on solution 'mult_add_pipeline.v11': elapsed time 0.03 seconds, memory usage 1380876kB, peak memory usage 1380876kB (SOL-9)
# Info: Design complexity at end of 'memories': Total ops = 20, Real ops = 4, Vars = 15 (SOL-21)
# Info: Starting transformation 'cluster' on solution 'mult_add_pipeline.v11' (SOL-8)
# Info: Completed transformation 'cluster' on solution 'mult_add_pipeline.v11': elapsed time 0.01 seconds, memory usage 1380876kB, peak memory usage 1380876kB (SOL-9)
# Info: Design complexity at end of 'cluster': Total ops = 20, Real ops = 4, Vars = 15 (SOL-21)
# Info: Starting transformation 'architect' on solution 'mult_add_pipeline.v11' (SOL-8)
# Design 'mult_add_pipeline' contains '5' real operations. (SOL-11)
# Info: Completed transformation 'architect' on solution 'mult_add_pipeline.v11': elapsed time 0.03 seconds, memory usage 1380876kB, peak memory usage 1380876kB (SOL-9)
# Info: Design complexity at end of 'architect': Total ops = 22, Real ops = 5, Vars = 17 (SOL-21)
# Info: Starting transformation 'allocate' on solution 'mult_add_pipeline.v11' (SOL-8)
# Performing concurrent resource allocation and scheduling on '/mult_add_pipeline/core' (CRAAS-1)
# Info: Select qualified components for data operations ... (CRAAS-3)
# Info: Apply resource constraints on data operations ... (CRAAS-4)
# $PROJECT_HOME/src/mult_add_pipeline.cpp(8): Prescheduled LOOP '/mult_add_pipeline/core/main' (4 c-steps) (SCHD-7)
# $PROJECT_HOME/src/mult_add_pipeline.cpp(8): Prescheduled LOOP '/mult_add_pipeline/core/core:rlp' (1 c-steps) (SCHD-7)
# $PROJECT_HOME/src/mult_add_pipeline.cpp(8): Prescheduled SEQUENTIAL '/mult_add_pipeline/core' (total length 5 c-steps) (SCHD-8)
# Info: $PROJECT_HOME/src/mult_add_pipeline.cpp(8): Initial schedule of SEQUENTIAL '/mult_add_pipeline/core': Latency = 3, Area (Datapath, Register, Total) = 660.50, 0.00, 660.50 (CRAAS-11)
# At least one feasible schedule exists. (CRAAS-9)
# Info: $PROJECT_HOME/src/mult_add_pipeline.cpp(8): Final schedule of SEQUENTIAL '/mult_add_pipeline/core': Latency = 3, Area (Datapath, Register, Total) = 660.50, 0.00, 660.50 (CRAAS-12)
# Resource allocation and scheduling done. (CRAAS-2)
# Netlist written to file 'schedule.gnt' (NET-4)
# Info: Completed transformation 'allocate' on solution 'mult_add_pipeline.v11': elapsed time 0.07 seconds, memory usage 1380876kB, peak memory usage 1380876kB (SOL-9)
# Info: Design complexity at end of 'allocate': Total ops = 22, Real ops = 5, Vars = 17 (SOL-21)
# Info: Starting transformation 'schedule' on solution 'mult_add_pipeline.v11' (SOL-8)
# Performing concurrent resource allocation and scheduling on '/mult_add_pipeline/core' (CRAAS-1)
# Global signal 'a:rsc.rdy' added to design 'mult_add_pipeline' for component 'a:rsci' (LIB-3)
# Global signal 'a:rsc.vld' added to design 'mult_add_pipeline' for component 'a:rsci' (LIB-3)
# Global signal 'a:rsc.dat' added to design 'mult_add_pipeline' for component 'a:rsci' (LIB-3)
# Info: $PROJECT_HOME/src/mult_add_pipeline.cpp(15): Creating buffer for wait controller for component 'a:rsc' (SCHD-46)
# Global signal 'b:rsc.rdy' added to design 'mult_add_pipeline' for component 'b:rsci' (LIB-3)
# Global signal 'b:rsc.vld' added to design 'mult_add_pipeline' for component 'b:rsci' (LIB-3)
# Global signal 'b:rsc.dat' added to design 'mult_add_pipeline' for component 'b:rsci' (LIB-3)
# Info: $PROJECT_HOME/src/mult_add_pipeline.cpp(15): Creating buffer for wait controller for component 'b:rsc' (SCHD-46)
# Global signal 'c:rsc.rdy' added to design 'mult_add_pipeline' for component 'c:rsci' (LIB-3)
# Global signal 'c:rsc.vld' added to design 'mult_add_pipeline' for component 'c:rsci' (LIB-3)
# Global signal 'c:rsc.dat' added to design 'mult_add_pipeline' for component 'c:rsci' (LIB-3)
# Info: $PROJECT_HOME/src/mult_add_pipeline.cpp(16): Creating buffer for wait controller for component 'c:rsc' (SCHD-46)
# Global signal 'gain:rsc.dat' added to design 'mult_add_pipeline' for component 'gain:rsci' (LIB-3)
# Info: $PROJECT_HOME/src/mult_add_pipeline.cpp(11): Creating buffer for wait controller for component 'gain:rsc' (SCHD-46)
# Global signal 'gain_adjust:rsc.dat' added to design 'mult_add_pipeline' for component 'gain_adjust:rsci' (LIB-3)
# Info: $PROJECT_HOME/src/mult_add_pipeline.cpp(18): Creating buffer for wait controller for component 'gain_adjust:rsc' (SCHD-46)
# Global signal 'result:rsc.rdy' added to design 'mult_add_pipeline' for component 'result:rsci' (LIB-3)
# Global signal 'result:rsc.vld' added to design 'mult_add_pipeline' for component 'result:rsci' (LIB-3)
# Global signal 'result:rsc.dat' added to design 'mult_add_pipeline' for component 'result:rsci' (LIB-3)
# Global signal 'gain:rsc.triosy.lz' added to design 'mult_add_pipeline' for component 'gain:rsc.triosy:obj' (LIB-3)
# Global signal 'gain_adjust:rsc.triosy.lz' added to design 'mult_add_pipeline' for component 'gain_adjust:rsc.triosy:obj' (LIB-3)
# Info: $PROJECT_HOME/src/mult_add_pipeline.cpp(8): Loop '/mult_add_pipeline/core/main' is pipelined with initiation interval 1 and no flushing (SCHD-43)
# Report written to file 'cycle.rpt'
# Info: Completed transformation 'schedule' on solution 'mult_add_pipeline.v11': elapsed time 0.79 seconds, memory usage 1380876kB, peak memory usage 1380876kB (SOL-9)
# Info: Design complexity at end of 'schedule': Total ops = 320, Real ops = 57, Vars = 230 (SOL-21)
# Info: Starting transformation 'dpfsm' on solution 'mult_add_pipeline.v11' (SOL-8)
# Performing FSM extraction... (FSM-1)
# Info: Completed transformation 'dpfsm' on solution 'mult_add_pipeline.v11': elapsed time 0.18 seconds, memory usage 1380876kB, peak memory usage 1380876kB (SOL-9)
# Info: Design complexity at end of 'dpfsm': Total ops = 259, Real ops = 75, Vars = 215 (SOL-21)
# Info: Starting transformation 'instance' on solution 'mult_add_pipeline.v11' (SOL-8)
# Netlist written to file 'schematic.nlv' (NET-4)
# Info: Completed transformation 'instance' on solution 'mult_add_pipeline.v11': elapsed time 0.24 seconds, memory usage 1380876kB, peak memory usage 1380876kB (SOL-9)
# Info: Design complexity at end of 'instance': Total ops = 257, Real ops = 73, Vars = 249 (SOL-21)
# Info: Starting transformation 'extract' on solution 'mult_add_pipeline.v11' (SOL-8)
# Report written to file 'rtl.rpt'
# Generating scverify_top.cpp
# Netlist written to file 'rtl.vhdl' (NET-4)
# generate concat
# order file name is: rtl.vhdl_order.txt
# Add dependent file: /tools/Siemens_EDA/Catapult/2021.1/Mgc_home/pkgs/siflibs/ccs_in_wait_v1.vhd
# Add dependent file: /tools/Siemens_EDA/Catapult/2021.1/Mgc_home/pkgs/siflibs/ccs_out_wait_v1.vhd
# Add dependent file: /tools/Siemens_EDA/Catapult/2021.1/Mgc_home/pkgs/siflibs/mgc_io_sync_v2.vhd
# Add dependent file: /tools/Siemens_EDA/Catapult/2021.1/Mgc_home/pkgs/siflibs/ccs_in_v1.vhd
# Add dependent file: ./rtl.vhdl
# Finished writing concatenated file: /home/alumnes/s/serik.perez/hdd/lab6/Catapult_1/mult_add_pipeline.v11/concat_rtl.vhdl
# order file name is: rtl.vhdl_order_sim.txt
# Add dependent file: /tools/Siemens_EDA/Catapult/2021.1/Mgc_home/pkgs/siflibs/ccs_in_wait_v1.vhd
# Add dependent file: /tools/Siemens_EDA/Catapult/2021.1/Mgc_home/pkgs/siflibs/ccs_out_wait_v1.vhd
# Add dependent file: /tools/Siemens_EDA/Catapult/2021.1/Mgc_home/pkgs/siflibs/mgc_io_sync_v2.vhd
# Add dependent file: /tools/Siemens_EDA/Catapult/2021.1/Mgc_home/pkgs/siflibs/ccs_in_v1.vhd
# Add dependent file: ./rtl.vhdl
# Finished writing concatenated simulation file: /home/alumnes/s/serik.perez/hdd/lab6/Catapult_1/mult_add_pipeline.v11/concat_sim_rtl.vhdl
# Generating SCVerify testbench files
# Makefile for RTL VHDL output 'rtl.vhdl' vs Untimed C++ written to file './scverify/Verify_rtl_vhdl_msim.mk'
# Info: Intel Quartus synthesis script written to '/home/alumnes/s/serik.perez/hdd/lab6/Catapult_1/mult_add_pipeline.v11/quartus_vhdl/rtl.vhdl.aq'
# Info: Intel Quartus synthesis script written to '/home/alumnes/s/serik.perez/hdd/lab6/Catapult_1/mult_add_pipeline.v11/quartus_concat_vhdl/concat_rtl.vhdl.aq'
# Makefile for Concat RTL VHDL output 'concat_sim_rtl.vhdl' vs Untimed C++ written to file './scverify/Verify_concat_sim_rtl_vhdl_msim.mk'
# Netlist written to file 'rtl.v' (NET-4)
# generate concat
# order file name is: rtl.v_order.txt
# Add dependent file: /tools/Siemens_EDA/Catapult/2021.1/Mgc_home/pkgs/siflibs/ccs_in_wait_v1.v
# Add dependent file: /tools/Siemens_EDA/Catapult/2021.1/Mgc_home/pkgs/siflibs/ccs_out_wait_v1.v
# Add dependent file: /tools/Siemens_EDA/Catapult/2021.1/Mgc_home/pkgs/siflibs/mgc_io_sync_v2.v
# Add dependent file: /tools/Siemens_EDA/Catapult/2021.1/Mgc_home/pkgs/siflibs/ccs_in_v1.v
# Add dependent file: ./rtl.v
# Finished writing concatenated file: /home/alumnes/s/serik.perez/hdd/lab6/Catapult_1/mult_add_pipeline.v11/concat_rtl.v
# order file name is: rtl.v_order_sim.txt
# Add dependent file: /tools/Siemens_EDA/Catapult/2021.1/Mgc_home/pkgs/siflibs/ccs_in_wait_v1.v
# Add dependent file: /tools/Siemens_EDA/Catapult/2021.1/Mgc_home/pkgs/siflibs/ccs_out_wait_v1.v
# Add dependent file: /tools/Siemens_EDA/Catapult/2021.1/Mgc_home/pkgs/siflibs/mgc_io_sync_v2.v
# Add dependent file: /tools/Siemens_EDA/Catapult/2021.1/Mgc_home/pkgs/siflibs/ccs_in_v1.v
# Add dependent file: ./rtl.v
# Finished writing concatenated simulation file: /home/alumnes/s/serik.perez/hdd/lab6/Catapult_1/mult_add_pipeline.v11/concat_sim_rtl.v
# Makefile for RTL Verilog output 'rtl.v' vs Untimed C++ written to file './scverify/Verify_rtl_v_msim.mk'
# Info: Intel Quartus synthesis script written to '/home/alumnes/s/serik.perez/hdd/lab6/Catapult_1/mult_add_pipeline.v11/quartus_v/rtl.v.aq'
# Info: Intel Quartus synthesis script written to '/home/alumnes/s/serik.perez/hdd/lab6/Catapult_1/mult_add_pipeline.v11/quartus_concat_v/concat_rtl.v.aq'
# Makefile for Concat RTL Verilog output 'concat_sim_rtl.v' vs Untimed C++ written to file './scverify/Verify_concat_sim_rtl_v_msim.mk'
# Info: Completed transformation 'extract' on solution 'mult_add_pipeline.v11': elapsed time 1.61 seconds, memory usage 1380876kB, peak memory usage 1380876kB (SOL-9)
# Info: Design complexity at end of 'extract': Total ops = 257, Real ops = 73, Vars = 216 (SOL-21)
go libraries
directive set -CLOCKS {clk {-CLOCK_PERIOD 8 -CLOCK_EDGE rising -CLOCK_HIGH_TIME 4 -CLOCK_OFFSET 0.000000 -CLOCK_UNCERTAINTY 0.0 -RESET_KIND sync -RESET_SYNC_NAME rst -RESET_SYNC_ACTIVE high -RESET_ASYNC_NAME arst_n -RESET_ASYNC_ACTIVE low -ENABLE_NAME {} -ENABLE_ACTIVE high}}
# CU_DESIGN sid12 ADD {} {VERSION v12 SID sid12 BRANCH_SID sid11 BRANCH_STATE libraries INCREMENTAL 0 STATE libraries TRANSFORMING 0 SOLUTION_DIR {} CAT_DIR /home/alumnes/s/serik.perez/hdd/lab6/Catapult_1/ SYNTHESIS_FLOWPKG Quartus UNITS {} STATES {} INPUTFILES {} OUTPUTFILES {} TECHCONFIG {{/CONFIG/PARAMETERS/Quartus/PARAMETERS/Altera/PARAMETERS/Cyclone V/PARAMETERS/6/PARAMETERS/5CEBA2F17C6/PARAMETERS/mgc_Altera-Cyclone-V-6_beh/25}} SOURCEHIER {} HIERCONFIG {} TECHLIBS {} FLOWPKGS {} DATUM {} MESSAGES {} TOP {} SIF_DESIGN_HIER {} ALLOCS {} DIRAPPLIES {} SID_DATA {} SCOPED_C_INTERFACE {} COMPILE_DATA {} PROPERTIES {} OPT_INFOS {} name mult_add_pipeline}: Race condition
# Info: Branching solution 'mult_add_pipeline.v12' at state 'libraries' (PRJ-2)
# Makefile for Original Design + Testbench written to file './scverify/Verify_orig_cxx_osci.mk'
# Info: CDesignChecker Shell script written to '/home/alumnes/s/serik.perez/hdd/lab6/Catapult_1/mult_add_pipeline.v12/CDesignChecker/design_checker.sh'
# /CLOCKS {clk {-CLOCK_PERIOD 8 -CLOCK_EDGE rising -CLOCK_HIGH_TIME 4 -CLOCK_OFFSET 0.000000 -CLOCK_UNCERTAINTY 0.0 -RESET_KIND sync -RESET_SYNC_NAME rst -RESET_SYNC_ACTIVE high -RESET_ASYNC_NAME arst_n -RESET_ASYNC_ACTIVE low -ENABLE_NAME {} -ENABLE_ACTIVE high}}
directive set -CLOCKS {clk {-CLOCK_PERIOD 8 -CLOCK_EDGE rising -CLOCK_HIGH_TIME 4 -CLOCK_OFFSET 0.000000 -CLOCK_UNCERTAINTY 0.0 -RESET_KIND sync -RESET_SYNC_NAME rst -RESET_SYNC_ACTIVE high -RESET_ASYNC_NAME arst_n -RESET_ASYNC_ACTIVE low -ENABLE_NAME {} -ENABLE_ACTIVE high}}
# /CLOCKS {clk {-CLOCK_PERIOD 8 -CLOCK_EDGE rising -CLOCK_HIGH_TIME 4 -CLOCK_OFFSET 0.000000 -CLOCK_UNCERTAINTY 0.0 -RESET_KIND sync -RESET_SYNC_NAME rst -RESET_SYNC_ACTIVE high -RESET_ASYNC_NAME arst_n -RESET_ASYNC_ACTIVE low -ENABLE_NAME {} -ENABLE_ACTIVE high}}
go extract
# Info: Starting transformation 'assembly' on solution 'mult_add_pipeline.v12' (SOL-8)
# Info: Completed transformation 'assembly' on solution 'mult_add_pipeline.v12': elapsed time 0.03 seconds, memory usage 1380876kB, peak memory usage 1380876kB (SOL-9)
# Info: Design complexity at end of 'assembly': Total ops = 15, Real ops = 4, Vars = 13 (SOL-21)
# Info: Starting transformation 'loops' on solution 'mult_add_pipeline.v12' (SOL-8)
# $PROJECT_HOME/src/mult_add_pipeline.cpp(8): Loop '/mult_add_pipeline/core/main' is left rolled. (LOOP-4)
# Info: Completed transformation 'loops' on solution 'mult_add_pipeline.v12': elapsed time 0.01 seconds, memory usage 1380876kB, peak memory usage 1380876kB (SOL-9)
# Info: Design complexity at end of 'loops': Total ops = 19, Real ops = 4, Vars = 15 (SOL-21)
# Info: Starting transformation 'memories' on solution 'mult_add_pipeline.v12' (SOL-8)
# $PROJECT_HOME/src/mult_add_pipeline.cpp(11): I/O-Port Resource '/mult_add_pipeline/gain:rsc' (from var: gain) mapped to 'ccs_ioport.ccs_in' (size: 10). (MEM-2)
# $PROJECT_HOME/src/mult_add_pipeline.cpp(12): I/O-Port Resource '/mult_add_pipeline/gain_adjust:rsc' (from var: gain_adjust) mapped to 'ccs_ioport.ccs_in' (size: 1). (MEM-2)
# Info: Completed transformation 'memories' on solution 'mult_add_pipeline.v12': elapsed time 0.03 seconds, memory usage 1380876kB, peak memory usage 1380876kB (SOL-9)
# Info: Design complexity at end of 'memories': Total ops = 20, Real ops = 4, Vars = 15 (SOL-21)
# Info: Starting transformation 'cluster' on solution 'mult_add_pipeline.v12' (SOL-8)
# Info: Completed transformation 'cluster' on solution 'mult_add_pipeline.v12': elapsed time 0.01 seconds, memory usage 1380876kB, peak memory usage 1380876kB (SOL-9)
# Info: Design complexity at end of 'cluster': Total ops = 20, Real ops = 4, Vars = 15 (SOL-21)
# Info: Starting transformation 'architect' on solution 'mult_add_pipeline.v12' (SOL-8)
# Design 'mult_add_pipeline' contains '5' real operations. (SOL-11)
# Info: Completed transformation 'architect' on solution 'mult_add_pipeline.v12': elapsed time 0.03 seconds, memory usage 1380876kB, peak memory usage 1380876kB (SOL-9)
# Info: Design complexity at end of 'architect': Total ops = 22, Real ops = 5, Vars = 17 (SOL-21)
# Info: Starting transformation 'allocate' on solution 'mult_add_pipeline.v12' (SOL-8)
# Performing concurrent resource allocation and scheduling on '/mult_add_pipeline/core' (CRAAS-1)
# Info: Select qualified components for data operations ... (CRAAS-3)
# Info: Apply resource constraints on data operations ... (CRAAS-4)
# $PROJECT_HOME/src/mult_add_pipeline.cpp(8): Prescheduled LOOP '/mult_add_pipeline/core/main' (4 c-steps) (SCHD-7)
# $PROJECT_HOME/src/mult_add_pipeline.cpp(8): Prescheduled LOOP '/mult_add_pipeline/core/core:rlp' (1 c-steps) (SCHD-7)
# $PROJECT_HOME/src/mult_add_pipeline.cpp(8): Prescheduled SEQUENTIAL '/mult_add_pipeline/core' (total length 5 c-steps) (SCHD-8)
# Info: $PROJECT_HOME/src/mult_add_pipeline.cpp(8): Initial schedule of SEQUENTIAL '/mult_add_pipeline/core': Latency = 3, Area (Datapath, Register, Total) = 660.50, 0.00, 660.50 (CRAAS-11)
# At least one feasible schedule exists. (CRAAS-9)
# Info: $PROJECT_HOME/src/mult_add_pipeline.cpp(8): Final schedule of SEQUENTIAL '/mult_add_pipeline/core': Latency = 3, Area (Datapath, Register, Total) = 660.50, 0.00, 660.50 (CRAAS-12)
# Resource allocation and scheduling done. (CRAAS-2)
# Netlist written to file 'schedule.gnt' (NET-4)
# Info: Completed transformation 'allocate' on solution 'mult_add_pipeline.v12': elapsed time 0.06 seconds, memory usage 1380876kB, peak memory usage 1380876kB (SOL-9)
# Info: Design complexity at end of 'allocate': Total ops = 22, Real ops = 5, Vars = 17 (SOL-21)
# Info: Starting transformation 'schedule' on solution 'mult_add_pipeline.v12' (SOL-8)
# Performing concurrent resource allocation and scheduling on '/mult_add_pipeline/core' (CRAAS-1)
# Global signal 'a:rsc.rdy' added to design 'mult_add_pipeline' for component 'a:rsci' (LIB-3)
# Global signal 'a:rsc.vld' added to design 'mult_add_pipeline' for component 'a:rsci' (LIB-3)
# Global signal 'a:rsc.dat' added to design 'mult_add_pipeline' for component 'a:rsci' (LIB-3)
# Info: $PROJECT_HOME/src/mult_add_pipeline.cpp(15): Creating buffer for wait controller for component 'a:rsc' (SCHD-46)
# Global signal 'b:rsc.rdy' added to design 'mult_add_pipeline' for component 'b:rsci' (LIB-3)
# Global signal 'b:rsc.vld' added to design 'mult_add_pipeline' for component 'b:rsci' (LIB-3)
# Global signal 'b:rsc.dat' added to design 'mult_add_pipeline' for component 'b:rsci' (LIB-3)
# Info: $PROJECT_HOME/src/mult_add_pipeline.cpp(15): Creating buffer for wait controller for component 'b:rsc' (SCHD-46)
# Global signal 'c:rsc.rdy' added to design 'mult_add_pipeline' for component 'c:rsci' (LIB-3)
# Global signal 'c:rsc.vld' added to design 'mult_add_pipeline' for component 'c:rsci' (LIB-3)
# Global signal 'c:rsc.dat' added to design 'mult_add_pipeline' for component 'c:rsci' (LIB-3)
# Info: $PROJECT_HOME/src/mult_add_pipeline.cpp(16): Creating buffer for wait controller for component 'c:rsc' (SCHD-46)
# Global signal 'gain:rsc.dat' added to design 'mult_add_pipeline' for component 'gain:rsci' (LIB-3)
# Info: $PROJECT_HOME/src/mult_add_pipeline.cpp(11): Creating buffer for wait controller for component 'gain:rsc' (SCHD-46)
# Global signal 'gain_adjust:rsc.dat' added to design 'mult_add_pipeline' for component 'gain_adjust:rsci' (LIB-3)
# Info: $PROJECT_HOME/src/mult_add_pipeline.cpp(18): Creating buffer for wait controller for component 'gain_adjust:rsc' (SCHD-46)
# Global signal 'result:rsc.rdy' added to design 'mult_add_pipeline' for component 'result:rsci' (LIB-3)
# Global signal 'result:rsc.vld' added to design 'mult_add_pipeline' for component 'result:rsci' (LIB-3)
# Global signal 'result:rsc.dat' added to design 'mult_add_pipeline' for component 'result:rsci' (LIB-3)
# Global signal 'gain:rsc.triosy.lz' added to design 'mult_add_pipeline' for component 'gain:rsc.triosy:obj' (LIB-3)
# Global signal 'gain_adjust:rsc.triosy.lz' added to design 'mult_add_pipeline' for component 'gain_adjust:rsc.triosy:obj' (LIB-3)
# Info: $PROJECT_HOME/src/mult_add_pipeline.cpp(8): Loop '/mult_add_pipeline/core/main' is pipelined with initiation interval 1 and no flushing (SCHD-43)
# Report written to file 'cycle.rpt'
# Info: Completed transformation 'schedule' on solution 'mult_add_pipeline.v12': elapsed time 0.76 seconds, memory usage 1380876kB, peak memory usage 1380876kB (SOL-9)
# Info: Design complexity at end of 'schedule': Total ops = 320, Real ops = 57, Vars = 230 (SOL-21)
# Info: Starting transformation 'dpfsm' on solution 'mult_add_pipeline.v12' (SOL-8)
# Performing FSM extraction... (FSM-1)
# Info: Completed transformation 'dpfsm' on solution 'mult_add_pipeline.v12': elapsed time 0.17 seconds, memory usage 1380876kB, peak memory usage 1380876kB (SOL-9)
# Info: Design complexity at end of 'dpfsm': Total ops = 259, Real ops = 75, Vars = 215 (SOL-21)
# Info: Starting transformation 'instance' on solution 'mult_add_pipeline.v12' (SOL-8)
# Netlist written to file 'schematic.nlv' (NET-4)
# Info: Completed transformation 'instance' on solution 'mult_add_pipeline.v12': elapsed time 0.25 seconds, memory usage 1380876kB, peak memory usage 1380876kB (SOL-9)
# Info: Design complexity at end of 'instance': Total ops = 257, Real ops = 73, Vars = 249 (SOL-21)
# Info: Starting transformation 'extract' on solution 'mult_add_pipeline.v12' (SOL-8)
# Report written to file 'rtl.rpt'
# Generating scverify_top.cpp
# Netlist written to file 'rtl.vhdl' (NET-4)
# generate concat
# order file name is: rtl.vhdl_order.txt
# Add dependent file: /tools/Siemens_EDA/Catapult/2021.1/Mgc_home/pkgs/siflibs/ccs_in_wait_v1.vhd
# Add dependent file: /tools/Siemens_EDA/Catapult/2021.1/Mgc_home/pkgs/siflibs/ccs_out_wait_v1.vhd
# Add dependent file: /tools/Siemens_EDA/Catapult/2021.1/Mgc_home/pkgs/siflibs/mgc_io_sync_v2.vhd
# Add dependent file: /tools/Siemens_EDA/Catapult/2021.1/Mgc_home/pkgs/siflibs/ccs_in_v1.vhd
# Add dependent file: ./rtl.vhdl
# Finished writing concatenated file: /home/alumnes/s/serik.perez/hdd/lab6/Catapult_1/mult_add_pipeline.v12/concat_rtl.vhdl
# order file name is: rtl.vhdl_order_sim.txt
# Add dependent file: /tools/Siemens_EDA/Catapult/2021.1/Mgc_home/pkgs/siflibs/ccs_in_wait_v1.vhd
# Add dependent file: /tools/Siemens_EDA/Catapult/2021.1/Mgc_home/pkgs/siflibs/ccs_out_wait_v1.vhd
# Add dependent file: /tools/Siemens_EDA/Catapult/2021.1/Mgc_home/pkgs/siflibs/mgc_io_sync_v2.vhd
# Add dependent file: /tools/Siemens_EDA/Catapult/2021.1/Mgc_home/pkgs/siflibs/ccs_in_v1.vhd
# Add dependent file: ./rtl.vhdl
# Finished writing concatenated simulation file: /home/alumnes/s/serik.perez/hdd/lab6/Catapult_1/mult_add_pipeline.v12/concat_sim_rtl.vhdl
# Generating SCVerify testbench files
# Makefile for RTL VHDL output 'rtl.vhdl' vs Untimed C++ written to file './scverify/Verify_rtl_vhdl_msim.mk'
# Info: Intel Quartus synthesis script written to '/home/alumnes/s/serik.perez/hdd/lab6/Catapult_1/mult_add_pipeline.v12/quartus_vhdl/rtl.vhdl.aq'
# Info: Intel Quartus synthesis script written to '/home/alumnes/s/serik.perez/hdd/lab6/Catapult_1/mult_add_pipeline.v12/quartus_concat_vhdl/concat_rtl.vhdl.aq'
# Makefile for Concat RTL VHDL output 'concat_sim_rtl.vhdl' vs Untimed C++ written to file './scverify/Verify_concat_sim_rtl_vhdl_msim.mk'
# Netlist written to file 'rtl.v' (NET-4)
# generate concat
# order file name is: rtl.v_order.txt
# Add dependent file: /tools/Siemens_EDA/Catapult/2021.1/Mgc_home/pkgs/siflibs/ccs_in_wait_v1.v
# Add dependent file: /tools/Siemens_EDA/Catapult/2021.1/Mgc_home/pkgs/siflibs/ccs_out_wait_v1.v
# Add dependent file: /tools/Siemens_EDA/Catapult/2021.1/Mgc_home/pkgs/siflibs/mgc_io_sync_v2.v
# Add dependent file: /tools/Siemens_EDA/Catapult/2021.1/Mgc_home/pkgs/siflibs/ccs_in_v1.v
# Add dependent file: ./rtl.v
# Finished writing concatenated file: /home/alumnes/s/serik.perez/hdd/lab6/Catapult_1/mult_add_pipeline.v12/concat_rtl.v
# order file name is: rtl.v_order_sim.txt
# Add dependent file: /tools/Siemens_EDA/Catapult/2021.1/Mgc_home/pkgs/siflibs/ccs_in_wait_v1.v
# Add dependent file: /tools/Siemens_EDA/Catapult/2021.1/Mgc_home/pkgs/siflibs/ccs_out_wait_v1.v
# Add dependent file: /tools/Siemens_EDA/Catapult/2021.1/Mgc_home/pkgs/siflibs/mgc_io_sync_v2.v
# Add dependent file: /tools/Siemens_EDA/Catapult/2021.1/Mgc_home/pkgs/siflibs/ccs_in_v1.v
# Add dependent file: ./rtl.v
# Finished writing concatenated simulation file: /home/alumnes/s/serik.perez/hdd/lab6/Catapult_1/mult_add_pipeline.v12/concat_sim_rtl.v
# Makefile for RTL Verilog output 'rtl.v' vs Untimed C++ written to file './scverify/Verify_rtl_v_msim.mk'
# Info: Intel Quartus synthesis script written to '/home/alumnes/s/serik.perez/hdd/lab6/Catapult_1/mult_add_pipeline.v12/quartus_v/rtl.v.aq'
# Info: Intel Quartus synthesis script written to '/home/alumnes/s/serik.perez/hdd/lab6/Catapult_1/mult_add_pipeline.v12/quartus_concat_v/concat_rtl.v.aq'
# Makefile for Concat RTL Verilog output 'concat_sim_rtl.v' vs Untimed C++ written to file './scverify/Verify_concat_sim_rtl_v_msim.mk'
# Info: Completed transformation 'extract' on solution 'mult_add_pipeline.v12': elapsed time 1.61 seconds, memory usage 1380876kB, peak memory usage 1380876kB (SOL-9)
# Info: Design complexity at end of 'extract': Total ops = 257, Real ops = 73, Vars = 216 (SOL-21)
flow run /SCVerify/launch_make ./scverify/Verify_concat_sim_rtl_v_msim.mk {} SIMTOOL=msim simgui
# Making './scverify/Verify_concat_sim_rtl_v_msim.mk {} SIMTOOL=msim simgui'
# Make utility invoked from '/home/alumnes/s/serik.perez/hdd/lab6/Catapult_1/mult_add_pipeline.v12'
#     /tools/Siemens_EDA/Catapult/2021.1/Mgc_home/bin/make -f ./scverify/Verify_concat_sim_rtl_v_msim.mk SIMTOOL=msim build < "/dev/null" (BASIC-15)
# /tools/Siemens_EDA/Catapult/2021.1/Mgc_home//shared/include/mkfiles/ccs_questasim.mk:169: Warning: Using QuestaSim on Ubuntu requires -B/usr/bin link argument
# ============================================
# Creating simulation directory 'scverify/concat_sim_rtl_v_msim'
# mkdir -p scverify/concat_sim_rtl_v_msim
# ============================================
# Setting up default modelsim.ini file from '/tools/Siemens_EDA/questasim/2021.3/questasim/bin/../modelsim.ini'
# cat "/tools/Siemens_EDA/questasim/2021.3/questasim/bin/../modelsim.ini" >scverify/concat_sim_rtl_v_msim/modelsim.ini
# ============================================
# Creating physical library 'scverify/concat_sim_rtl_v_msim/work'
# /tools/Siemens_EDA/questasim/2021.3/questasim/bin/vlib scverify/concat_sim_rtl_v_msim/work
# ============================================
# Mapping logical library 'work' to physical path '$SCVLIBS/scverify/concat_sim_rtl_v_msim/work'
# /tools/Siemens_EDA/questasim/2021.3/questasim/bin/vmap work \$SCVLIBS/scverify/concat_sim_rtl_v_msim/work
# QuestaSim-64 vmap 2021.3_2 Lib Mapping Utility 2021.09 Sep 10 2021
# vmap work $SCVLIBS/scverify/concat_sim_rtl_v_msim/work 
# Modifying scverify/concat_sim_rtl_v_msim/modelsim.ini
# ============================================
# Creating Questa SIM wave TCL file 'scverify/concat_sim_rtl_v_msim/scverify_msim_wave.tcl' from 'scverify/ccs_wave_signals.dat'
# /tools/Siemens_EDA/Catapult/2021.1/Mgc_home//bin/tclsh8.5 /tools/Siemens_EDA/Catapult/2021.1/Mgc_home//pkgs/sif/userware/En_na/flows/app_questasim.flo create_wave_script ./Catapult_1/mult_add_pipeline.v12/scverify/ccs_wave_signals.dat scverify/concat_sim_rtl_v_msim/scverify_msim_wave.tcl ./Catapult_1/mult_add_pipeline.v12/.dut_inst_info.tcl ./Catapult_1/mult_add_pipeline.v12/.qwave_signal 
# app_questasim.flo - Executing command 'create_wave_script ./Catapult_1/mult_add_pipeline.v12/scverify/ccs_wave_signals.dat scverify/concat_sim_rtl_v_msim/scverify_msim_wave.tcl ./Catapult_1/mult_add_pipeline.v12/.dut_inst_info.tcl ./Catapult_1/mult_add_pipeline.v12/.qwave_signal'...
# Wrote Questa SIM waveform creation script to 'scverify/concat_sim_rtl_v_msim/scverify_msim_wave.tcl'
# ============================================
# Compiling Verilog file: concat_sim_rtl.v
# /tools/Siemens_EDA/questasim/2021.3/questasim/bin/vlog -work work     concat_sim_rtl.v
# QuestaSim-64 vlog 2021.3_2 Compiler 2021.09 Sep 10 2021
# Start time: 17:47:19 on Apr 23,2026
# vlog -work work concat_sim_rtl.v 
# -- Compiling module ccs_in_wait_v1
# -- Compiling module ccs_out_wait_v1
# -- Compiling module mgc_io_sync_v2
# -- Compiling module ccs_in_v1
# -- Compiling module mult_add_pipeline_core_core_fsm
# -- Compiling module mult_add_pipeline_core_staller
# -- Compiling module mult_add_pipeline_core_gain_adjust_rsc_triosy_obj_gain_adjust_rsc_triosy_wait_ctrl
# -- Compiling module mult_add_pipeline_core_gain_rsc_triosy_obj_gain_rsc_triosy_wait_ctrl
# -- Compiling module mult_add_pipeline_core_result_rsci_result_wait_dp
# -- Compiling module mult_add_pipeline_core_result_rsci_result_wait_ctrl
# -- Compiling module mult_add_pipeline_core_c_rsci_c_wait_dp
# -- Compiling module mult_add_pipeline_core_c_rsci_c_wait_ctrl
# -- Compiling module mult_add_pipeline_core_b_rsci_b_wait_dp
# -- Compiling module mult_add_pipeline_core_b_rsci_b_wait_ctrl
# -- Compiling module mult_add_pipeline_core_a_rsci_a_wait_dp
# -- Compiling module mult_add_pipeline_core_a_rsci_a_wait_ctrl
# -- Compiling module mult_add_pipeline_core_gain_adjust_rsc_triosy_obj
# -- Compiling module mult_add_pipeline_core_gain_rsc_triosy_obj
# -- Compiling module mult_add_pipeline_core_result_rsci
# -- Compiling module mult_add_pipeline_core_c_rsci
# -- Compiling module mult_add_pipeline_core_b_rsci
# -- Compiling module mult_add_pipeline_core_a_rsci
# -- Compiling module mult_add_pipeline_core
# -- Compiling module mult_add_pipeline
# 
# Top level modules:
# 	mult_add_pipeline
# End time: 17:47:19 on Apr 23,2026, Elapsed time: 0:00:00
# Errors: 0, Warnings: 0
# ============================================
# Compiling C++ file: ../../src/mult_add_pipeline.cpp
# /tools/Siemens_EDA/questasim/2021.3/questasim/bin/sccom -g -x c++ -Wall -Wno-unused-label -Wno-unknown-pragmas -DCCS_SCVERIFY_USE_CCS_BLOCK -DCCS_DUT_RTL -DCCS_DUT_VERILOG -DCCS_SCVERIFY -DSC_INCLUDE_DYNAMIC_PROCESSES -DSC_USE_STD_STRING -DTOP_HDL_ENTITY=mult_add_pipeline -DCCS_DESIGN_FUNC_mult_add_pipeline -DCCS_DESIGN_TOP_mult_add_pipeline -DCCS_MISMATCHED_OUTPUTS_ONLY  -DDEADLOCK_DETECTION -I./scverify -I. -I../.. -I./scverify -I. -I../.. -I/tools/Siemens_EDA/Catapult/2021.1/Mgc_home//shared/include -I/tools/Siemens_EDA/Catapult/2021.1/Mgc_home//pkgs/hls_pkgs/src -I/tools/Siemens_EDA/Catapult/2021.1/Mgc_home//pkgs/siflibs -I/tools/Siemens_EDA/Catapult/2021.1/Mgc_home//pkgs/hls_pkgs/mgc_comps_src -DUSE_STD_STRING -DSC_INCLUDE_MTI_AC  -c ../../src/mult_add_pipeline.cpp
# Start time: 17:47:19 on Apr 23,2026
# 
# QuestaSim-64 sccom 2021.3_2 compiler 2021.09 Sep 10 2021
# End time: 17:47:20 on Apr 23,2026, Elapsed time: 0:00:01
# Errors: 0, Warnings: 0
# ============================================
# Compiling C++ file: ../../src/tb.cpp
# /tools/Siemens_EDA/questasim/2021.3/questasim/bin/sccom -g -x c++ -Wall -Wno-unused-label -Wno-unknown-pragmas -DCCS_SCVERIFY_USE_CCS_BLOCK -DCCS_DUT_RTL -DCCS_DUT_VERILOG -DCCS_SCVERIFY -DSC_INCLUDE_DYNAMIC_PROCESSES -DSC_USE_STD_STRING -DTOP_HDL_ENTITY=mult_add_pipeline -DCCS_DESIGN_FUNC_mult_add_pipeline -DCCS_DESIGN_TOP_mult_add_pipeline -DCCS_MISMATCHED_OUTPUTS_ONLY  -DDEADLOCK_DETECTION -I./scverify -I. -I../.. -I./scverify -I. -I../.. -I/tools/Siemens_EDA/Catapult/2021.1/Mgc_home//shared/include -I/tools/Siemens_EDA/Catapult/2021.1/Mgc_home//pkgs/hls_pkgs/src -I/tools/Siemens_EDA/Catapult/2021.1/Mgc_home//pkgs/siflibs -I/tools/Siemens_EDA/Catapult/2021.1/Mgc_home//pkgs/hls_pkgs/mgc_comps_src -DUSE_STD_STRING -DSC_INCLUDE_MTI_AC  -c ../../src/tb.cpp
# Start time: 17:47:20 on Apr 23,2026
# 
# QuestaSim-64 sccom 2021.3_2 compiler 2021.09 Sep 10 2021
# 
# ../../src/tb.cpp: In member function 'int testbench::main()':
# ../../src/tb.cpp:23:9: warning: unused variable 'gain_ref' [-Wunused-variable]
#    float gain_ref = 0.5;
#          ^~~~~~~~
# End time: 17:47:20 on Apr 23,2026, Elapsed time: 0:00:00
# Errors: 0, Warnings: 0
# ============================================
# Compiling C++ file: ../../src/mult_add_pipeline_ref.cpp
# /tools/Siemens_EDA/questasim/2021.3/questasim/bin/sccom -g -x c++ -Wall -Wno-unused-label -Wno-unknown-pragmas -DCCS_SCVERIFY_USE_CCS_BLOCK -DCCS_DUT_RTL -DCCS_DUT_VERILOG -DCCS_SCVERIFY -DSC_INCLUDE_DYNAMIC_PROCESSES -DSC_USE_STD_STRING -DTOP_HDL_ENTITY=mult_add_pipeline -DCCS_DESIGN_FUNC_mult_add_pipeline -DCCS_DESIGN_TOP_mult_add_pipeline -DCCS_MISMATCHED_OUTPUTS_ONLY  -DDEADLOCK_DETECTION -I./scverify -I. -I../.. -I./scverify -I. -I../.. -I/tools/Siemens_EDA/Catapult/2021.1/Mgc_home//shared/include -I/tools/Siemens_EDA/Catapult/2021.1/Mgc_home//pkgs/hls_pkgs/src -I/tools/Siemens_EDA/Catapult/2021.1/Mgc_home//pkgs/siflibs -I/tools/Siemens_EDA/Catapult/2021.1/Mgc_home//pkgs/hls_pkgs/mgc_comps_src -DUSE_STD_STRING -DSC_INCLUDE_MTI_AC  -c ../../src/mult_add_pipeline_ref.cpp
# Start time: 17:47:20 on Apr 23,2026
# 
# QuestaSim-64 sccom 2021.3_2 compiler 2021.09 Sep 10 2021
# End time: 17:47:21 on Apr 23,2026, Elapsed time: 0:00:01
# Errors: 0, Warnings: 0
# ============================================
# Compiling C++ file: scverify/mc_testbench.cpp
# /tools/Siemens_EDA/questasim/2021.3/questasim/bin/sccom -g -x c++ -Wall -Wno-unused-label -Wno-unknown-pragmas -DCCS_SCVERIFY_USE_CCS_BLOCK -DCCS_DUT_RTL -DCCS_DUT_VERILOG -DCCS_SCVERIFY -DSC_INCLUDE_DYNAMIC_PROCESSES -DSC_USE_STD_STRING -DTOP_HDL_ENTITY=mult_add_pipeline -DCCS_DESIGN_FUNC_mult_add_pipeline -DCCS_DESIGN_TOP_mult_add_pipeline -DCCS_MISMATCHED_OUTPUTS_ONLY  -DDEADLOCK_DETECTION -I./scverify -I. -I../.. -I./scverify -I. -I../.. -I/tools/Siemens_EDA/Catapult/2021.1/Mgc_home//shared/include -I/tools/Siemens_EDA/Catapult/2021.1/Mgc_home//pkgs/hls_pkgs/src -I/tools/Siemens_EDA/Catapult/2021.1/Mgc_home//pkgs/siflibs -I/tools/Siemens_EDA/Catapult/2021.1/Mgc_home//pkgs/hls_pkgs/mgc_comps_src -DUSE_STD_STRING -DSC_INCLUDE_MTI_AC  -c scverify/mc_testbench.cpp
# Start time: 17:47:21 on Apr 23,2026
# 
# QuestaSim-64 sccom 2021.3_2 compiler 2021.09 Sep 10 2021
# End time: 17:47:22 on Apr 23,2026, Elapsed time: 0:00:01
# Errors: 0, Warnings: 0
# ============================================
# Compiling C++ file: scverify/scverify_top.cpp
# /tools/Siemens_EDA/questasim/2021.3/questasim/bin/sccom -g -x c++ -Wall -Wno-unused-label -Wno-unknown-pragmas -DCCS_SCVERIFY_USE_CCS_BLOCK -DCCS_DUT_RTL -DCCS_DUT_VERILOG -DCCS_SCVERIFY -DSC_INCLUDE_DYNAMIC_PROCESSES -DSC_USE_STD_STRING -DTOP_HDL_ENTITY=mult_add_pipeline -DCCS_DESIGN_FUNC_mult_add_pipeline -DCCS_DESIGN_TOP_mult_add_pipeline -DCCS_MISMATCHED_OUTPUTS_ONLY  -DDEADLOCK_DETECTION -I./scverify -I. -I../.. -I./scverify -I. -I../.. -I/tools/Siemens_EDA/Catapult/2021.1/Mgc_home//shared/include -I/tools/Siemens_EDA/Catapult/2021.1/Mgc_home//pkgs/hls_pkgs/src -I/tools/Siemens_EDA/Catapult/2021.1/Mgc_home//pkgs/siflibs -I/tools/Siemens_EDA/Catapult/2021.1/Mgc_home//pkgs/hls_pkgs/mgc_comps_src -DUSE_STD_STRING -DSC_INCLUDE_MTI_AC  -c scverify/scverify_top.cpp
# Start time: 17:47:22 on Apr 23,2026
# 
# QuestaSim-64 sccom 2021.3_2 compiler 2021.09 Sep 10 2021
# 
# Exported modules:
# 	scverify_top
# ** Warning: (sccom-6102) The object "_data" is not debuggable. (/tools/Siemens_EDA/Catapult/2021.1/Mgc_home//shared/include/mc_monitor.h, 144)
# End time: 17:47:26 on Apr 23,2026, Elapsed time: 0:00:04
# Errors: 0, Warnings: 1
# ============================================
# Linking executable
# /tools/Siemens_EDA/questasim/2021.3/questasim/bin/sccom -link   
# sccom -link 
# Start time: 17:47:26 on Apr 23,2026
# 
# QuestaSim-64 sccom 2021.3_2 compiler 2021.09 Sep 10 2021
# End time: 17:47:27 on Apr 23,2026, Elapsed time: 0:00:01
# Errors: 0, Warnings: 0
# ============================================
# Optimizing design: scverify_top
# cd ../..; /tools/Siemens_EDA/questasim/2021.3/questasim/bin/vopt +acc=npr    -L "./Catapult_1/mult_add_pipeline.v12/scverify/concat_sim_rtl_v_msim/work"   scverify_top  -o scverify_top_opt
# QuestaSim-64 vopt 2021.3_2 Compiler 2021.09 Sep 10 2021
# Start time: 17:47:27 on Apr 23,2026
# vopt "+acc=npr" -L ./Catapult_1/mult_add_pipeline.v12/scverify/concat_sim_rtl_v_msim/work scverify_top -o scverify_top_opt 
# 
# Top level modules:
# 	scverify_top
# 
# Analyzing design...
# -- Loading shared library /home/alumnes/s/serik.perez/hdd/lab6/Catapult_1/mult_add_pipeline.v12/scverify/concat_sim_rtl_v_msim/work/_sc/linux_x86_64_gcc-7.4.0/systemc.so
# -- Loading systemc module /home/alumnes/s/serik.perez/hdd/lab6/Catapult_1/mult_add_pipeline.v12/scverify/concat_sim_rtl_v_msim/work.scverify_top
# Info: CCS_CLK_CTOR: Clock 'clk' - Using default clock period '8 ns'
# -- Loading module mult_add_pipeline
# -- Loading module mult_add_pipeline_core
# -- Loading module ccs_in_v1
# -- Loading module mult_add_pipeline_core_a_rsci
# -- Loading module ccs_in_wait_v1
# -- Loading module mult_add_pipeline_core_a_rsci_a_wait_ctrl
# -- Loading module mult_add_pipeline_core_a_rsci_a_wait_dp
# -- Loading module mult_add_pipeline_core_b_rsci
# -- Loading module mult_add_pipeline_core_b_rsci_b_wait_ctrl
# -- Loading module mult_add_pipeline_core_b_rsci_b_wait_dp
# -- Loading module mult_add_pipeline_core_c_rsci
# -- Loading module mult_add_pipeline_core_c_rsci_c_wait_ctrl
# -- Loading module mult_add_pipeline_core_c_rsci_c_wait_dp
# -- Loading module mult_add_pipeline_core_result_rsci
# -- Loading module ccs_out_wait_v1
# -- Loading module mult_add_pipeline_core_result_rsci_result_wait_ctrl
# -- Loading module mult_add_pipeline_core_result_rsci_result_wait_dp
# -- Loading module mult_add_pipeline_core_gain_rsc_triosy_obj
# -- Loading module mgc_io_sync_v2
# -- Loading module mult_add_pipeline_core_gain_rsc_triosy_obj_gain_rsc_triosy_wait_ctrl
# -- Loading module mult_add_pipeline_core_gain_adjust_rsc_triosy_obj
# -- Loading module mult_add_pipeline_core_gain_adjust_rsc_triosy_obj_gain_adjust_rsc_triosy_wait_ctrl
# -- Loading module mult_add_pipeline_core_staller
# -- Loading module mult_add_pipeline_core_core_fsm
# Optimizing 27 design-units (inlining 0/28 module instances, 0/23 systemc instances):
# -- Optimizing module mult_add_pipeline_core(fast)
# -- Optimizing module mult_add_pipeline_core_a_rsci_a_wait_dp(fast)
# -- Optimizing module mult_add_pipeline_core_b_rsci_b_wait_dp(fast)
# -- Optimizing module mult_add_pipeline_core_c_rsci_c_wait_dp(fast)
# -- Optimizing module mult_add_pipeline(fast)
# -- Optimizing module mult_add_pipeline_core_result_rsci(fast)
# -- Optimizing module mult_add_pipeline_core_a_rsci(fast)
# -- Optimizing module mult_add_pipeline_core_b_rsci(fast)
# -- Optimizing module mult_add_pipeline_core_c_rsci(fast)
# -- Optimizing module mult_add_pipeline_core_core_fsm(fast)
# -- Optimizing module mult_add_pipeline_core_result_rsci_result_wait_dp(fast)
# -- Optimizing module mult_add_pipeline_core_staller(fast)
# -- Optimizing module ccs_in_wait_v1(fast)
# -- Optimizing module ccs_in_wait_v1(fast__1)
# -- Optimizing module ccs_in_wait_v1(fast__2)
# -- Optimizing module ccs_out_wait_v1(fast)
# -- Optimizing module mult_add_pipeline_core_a_rsci_a_wait_ctrl(fast)
# -- Optimizing module mult_add_pipeline_core_b_rsci_b_wait_ctrl(fast)
# -- Optimizing module mult_add_pipeline_core_c_rsci_c_wait_ctrl(fast)
# -- Optimizing module mult_add_pipeline_core_result_rsci_result_wait_ctrl(fast)
# -- Optimizing module mult_add_pipeline_core_gain_rsc_triosy_obj(fast)
# -- Optimizing module mult_add_pipeline_core_gain_adjust_rsc_triosy_obj(fast)
# -- Optimizing module ccs_in_v1(fast)
# -- Optimizing module ccs_in_v1(fast__1)
# -- Optimizing module mult_add_pipeline_core_gain_rsc_triosy_obj_gain_rsc_triosy_wait_ctrl(fast)
# -- Optimizing module mult_add_pipeline_core_gain_adjust_rsc_triosy_obj_gain_adjust_rsc_triosy_wait_ctrl(fast)
# -- Optimizing module mgc_io_sync_v2(fast)
# Optimized design name is scverify_top_opt
# End time: 17:47:27 on Apr 23,2026, Elapsed time: 0:00:00
# Errors: 0, Warnings: 0, Suppressed Warnings: 1
#     /tools/Siemens_EDA/Catapult/2021.1/Mgc_home/bin/make -f ./scverify/Verify_concat_sim_rtl_v_msim.mk SIMTOOL=msim simgui < "/dev/null" (BASIC-15)
# Launching web browser to open https://eda.sw.siemens.com/en-US/ic/ic-design/high-level-synthesis-and-verification-platform/
quit
# Saving project file '/home/alumnes/s/serik.perez/hdd/lab6/Catapult_1.ccs'. (PRJ-5)
// Finish time Thu Apr 23 17:56:13 2026, time elapsed 34:21, peak memory 1.32GB, exit status 0
