Time,F1,F2,F1 + F2
0,0,1,0
0.0001,0.218143241396542,0.951056516295153,0.109071620698271
0.0002,0.425779291565073,0.809016994374947,0.212889645782536
0.0003,0.612907053652976,0.587785252292473,0.306453526826488
0.0004,0.770513242775789,0.309016994374947,0.385256621387895
0.0005,0.891006524188368,6.12323399573677E-17,0.445503262094184
0.0006,0.968583161128631,-0.309016994374947,0.484291580564316
0.0007,0.999506560365731,-0.587785252292473,0.499753280182866
0.0008,0.982287250728689,-0.809016994374948,0.491143625364344
0.0009,0.917754625683981,-0.951056516295154,0.458877312841991
0.001,0.809016994374947,-1,0.404508497187474
0.0011,0.661311865323652,-0.951056516295153,0.330655932661826
0.0012,0.481753674101715,-0.809016994374947,0.240876837050857
0.0013,0.278991106039229,-0.587785252292473,0.139495553019614
0.0014,0.0627905195293127,-0.309016994374947,0.0313952597646563
0.0015,-0.156434465040232,7.04481399828022E-16,-0.0782172325201158
0.0016,-0.368124552684679,0.309016994374948,-0.184062276342339
0.0017,-0.562083377852131,0.587785252292474,-0.281041688926066
0.0018,-0.728968627421412,0.809016994374948,-0.364484313710706
0.0019,-0.860742027003944,0.951056516295154,-0.430371013501972
0.002,-0.951056516295154,1,-0.475528258147577
0.0021,-0.99556196460308,0.951056516295153,-0.49778098230154
0.0022,-0.992114701314478,0.809016994374947,-0.496057350657239
0.0023,-0.940880768954226,0.587785252292474,-0.470440384477113
0.0024,-0.844327925502016,0.309016994374949,-0.422163962751008
0.0025,-0.707106781186548,2.08251853918709E-15,-0.353553390593274
0.0026,-0.535826794978999,-0.309016994374945,-0.267913397489499
0.0027,-0.338737920245294,-0.58778525229247,-0.169368960122647
0.0028,-0.125333233564307,-0.809016994374945,-0.0626666167821537
0.0029,0.0941083133185109,-0.951056516295152,0.0470541566592554
0.003,0.309016994374944,-1,0.154508497187472
0.0031,0.509041415750368,-0.951056516295155,0.254520707875184
0.0032,0.684547105928685,-0.809016994374951,0.342273552964343
0.0033,0.827080574274559,-0.587785252292478,0.41354028713728
0.0034,0.92977648588825,-0.309016994374955,0.464888242944125
0.0035,0.987688340595137,-7.53405373730257E-15,0.493844170297568
0.0036,0.998026728428272,0.30901699437494,0.499013364214136
0.0037,0.960293685676945,0.587785252292466,0.480146842838473
0.0038,0.876306680043867,0.809016994374942,0.438153340021933
0.0039,0.750111069630465,0.951056516295151,0.375055534815232
0.004,0.587785252292479,1,0.29389262614624
0.0041,0.397147890634787,0.951056516295156,0.198573945317393
0.0042,0.187381314585731,0.809016994374952,0.0936906572928655
0.0043,-0.0314107590781242,0.587785252292479,-0.0157053795390621
0.0044,-0.248689887164851,0.309016994374953,-0.124344943582426
0.0045,-0.453990499739544,5.88016157781706E-15,-0.226995249869772
0.0046,-0.637423989748688,-0.309016994374943,-0.318711994874344
0.0047,-0.790155012375689,-0.58778525229247,-0.395077506187845
0.0048,-0.904827052466019,-0.809016994374946,-0.452413526233009
0.0049,-0.975916761938747,-0.951056516295153,-0.487958380969374
0.005,-1,-1,-0.5
0.0051,-0.975916761938747,-0.951056516295153,-0.487958380969374
0.0052,-0.904827052466019,-0.809016994374948,-0.45241352623301
0.0053,-0.79015501237569,-0.587785252292472,-0.395077506187845
0.0054,-0.637423989748688,-0.309016994374945,-0.318711994874344
0.0055,-0.453990499739545,1.10280109986921E-15,-0.226995249869772
0.0056,-0.248689887164852,0.30901699437495,-0.124344943582426
0.0057,-0.031410759078125,0.587785252292477,-0.0157053795390625
0.0058,0.187381314585728,0.809016994374951,0.0936906572928642
0.0059,0.397147890634785,0.951056516295155,0.198573945317392
0.006,0.587785252292477,1,0.293892626146238
0.0061,0.750111069630463,0.951056516295151,0.375055534815231
0.0062,0.876306680043866,0.809016994374942,0.438153340021933
0.0063,0.960293685676945,0.587785252292467,0.480146842838472
0.0064,0.998026728428272,0.309016994374938,0.499013364214136
0.0065,0.987688340595136,-1.1638477456356E-14,0.493844170297568
0.0066,0.929776485888248,-0.309016994374957,0.464888242944124
0.0067,0.827080574274557,-0.587785252292483,0.413540287137278
0.0068,0.684547105928682,-0.809016994374955,0.342273552964341
0.00690000000000001,0.509041415750363,-0.951056516295158,0.254520707875182
0.00700000000000001,0.309016994374938,-1,0.154508497187469
0.00710000000000001,0.0941083133185038,-0.951056516295149,0.0470541566592519
0.00720000000000001,-0.125333233564315,-0.809016994374937,-0.0626666167821576
0.00730000000000001,-0.338737920245301,-0.587785252292458,-0.16936896012265
0.00740000000000001,-0.535826794979005,-0.309016994374931,-0.267913397489503
0.00750000000000001,-0.707106781186555,1.86214401340422E-14,-0.353553390593278
0.00760000000000001,-0.844327925502021,0.309016994374967,-0.422163962751011
0.00770000000000001,-0.94088076895423,0.587785252292488,-0.470440384477115
0.00780000000000001,-0.99211470131448,0.809016994374959,-0.49605735065724
0.00790000000000001,-0.995561964603078,0.95105651629516,-0.497780982301539
0.00800000000000001,-0.951056516295149,1,-0.475528258147575
0.00810000000000001,-0.860742027003938,0.951056516295148,-0.430371013501969
0.00820000000000001,-0.728968627421404,0.809016994374938,-0.364484313710702
0.0083,-0.562083377852124,0.587785252292461,-0.281041688926062
0.0084,-0.36812455268467,0.309016994374935,-0.184062276342335
0.0085,-0.156434465040225,-1.13935480965265E-14,-0.0782172325201127
0.0086,0.0627905195293194,-0.309016994374957,0.0313952597646597
0.0087,0.278991106039232,-0.587785252292479,0.139495553019616
0.0088,0.481753674101718,-0.809016994374951,0.240876837050859
0.0089,0.661311865323652,-0.951056516295154,0.330655932661826
0.009,0.809016994374948,-1,0.404508497187474
0.0091,0.91775462568398,-0.951056516295154,0.45887731284199
0.0092,0.982287250728688,-0.80901699437495,0.491143625364344
0.0093,0.999506560365732,-0.587785252292478,0.499753280182866
0.0094,0.968583161128632,-0.309016994374955,0.484291580564316
0.0095,0.891006524188371,-1.00451986561912E-14,0.445503262094185
0.0096,0.770513242775793,0.309016994374936,0.385256621387897
0.0097,0.612907053652984,0.587785252292462,0.306453526826492
0.0098,0.425779291565084,0.809016994374938,0.212889645782542
0.0099,0.218143241396554,0.951056516295148,0.109071620698277
0.01,1.50681074746052E-14,1,7.53405373730257E-15
0.0101,-0.218143241396528,0.95105651629516,-0.109071620698264
0.0102,-0.425779291565057,0.809016994374963,-0.212889645782528
0.0103,-0.612907053652963,0.587785252292493,-0.306453526826481
0.0104,-0.770513242775776,0.309016994374976,-0.385256621387888
0.0105,-0.891006524188359,2.79312317301085E-14,-0.44550326209418
0.0106,-0.968583161128625,-0.309016994374916,-0.484291580564313
0.0107,-0.999506560365731,-0.587785252292448,-0.499753280182865
0.0108,-0.982287250728693,-0.809016994374926,-0.491143625364347
0.0109,-0.917754625683991,-0.951056516295143,-0.458877312841995
0.011,-0.809016994374964,-1,-0.404508497187482
0.0111,-0.661311865323672,-0.951056516295166,-0.330655932661836
0.0112,-0.481753674101742,-0.809016994374973,-0.240876837050871
0.0113,-0.278991106039258,-0.587785252292507,-0.139495553019629
0.0114,-0.0627905195293459,-0.309016994374993,-0.0313952597646729
0.0115,0.156434465040196,-4.58172648040257E-14,0.0782172325200978
0.0116,0.368124552684645,0.309016994374899,0.184062276342323
0.0117,0.562083377852099,0.587785252292433,0.281041688926049
0.0118,0.728968627421386,0.809016994374915,0.364484313710693
0.0119,0.860742027003923,0.951056516295137,0.430371013501962
0.012,0.951056516295141,1,0.475528258147571
0.0121,0.995561964603076,0.951056516295171,0.497780982301538
0.0122,0.992114701314483,0.809016994374984,0.496057350657242
0.0123,0.940880768954241,0.587785252292522,0.47044038447712
0.0124,0.844327925502039,0.30901699437501,0.42216396275102
0.0125,0.707106781186582,6.3703297877943E-14,0.353553390593291
0.0126,0.535826794979037,-0.309016994374882,0.267913397489518
0.0127,0.338737920245339,-0.587785252292413,0.16936896012267
0.0128,0.125333233564354,-0.809016994374905,0.062666616782177
0.0129,-0.0941083133184614,-0.951056516295129,-0.0470541566592307
0.013,-0.309016994374894,-1,-0.154508497187447
0.0131,-0.509041415750323,-0.951056516295179,-0.254520707875162
0.0132,-0.684547105928646,-0.809016994374994,-0.342273552964323
0.0133,-0.827080574274529,-0.587785252292542,-0.413540287137265
0.0134,-0.929776485888229,-0.309016994375027,-0.464888242944114
0.0135,-0.987688340595128,-8.86947583094612E-14,-0.493844170297564
0.0136,-0.998026728428276,0.309016994374865,-0.499013364214138
0.0137,-0.960293685676961,0.587785252292399,-0.48014684283848
0.0138,-0.876306680043895,0.809016994374894,-0.438153340021948
0.0139,-0.750111069630503,0.951056516295124,-0.375055534815251
0.014,-0.587785252292529,1,-0.293892626146264
0.0141,-0.397147890634843,0.951056516295184,-0.198573945317422
0.0142,-0.187381314585795,0.809016994375005,-0.0936906572928973
0.0143,0.0314107590780576,0.587785252292557,0.0157053795390288
0.0144,0.248689887164783,0.309016994375044,0.124344943582392
0.0145,0.453990499739482,1.06580791383378E-13,0.226995249869741
0.0146,0.637423989748634,-0.309016994374848,0.318711994874317
0.0147,0.790155012375644,-0.587785252292384,0.395077506187822
0.0148,0.904827052465986,-0.809016994374884,0.452413526232993
0.0149,0.97591676193873,-0.951056516295119,0.487958380969365
0.015,1,-1,0.5
0.0151,0.975916761938765,-0.95105651629519,0.487958380969382
0.0152,0.904827052466055,-0.809016994375019,0.452413526233028
0.0153,0.790155012375744,-0.587785252292571,0.395077506187872
0.0154,0.637423989748759,-0.309016994375067,0.318711994874379
0.0155,0.453990499739623,-1.24466824457296E-13,0.226995249869812
0.0156,0.248689887164941,0.309016994374824,0.12434494358247
0.0157,0.03141075907822,0.58778525229237,0.01570537953911
0.0158,-0.187381314585632,0.809016994374869,-0.0936906572928157
0.0159,-0.397147890634697,0.951056516295113,-0.198573945317349
0.016,-0.587785252292397,1,-0.293892626146199
0.0161,-0.750111069630395,0.951056516295195,-0.375055534815198
0.0162,-0.876306680043816,0.80901699437503,-0.438153340021908
0.0163,-0.960293685676916,0.587785252292585,-0.480146842838458
0.0164,-0.998026728428265,0.309016994375084,-0.499013364214133
0.0165,-0.987688340595154,1.42352857531213E-13,-0.493844170297577
0.0166,-0.92977648588829,-0.309016994374807,-0.464888242944145
0.0167,-0.827080574274623,-0.587785252292355,-0.413540287137311
0.0168,-0.684547105928764,-0.809016994374858,-0.342273552964382
0.0169,-0.509041415750463,-0.951056516295107,-0.254520707875232
0.017,-0.309016994375052,-1,-0.154508497187526
0.0171,-0.0941083133186267,-0.951056516295201,-0.0470541566593133
0.0172,0.125333233564196,-0.809016994375041,0.0626666167820982
0.0173,0.338737920245186,-0.5877852522926,0.169368960122593
0.0174,0.5358267949789,-0.309016994375101,0.26791339748945
0.0175,0.707106781186464,-1.67344317962731E-13,0.353553390593232
0.0175999999999999,0.844327925501954,0.30901699437479,0.422163962750977
0.0177,0.940880768954186,0.587785252292335,0.470440384477093
0.0177999999999999,0.992114701314463,0.809016994374848,0.496057350657231
0.0178999999999999,0.995561964603091,0.9510565162951,0.497780982301546
0.0179999999999999,0.95105651629519,1,0.475528258147595
0.0180999999999999,0.860742027004006,0.951056516295209,0.430371013502003
0.0181999999999999,0.728968627421497,0.809016994375051,0.364484313710748
0.0182999999999999,0.562083377852236,0.58778525229262,0.281041688926118
0.0183999999999999,0.3681245526848,0.309016994375118,0.1840622763424
0.0184999999999999,0.156434465040356,1.85230351036648E-13,0.0782172325201781
0.0185999999999999,-0.0627905195291838,-0.309016994374773,-0.0313952597645919
0.0186999999999999,-0.278991106039102,-0.58778525229232,-0.139495553019551
0.0187999999999999,-0.481753674101596,-0.809016994374837,-0.240876837050798
0.0188999999999999,-0.661311865323553,-0.951056516295094,-0.330655932661776
0.0189999999999999,-0.809016994374868,-1,-0.404508497187434
0.0190999999999999,-0.917754625683926,-0.951056516295214,-0.458877312841963
0.0191999999999999,-0.982287250728662,-0.809016994375062,-0.491143625364331
0.0192999999999999,-0.999506560365736,-0.587785252292635,-0.499753280182868
0.0193999999999999,-0.968583161128666,-0.309016994375136,-0.484291580564333
0.0194999999999999,-0.891006524188433,-2.03116384110566E-13,-0.445503262094216
0.0195999999999999,-0.770513242775882,0.309016994374756,-0.385256621387941
0.0196999999999999,-0.612907053653089,0.587785252292306,-0.306453526826544
0.0197999999999999,-0.425779291565204,0.809016994374827,-0.212889645782602
0.0198999999999999,-0.218143241396687,0.951056516295088,-0.109071620698343
0.0199999999999999,-1.50928480028427E-13,1,-7.54642400142137E-14
0.0200999999999999,0.218143241396392,0.95105651629522,0.109071620698196
0.0201999999999999,0.425779291564937,0.809016994375076,0.212889645782468
0.0202999999999999,0.612907053652856,0.587785252292649,0.306453526826428
0.0203999999999999,0.77051324277569,0.309016994375159,0.385256621387845
0.0204999999999999,0.891006524188296,2.21002417184483E-13,0.445503262094148
0.0205999999999999,0.968583161128593,-0.309016994374739,0.484291580564296
0.0206999999999999,0.999506560365727,-0.587785252292286,0.499753280182863
0.0207999999999999,0.982287250728719,-0.809016994374812,0.491143625364359
0.0208999999999999,0.917754625684046,-0.951056516295083,0.458877312842023
0.0209999999999999,0.809016994375041,-1,0.404508497187521
0.0210999999999999,0.661311865323774,-0.951056516295227,0.330655932661887
0.0211999999999999,0.481753674101861,-0.809016994375087,0.24087683705093
0.0212999999999999,0.278991106039392,-0.587785252292664,0.139495553019696
0.0213999999999999,0.062790519529485,-0.30901699437517,0.0313952597647425
0.0214999999999999,-0.156434465040065,-2.45993877616001E-13,-0.0782172325200325
0.0215999999999999,-0.368124552684519,0.309016994374715,-0.184062276342259
0.0216999999999999,-0.562083377851987,0.587785252292277,-0.281041688925993
0.0217999999999999,-0.72896862742129,0.809016994374806,-0.364484313710645
0.0218999999999999,-0.860742027003856,0.951056516295075,-0.430371013501928
0.0219999999999999,-0.951056516295099,1,-0.47552825814755
0.0220999999999999,-0.995561964603063,0.951056516295231,-0.497780982301532
0.0221999999999999,-0.992114701314501,0.809016994375093,-0.49605735065725
0.0222999999999999,-0.940880768954286,0.587785252292684,-0.470440384477143
0.0223999999999999,-0.844327925502112,0.309016994375193,-0.422163962751056
0.0224999999999999,-0.707106781186678,2.56774483332317E-13,-0.353553390593339
0.0225999999999999,-0.535826794979154,-0.309016994374691,-0.267913397489577
0.0226999999999999,-0.338737920245463,-0.587785252292257,-0.169368960122732
0.0227999999999999,-0.125333233564489,-0.809016994374791,-0.0626666167822444
0.0228999999999999,0.0941083133183261,-0.951056516295072,0.0470541566591631
0.0229999999999999,0.309016994374765,-1,0.154508497187382
0.0230999999999999,0.509041415750203,-0.951056516295238,0.254520707875102
0.0231999999999999,0.684547105928549,-0.809016994375108,0.342273552964275
0.0232999999999999,0.827080574274453,-0.587785252292692,0.413540287137226
0.0233999999999999,0.929776485888179,-0.309016994375217,0.464888242944089
0.0234999999999999,0.987688340595106,-2.81765943763836E-13,0.493844170297553
0.0235999999999999,0.998026728428284,0.309016994374681,0.499013364214142
0.0236999999999999,0.960293685676998,0.587785252292248,0.480146842838499
0.0237999999999999,0.876306680043961,0.809016994374777,0.43815334002198
0.0238999999999999,0.750111069630595,0.951056516295064,0.375055534815298
0.0239999999999999,0.587785252292636,1,0.293892626146318
0.0240999999999999,0.397147890634968,0.951056516295242,0.198573945317484
0.0241999999999999,0.187381314585928,0.809016994375122,0.093690657292964
0.0242999999999999,-0.0314107590779183,0.587785252292713,-0.0157053795389592
0.0243999999999999,-0.248689887164655,0.309016994375227,-0.124344943582328
0.0244999999999999,-0.453990499739361,2.92546549480152E-13,-0.22699524986968
0.0245999999999999,-0.637423989748526,-0.309016994374657,-0.318711994874263
0.0246999999999999,-0.790155012375559,-0.587785252292228,-0.395077506187779
0.0247999999999999,-0.904827052465927,-0.80901699437477,-0.452413526232963
0.0248999999999999,-0.975916761938701,-0.951056516295057,-0.48795838096935
0.0249999999999999,-1,-1,-0.5
0.0250999999999999,-0.975916761938795,-0.951056516295249,-0.487958380969398
0.0251999999999999,-0.904827052466115,-0.809016994375129,-0.452413526233057
0.0252999999999999,-0.790155012375825,-0.587785252292733,-0.395077506187912
0.0253999999999999,-0.637423989748861,-0.309016994375251,-0.31871199487443
0.0254999999999999,-0.453990499739747,-3.1753800991167E-13,-0.226995249869874
0.0255999999999999,-0.248689887165076,0.309016994374647,-0.124344943582538
0.0256999999999999,-0.0314107590783522,0.587785252292208,-0.0157053795391761
0.0257999999999999,0.187381314585502,0.809016994374755,0.0936906572927508
0.0258999999999999,0.397147890634569,0.951056516295053,0.198573945317285
0.0259999999999999,0.587785252292284,1,0.293892626146142
0.0260999999999999,0.750111069630308,0.951056516295257,0.375055534815154
0.0261999999999999,0.876306680043752,0.809016994375143,0.438153340021876
0.0262999999999999,0.960293685676878,0.587785252292742,0.480146842838439
0.0263999999999999,0.998026728428257,0.309016994375261,0.499013364214128
0.0264999999999999,0.987688340595175,3.42529470343188E-13,0.493844170297588
0.0265999999999999,0.929776485888339,-0.309016994374623,0.464888242944169
0.0266999999999999,0.827080574274697,-0.587785252292199,0.413540287137348
0.0267999999999999,0.684547105928866,-0.809016994374749,0.342273552964433
0.0268999999999999,0.509041415750583,-0.951056516295045,0.254520707875292
0.0269999999999999,0.309016994375178,-1,0.154508497187589
0.0270999999999999,0.0941083133187584,-0.951056516295261,0.0470541566593792
0.0271999999999999,-0.125333233564058,-0.80901699437515,-0.062666616782029
0.0272999999999999,-0.338737920245055,-0.587785252292762,-0.169368960122528
0.0273999999999999,-0.535826794978788,-0.309016994375285,-0.267913397489394
0.0274999999999999,-0.707106781186371,-3.53310076059505E-13,-0.353553390593185
0.0275999999999999,-0.844327925501879,0.3090169943746,-0.42216396275094
0.0276999999999999,-0.940880768954139,0.587785252292179,-0.470440384477069
0.0277999999999999,-0.992114701314446,0.809016994374734,-0.496057350657223
0.0278999999999999,-0.995561964603104,0.951056516295042,-0.497780982301552
0.0279999999999999,-0.951056516295233,1,-0.475528258147617
0.0280999999999999,-0.860742027004077,0.951056516295268,-0.430371013502038
0.0281999999999999,-0.728968627421592,0.809016994375165,-0.364484313710796
0.0282999999999999,-0.562083377852346,0.587785252292771,-0.281041688926173
0.0283999999999999,-0.368124552684923,0.309016994375309,-0.184062276342461
0.0284999999999999,-0.156434465040494,3.78301536491023E-13,-0.0782172325202469
0.0285999999999999,0.0627905195290446,-0.309016994374589,0.0313952597645223
0.0286999999999999,0.278991106038975,-0.58778525229217,0.139495553019487
0.0287999999999999,0.48175367410148,-0.80901699437472,0.24087683705074
0.0288999999999999,0.661311865323448,-0.951056516295034,0.330655932661724
0.0289999999999999,0.809016994374786,-1,0.404508497187393
0.0290999999999999,0.917754625683874,-0.951056516295271,0.458877312841937
0.0291999999999999,0.982287250728638,-0.809016994375179,0.491143625364319
0.0292999999999999,0.99950656036574,-0.587785252292791,0.49975328018287
0.0293999999999999,0.968583161128701,-0.309016994375319,0.48429158056435
0.0294999999999999,0.891006524188496,-3.89082142207339E-13,0.445503262094248
0.0295999999999999,0.770513242775971,0.309016994374566,0.385256621387986
0.0296999999999999,0.612907053653193,0.58778525229215,0.306453526826597
0.0297999999999999,0.425779291565323,0.809016994374714,0.212889645782662
0.0298999999999999,0.218143241396816,0.951056516295027,0.109071620698408
0.0299999999999999,2.83236138903449E-13,1,1.41618069451725E-13
0.0300999999999999,-0.218143241396263,0.951056516295279,-0.109071620698132
0.0301999999999999,-0.425779291564811,0.809016994375186,-0.212889645782405
0.0302999999999999,-0.612907053652746,0.587785252292811,-0.306453526826373
0.0303999999999999,-0.770513242775601,0.309016994375343,-0.3852566213878
0.0304999999999999,-0.891006524188232,4.14073602638857E-13,-0.445503262094116
0.0305999999999999,-0.96858316112856,-0.309016994374555,-0.48429158056428
0.0306999999999999,-0.999506560365722,-0.587785252292129,-0.499753280182861
0.0307999999999999,-0.982287250728744,-0.809016994374699,-0.491143625364372
0.0308999999999999,-0.917754625684099,-0.951056516295023,-0.458877312842049
0.0309999999999999,-0.809016994375123,-1,-0.404508497187562
0.0310999999999999,-0.661311865323879,-0.951056516295287,-0.330655932661939
0.0311999999999999,-0.481753674101983,-0.8090169943752,-0.240876837050991
0.0312999999999999,-0.278991106039512,-0.587785252292808,-0.139495553019756
0.0313999999999999,-0.0627905195295958,-0.30901699437534,-0.0313952597647979
0.0314999999999999,0.156434465039948,-3.96432498924769E-13,0.0782172325199742
0.0315999999999999,0.368124552684422,0.309016994374572,0.184062276342211
0.0316999999999999,0.562083377851913,0.587785252292167,0.281041688925956
0.0317999999999999,0.728968627421229,0.809016994374726,0.364484313710614
0.0318999999999999,0.860742027003814,0.951056516295042,0.430371013501907
0.0319999999999999,0.951056516295078,1,0.475528258147539
0.0320999999999999,0.995561964603057,0.95105651629526,0.497780982301528
0.0321999999999999,0.992114701314507,0.809016994375148,0.496057350657254
0.0322999999999999,0.940880768954306,0.587785252292736,0.470440384477153
0.0323999999999999,0.844327925502137,0.309016994375255,0.422163962751069
0.0324999999999999,0.707106781186701,3.07737121634672E-13,0.35355339059335
0.0325999999999999,0.535826794979182,-0.309016994374656,0.267913397489591
0.0326999999999999,0.338737920245488,-0.587785252292239,0.169368960122744
0.0327999999999999,0.1253332335645,-0.809016994374778,0.0626666167822501
0.0328999999999999,-0.0941083133183147,-0.951056516295069,-0.0470541566591573
0.0329999999999999,-0.309016994374767,-1,-0.154508497187384
0.0330999999999999,-0.509041415750218,-0.951056516295232,-0.254520707875109
0.0331999999999999,-0.684547105928557,-0.809016994375096,-0.342273552964278
0.0332999999999999,-0.827080574274466,-0.587785252292665,-0.413540287137233
0.0333999999999999,-0.929776485888193,-0.309016994375171,-0.464888242944096
0.0334999999999999,-0.987688340595112,-2.19041744344574E-13,-0.493844170297556
0.0335999999999999,-0.998026728428281,0.309016994374741,-0.499013364214141
0.0336999999999999,-0.960293685676982,0.58778525229231,-0.480146842838491
0.0337999999999999,-0.876306680043932,0.80901699437483,-0.438153340021966
0.0338999999999999,-0.750111069630546,0.951056516295097,-0.375055534815273
0.0339999999999999,-0.58778525229257,1,-0.293892626146285
0.0340999999999999,-0.397147890634894,0.951056516295205,-0.198573945317447
0.0341999999999999,-0.187381314585835,0.809016994375044,-0.0936906572929173
0.0343,0.0314107590780275,0.587785252292593,0.0157053795390138
0.0344,0.248689887164754,0.309016994375087,0.124344943582377
0.0345,0.453990499739464,1.30346367054476E-13,0.226995249869732
0.0346,0.637423989748627,-0.309016994374825,0.318711994874313
0.0347,0.790155012375639,-0.587785252292382,0.395077506187819
0.0348,0.904827052465988,-0.809016994374882,0.452413526232994
0.0349,0.975916761938731,-0.951056516295124,0.487958380969365
0.035,1,-1,0.5
0.0351,0.975916761938759,-0.951056516295177,0.48795838096938
0.0352,0.904827052466044,-0.809016994374992,0.452413526233022
0.0353,0.790155012375718,-0.587785252292521,0.395077506187859
0.0354,0.637423989748716,-0.309016994375002,0.318711994874358
0.0355,0.45399049973958,-4.16509897643784E-14,0.22699524986979
0.0356,0.24868988716488,0.309016994374909,0.12434494358244
0.0357,0.0314107590781436,0.587785252292454,0.0157053795390718
0.0358,-0.187381314585707,0.809016994374934,-0.0936906572928533
0.0359,-0.397147890634774,0.951056516295152,-0.198573945317387
0.036,-0.587785252292476,1,-0.293892626146238
0.0361,-0.75011106963046,0.95105651629515,-0.37505553481523
0.0362,-0.876306680043869,0.809016994374939,-0.438153340021935
0.0363,-0.96029368567695,0.587785252292449,-0.480146842838475
0.0364,-0.998026728428273,0.309016994374918,-0.499013364214136
0.0365,-0.987688340595133,-4.70443875257194E-14,-0.493844170297566
0.0366,-0.929776485888236,-0.309016994374994,-0.464888242944118
0.0367,-0.82708057427454,-0.587785252292526,-0.41354028713727
0.0368,-0.684547105928652,-0.809016994374987,-0.342273552964326
0.0369,-0.509041415750318,-0.951056516295179,-0.254520707875159
0.037,-0.309016994374891,-1,-0.154508497187446
0.0371,-0.0941083133184445,-0.951056516295123,-0.0470541566592222
0.0372,0.125333233564385,-0.809016994374879,0.0626666167821925
0.0373,0.338737920245365,-0.587785252292378,0.169368960122683
0.0374,0.535826794979072,-0.30901699437482,0.267913397489536
0.0375,0.707106781186619,1.35739764815817E-13,0.353553390593309
0.0376000000000001,0.844327925502067,0.309016994375092,0.422163962751034
0.0377000000000001,0.940880768954262,0.587785252292597,0.470440384477131
0.0378000000000001,0.992114701314491,0.809016994375047,0.496057350657246
0.0379000000000001,0.995561964603069,0.951056516295206,0.497780982301534
0.0380000000000001,0.951056516295114,1,0.475528258147557
0.0381000000000001,0.86074202700388,0.951056516295095,0.43037101350194
0.0382000000000001,0.728968627421318,0.809016994374827,0.364484313710659
0.0383000000000001,0.562083377852009,0.587785252292306,0.281041688926004
0.0384000000000001,0.368124552684544,0.309016994374736,0.184062276342272
0.0385000000000001,0.156434465040077,-2.24435142105915E-13,0.0782172325200385
0.0386000000000001,-0.0627905195294799,-0.309016994375176,-0.03139525976474
0.0387000000000001,-0.278991106039387,-0.587785252292669,-0.139495553019693
0.0388000000000001,-0.481753674101869,-0.809016994375099,-0.240876837050934
0.0389000000000001,-0.661311865323792,-0.951056516295234,-0.330655932661896
0.0390000000000001,-0.809016994375055,-1,-0.404508497187528
0.0391000000000001,-0.917754625684058,-0.951056516295068,-0.458877312842029
0.0392000000000001,-0.982287250728727,-0.809016994374775,-0.491143625364364
0.0393000000000001,-0.999506560365725,-0.587785252292234,-0.499753280182863
0.0394000000000001,-0.968583161128578,-0.309016994374651,-0.484291580564289
0.0395000000000001,-0.891006524188266,3.13130519396013E-13,-0.445503262094133
0.0396000000000001,-0.770513242775648,0.30901699437526,-0.385256621387824
0.0397000000000001,-0.612907053652792,0.587785252292741,-0.306453526826396
0.0398000000000001,-0.425779291564852,0.809016994375151,-0.212889645782426
0.0399000000000001,-0.218143241396307,0.951056516295261,-0.109071620698154
0.0400000000000001,2.52366373836023E-13,1,1.26183186918012E-13
0.0401000000000001,0.2181432413968,0.95105651629504,0.1090716206984
0.0402000000000001,0.425779291565308,0.809016994374723,0.212889645782654
0.0403000000000001,0.612907053653191,0.587785252292162,0.306453526826596
0.0404000000000001,0.77051324277596,0.309016994374567,0.38525662138798
0.0405000000000001,0.891006524188495,-4.01825896686111E-13,0.445503262094247
0.0406000000000001,0.968583161128703,-0.309016994375345,0.484291580564352
0.0407000000000001,0.999506560365741,-0.587785252292812,0.49975328018287
0.0408000000000001,0.982287250728633,-0.809016994375203,0.491143625364316
0.0409000000000001,0.917754625683858,-0.951056516295293,0.458877312841929
0.0410000000000002,0.809016994374767,-1,0.404508497187383
0.0411000000000001,0.661311865323413,-0.951056516295013,0.330655932661706
0.0412000000000002,0.481753674101426,-0.809016994374671,0.240876837050713
0.0413000000000002,0.278991106038915,-0.587785252292079,0.139495553019458
0.0414000000000002,0.0627905195289762,-0.309016994374496,0.0313952597644881
0.0415000000000002,-0.156434465040576,4.90521273976208E-13,-0.0782172325202878
0.0416000000000002,-0.368124552685,0.309016994375429,-0.1840622763425
0.0417000000000002,-0.562083377852426,0.587785252292896,-0.281041688926213
0.0418000000000002,-0.728968627421664,0.809016994375247,-0.364484313710832
0.0419000000000002,-0.86074202700413,0.951056516295316,-0.430371013502065
0.0420000000000002,-0.95105651629527,1,-0.475528258147635
0.0421000000000002,-0.995561964603117,0.951056516294981,-0.497780982301558
0.0422000000000002,-0.99211470131443,0.809016994374627,-0.496057350657215
0.0423000000000002,-0.940880768954091,0.587785252292019,-0.470440384477046
0.0424000000000002,-0.844327925501797,0.309016994374398,-0.422163962750898
0.0425000000000002,-0.707106781186262,-5.93427505981508E-13,-0.353553390593131
0.0426000000000002,-0.535826794978646,-0.3090169943755,-0.267913397489323
0.0427000000000002,-0.33873792024489,-0.587785252292956,-0.169368960122445
0.0428000000000002,-0.125333233563884,-0.809016994375308,-0.0626666167819421
0.0429000000000002,0.0941083133189469,-0.951056516295348,0.0470541566594735
0.0430000000000002,0.309016994375358,-1,0.154508497187679
0.0431000000000002,0.509041415750752,-0.951056516294958,0.254520707875376
0.0432000000000002,0.68454710592902,-0.809016994374566,0.34227355296451
0.0433000000000002,0.827080574274815,-0.587785252291936,0.413540287137408
0.0434000000000002,0.929776485888421,-0.309016994374327,0.464888242944211
0.0435000000000002,0.987688340595212,6.67912028556404E-13,0.493844170297606
0.0436000000000002,0.998026728428242,0.309016994375598,0.499013364214121
0.0437000000000002,0.960293685676809,0.587785252293039,0.480146842838404
0.0438000000000002,0.876306680043626,0.809016994375351,0.438153340021813
0.0439000000000002,0.750111069630136,0.951056516295371,0.375055534815068
0.0440000000000002,0.587785252292068,1,0.293892626146034
0.0441000000000002,0.397147890634311,0.951056516294926,0.198573945317155
0.0442000000000002,0.187381314585225,0.809016994374523,0.0936906572926124
0.0443000000000002,-0.0314107590786481,0.587785252291875,-0.015705379539324
0.0444000000000002,-0.248689887165369,0.309016994374229,-0.124344943582685
0.0445000000000003,-0.453990499740017,-7.70818260561704E-13,-0.226995249870009
0.0446000000000003,-0.637423989749105,-0.309016994375696,-0.318711994874553
0.0447000000000003,-0.790155012376028,-0.5877852522931,-0.395077506188014
0.0448000000000003,-0.904827052466253,-0.809016994375412,-0.452413526233126
0.0449000000000003,-0.975916761938869,-0.951056516295403,-0.487958380969435
0.0450000000000003,-1,-1,-0.5
0.0451000000000003,-0.975916761938624,-0.951056516294903,-0.487958380969312
0.0452000000000003,-0.904827052465773,-0.809016994374462,-0.452413526232887
0.0453000000000003,-0.790155012375329,-0.587785252291792,-0.395077506187665
0.0454000000000003,-0.637423989748238,-0.309016994374132,-0.318711994874119
0.0455000000000003,-0.453990499739014,8.453027831366E-13,-0.226995249869507
0.0456000000000003,-0.248689887164265,0.309016994375767,-0.124344943582133
0.0457000000000003,-0.031410759077523,0.587785252293183,-0.0157053795387615
0.0458000000000003,0.18738131458633,0.809016994375472,0.0936906572931652
0.0459000000000003,0.397147890635344,0.951056516295426,0.198573945317672
0.0460000000000003,0.587785252292979,1,0.293892626146489
0.0461000000000003,0.75011106963088,0.951056516294872,0.37505553481544
0.0462000000000003,0.876306680044169,0.809016994374402,0.438153340022084
0.0463000000000003,0.960293685677123,0.587785252291732,0.480146842838561
0.0464000000000003,0.998026728428313,0.309016994374061,0.499013364214156
0.0465000000000003,0.987688340595036,-9.48209015141899E-13,0.493844170297518
0.0466000000000003,0.929776485888007,-0.309016994375864,0.464888242944004
0.0467000000000003,0.827080574274183,-0.587785252293243,0.413540287137091
0.0468000000000003,0.684547105928199,-0.809016994375516,0.342273552964099
0.0469000000000003,0.509041415749783,-0.951056516295457,0.254520707874892
0.0470000000000003,0.309016994374287,-1,0.154508497187144
0.0471000000000003,0.0941083133178263,-0.951056516294848,0.0470541566589132
0.0472000000000003,-0.125333233565001,-0.809016994374358,-0.0626666167825005
0.0473000000000003,-0.338737920245963,-0.587785252291649,-0.169368960122981
0.0474000000000003,-0.535826794979596,-0.309016994373963,-0.267913397489798
0.0475000000000003,-0.707106781187058,1.0226935377168E-12,-0.353553390593529
0.0476000000000003,-0.844327925502408,0.309016994375935,-0.422163962751204
0.0477000000000003,-0.940880768954473,0.587785252293326,-0.470440384477236
0.0478000000000003,-0.992114701314571,0.809016994375577,-0.496057350657285
0.0479000000000004,-0.995561964603009,0.951056516295481,-0.497780982301505
0.0480000000000003,-0.951056516294922,1,-0.475528258147461
0.0481000000000004,-0.860742027003557,0.951056516294817,-0.430371013501778
0.0482000000000004,-0.728968627420883,0.809016994374297,-0.364484313710442
0.0483000000000004,-0.562083377851495,0.587785252291588,-0.281041688925748
0.0484000000000004,-0.368124552683953,0.309016994373892,-0.184062276341977
0.0485000000000004,-0.156434465039464,-1.1255997697221E-12,-0.0782172325197319
0.0486000000000004,0.0627905195300996,-0.309016994376033,0.0313952597650498
0.0487000000000004,0.278991106039996,-0.587785252293387,0.139495553019998
0.0488000000000004,0.481753674102413,-0.80901699437562,0.240876837051206
0.0489000000000004,0.661311865324257,-0.951056516295512,0.330655932662129
0.0490000000000004,0.809016994375428,-1,0.404508497187714
0.0491000000000004,0.917754625684305,-0.951056516294794,0.458877312842152
0.0492000000000004,0.982287250728843,-0.809016994374253,0.491143625364422
0.0493000000000004,0.999506560365705,-0.587785252291505,0.499753280182853
0.0494000000000004,0.968583161128424,-0.309016994373794,0.484291580564212
0.0495000000000004,0.891006524187984,1.20008429229699E-12,0.445503262093992
0.0496000000000004,0.770513242775243,0.309016994376104,0.385256621387621
0.0497000000000004,0.612907053652302,0.58778525229347,0.306453526826151
0.0498000000000004,0.42577929156429,0.809016994375681,0.212889645782145
0.0499000000000004,0.218143241395687,0.951056516295535,0.109071620697844
0.0500000000000004,-8.73234014866708E-13,1,-4.36617007433354E-13
0.0501000000000004,-0.218143241397406,0.951056516294762,-0.109071620698703
0.0502000000000004,-0.425779291565883,0.809016994374193,-0.212889645782941
0.0503000000000004,-0.612907053653682,0.587785252291445,-0.306453526826841
0.0504000000000004,-0.770513242776365,0.309016994373723,-0.385256621388183
0.0505000000000004,-0.891006524188783,-1.30299052430229E-12,-0.445503262094392
0.0506000000000004,-0.968583161128858,-0.309016994376202,-0.484291580564429
0.0507000000000004,-0.999506560365761,-0.58778525229353,-0.49975328018288
0.0508000000000004,-0.982287250728514,-0.809016994375725,-0.491143625364257
0.0509000000000004,-0.917754625683611,-0.951056516295567,-0.458877312841806
0.0510000000000004,-0.809016994374393,-1,-0.404508497187197
0.0511000000000004,-0.661311865322937,-0.951056516294739,-0.330655932661468
0.0512000000000004,-0.481753674100882,-0.809016994374149,-0.240876837050441
0.0513000000000004,-0.278991106038306,-0.587785252291362,-0.139495553019153
0.0514000000000004,-0.0627905195283565,-0.309016994373625,-0.0313952597641783
0.0515000000000005,0.156434465041189,1.37747504687719E-12,0.0782172325205944
0.0516000000000005,0.36812455268559,0.309016994376273,0.184062276342795
0.0517000000000005,0.56208337785294,0.587785252293613,0.28104168892647
0.0518000000000005,0.728968627422089,0.809016994375785,0.364484313711044
0.0519000000000005,0.860742027004453,0.951056516295599,0.430371013502226
0.0520000000000005,0.951056516295462,1,0.475528258147731
0.0521000000000005,0.995561964603175,0.951056516294707,0.497780982301588
0.0522000000000005,0.99211470131435,0.809016994374089,0.496057350657175
0.0523000000000005,0.940880768953881,0.587785252291278,0.470440384476941
0.0524000000000005,0.844327925501464,0.309016994373555,0.422163962750732
0.0525000000000005,0.707106781185813,-1.48038127888249E-12,0.353553390592906
0.0526000000000005,0.535826794978122,-0.309016994376371,0.267913397489061
0.0527000000000005,0.338737920244306,-0.587785252293697,0.169368960122153
0.0528000000000005,0.125333233563254,-0.809016994375829,0.0626666167816271
0.0529000000000005,-0.0941083133195651,-0.951056516295622,-0.0470541566597825
0.0530000000000005,-0.309016994375962,-1,-0.154508497187981
0.0531000000000005,-0.509041415751299,-0.951056516294675,-0.254520707875649
0.0532000000000005,-0.684547105929472,-0.809016994374045,-0.342273552964736
0.0533000000000005,-0.827080574275172,-0.587785252291218,-0.413540287137586
0.0534000000000005,-0.929776485888655,-0.309016994373457,-0.464888242944328
0.0535000000000005,-0.987688340595309,1.58328751088779E-12,-0.493844170297654
0.0536000000000005,-0.998026728428202,0.309016994376441,-0.499013364214101
0.0537000000000005,-0.960293685676631,0.587785252293757,-0.480146842838316
0.0538000000000005,-0.876306680043327,0.809016994375889,-0.438153340021664
0.0539000000000005,-0.750111069629716,0.951056516295654,-0.375055534814858
0.0540000000000005,-0.587785252291566,1,-0.293892626145783
0.0541000000000005,-0.397147890633741,0.951056516294652,-0.198573945316871
0.0542000000000005,-0.187381314584601,0.809016994373984,-0.0936906572923005
0.0543000000000005,0.0314107590792686,0.587785252291135,0.0157053795396343
0.0544000000000005,0.248689887165971,0.309016994373386,0.124344943582985
0.0545000000000005,0.453990499740583,-1.65777203346268E-12,0.226995249870292
0.0546000000000005,0.637423989749584,-0.309016994376539,0.318711994874792
0.0547000000000005,0.790155012376408,-0.58778525229384,0.395077506188204
0.0548000000000005,0.904827052466523,-0.809016994375933,0.452413526233262
0.0549000000000005,0.975916761939005,-0.951056516295677,0.487958380969502
0.0550000000000006,1,-1,0.5
0.0551000000000006,0.975916761938485,-0.95105651629462,0.487958380969243
0.0552000000000006,0.904827052465509,-0.809016994373941,0.452413526232755
0.0553000000000006,0.790155012374949,-0.587785252291075,0.395077506187474
0.0554000000000006,0.637423989747749,-0.309016994373288,0.318711994873874
0.0555000000000006,0.453990499738461,1.76067826546798E-12,0.226995249869231
0.0556000000000006,0.248689887163664,0.30901699437661,0.124344943581832
0.0557000000000006,0.0314107590768883,0.5877852522939,0.0157053795384441
0.0558000000000006,-0.18738131458694,0.809016994375994,-0.0936906572934702
0.0559000000000006,-0.397147890635927,0.951056516295709,-0.198573945317963
0.0560000000000006,-0.587785252293492,1,-0.293892626146746
0.0561000000000006,-0.750111069631291,0.951056516294597,-0.375055534815645
0.0562000000000006,-0.876306680044475,0.80901699437388,-0.438153340022237
0.0563000000000006,-0.9602936856773,0.587785252290991,-0.48014684283865
0.0564000000000006,-0.998026728428352,0.309016994373217,-0.499013364214176
0.0565000000000006,-0.987688340594936,-1.83516278804288E-12,-0.493844170297468
0.0566000000000006,-0.929776485887773,-0.309016994376708,-0.464888242943887
0.0567000000000006,-0.827080574273834,-0.587785252293984,-0.413540287136917
0.0568000000000006,-0.684547105927736,-0.809016994376038,-0.342273552963868
0.0569000000000006,-0.509041415749249,-0.951056516295732,-0.254520707874625
0.0570000000000006,-0.309016994373697,-1,-0.154508497186848
0.0571000000000006,-0.0941083133171941,-0.951056516294566,-0.047054156658597
0.0572000000000006,0.125333233565617,-0.809016994373836,0.0626666167828085
0.0573000000000006,0.338737920246547,-0.587785252290931,0.169368960123273
0.0574000000000006,0.535826794980133,-0.309016994373119,0.267913397490066
0.0575000000000006,0.707106781187497,1.93806902004818E-12,0.353553390593748
0.0576000000000006,0.84432792550274,0.309016994376779,0.42216396275137
0.0577000000000006,0.940880768954688,0.587785252294044,0.470440384477344
0.0578000000000006,0.992114701314648,0.809016994376098,0.496057350657324
0.0579000000000006,0.995561964602951,0.951056516295763,0.497780982301475
0.0580000000000006,0.951056516294726,1,0.475528258147363
0.0581000000000006,0.860742027003241,0.951056516294543,0.43037101350162
0.0582000000000006,0.728968627420458,0.809016994373776,0.364484313710229
0.0583000000000006,0.562083377850982,0.587785252290848,0.281041688925491
0.0584000000000007,0.368124552683363,0.309016994373049,0.184062276341681
0.0585000000000006,0.156434465038837,-2.01255354262307E-12,0.0782172325194183
0.0586000000000007,-0.0627905195307192,-0.309016994376877,-0.0313952597653596
0.0587000000000007,-0.278991106040606,-0.587785252294127,-0.139495553020303
0.0588000000000007,-0.481753674102969,-0.809016994376142,-0.240876837051485
0.0589000000000007,-0.661311865324723,-0.951056516295786,-0.330655932662361
0.0590000000000007,-0.809016994375802,-1,-0.404508497187901
0.0591000000000007,-0.917754625684557,-0.951056516294511,-0.458877312842279
0.0592000000000007,-0.98228725072896,-0.809016994373715,-0.49114362536448
0.0593000000000007,-0.999506560365685,-0.587785252290787,-0.499753280182843
0.0594000000000007,-0.968583161128266,-0.309016994372951,-0.484291580564133
0.0595000000000007,-0.891006524187702,2.11545977462837E-12,-0.445503262093851
0.0596000000000007,-0.770513242774838,0.309016994376975,-0.385256621387419
0.0597000000000007,-0.6129070536518,0.587785252294187,-0.3064535268259
0.0598000000000007,-0.425779291563728,0.809016994376202,-0.212889645781864
0.0599000000000007,-0.218143241395068,0.951056516295818,-0.109071620697534
0.0600000000000007,1.50831251061259E-12,1,7.54156255306297E-13
0.0601000000000007,0.218143241398012,0.951056516294488,0.109071620699006
0.0602000000000007,0.425779291566458,0.809016994373672,0.212889645783229
0.0603000000000007,0.612907053654183,0.587785252290704,0.306453526827092
0.0604000000000007,0.770513242776761,0.309016994372853,0.38525662138838
0.0605000000000007,0.891006524189072,-2.18994429720327E-12,0.445503262094536
0.0606000000000007,0.968583161129016,-0.309016994377045,0.484291580564508
0.0607000000000007,0.99950656036578,-0.587785252294271,0.49975328018289
0.0608000000000007,0.9822872507284,-0.809016994376263,0.4911436253642
0.0609000000000007,0.917754625683359,-0.951056516295841,0.45887731284168
0.0610000000000007,0.809016994374029,-1,0.404508497187014
0.0611000000000007,0.661311865322482,-0.951056516294456,0.330655932661241
0.0612000000000007,0.481753674100326,-0.809016994373611,0.240876837050163
0.0613000000000007,0.278991106037709,-0.587785252290644,0.139495553018855
0.0614000000000007,0.0627905195277369,-0.309016994372782,0.0313952597638684
0.0615000000000007,-0.156434465041816,2.29285052920857E-12,-0.078217232520908
0.0616000000000007,-0.368124552686167,0.309016994377143,-0.184062276343084
0.0617000000000007,-0.562083377853453,0.587785252294331,-0.281041688926726
0.0618000000000007,-0.728968627422523,0.809016994376307,-0.364484313711262
0.0619000000000007,-0.860742027004769,0.951056516295873,-0.430371013502384
0.0620000000000008,-0.951056516295654,1,-0.475528258147827
0.0621000000000008,-0.995561964603235,0.951056516294433,-0.497780982301617
0.0622000000000008,-0.992114701314272,0.809016994373567,-0.496057350657136
0.0623000000000008,-0.940880768953671,0.587785252290561,-0.470440384476835
0.0624000000000008,-0.844327925501124,0.309016994372684,-0.422163962750562
0.0625000000000008,-0.707106781185374,-2.36733505178346E-12,-0.353553390592687
0.0626000000000008,-0.535826794977598,-0.309016994377214,-0.267913397488799
0.0627000000000008,-0.338737920243708,-0.587785252294414,-0.169368960121854
0.0628000000000008,-0.125333233562638,-0.809016994376367,-0.0626666167813191
0.0629000000000008,0.0941083133201832,-0.951056516295896,0.0470541566600916
0.0630000000000008,0.309016994376566,-1,0.154508497188283
0.0631000000000008,0.509041415751833,-0.951056516294401,0.254520707875917
0.0632000000000008,0.684547105929925,-0.809016994373507,0.342273552964962
0.0633000000000008,0.827080574275529,-0.5877852522905,0.413540287137765
0.0634000000000008,0.929776485888884,-0.309016994372613,0.464888242944442
0.0635000000000008,0.987688340595406,2.47024128378876E-12,0.493844170297703
0.0636000000000008,0.998026728428162,0.309016994377312,0.499013364214081
0.0637000000000008,0.960293685676458,0.587785252294474,0.480146842838229
0.0638000000000008,0.876306680043028,0.809016994376411,0.438153340021514
0.0639000000000008,0.750111069629296,0.951056516295928,0.375055534814648
0.0640000000000008,0.587785252291052,1,0.293892626145526
0.0641000000000008,0.397147890633171,0.951056516294378,0.198573945316586
0.0642000000000008,0.187381314583977,0.809016994373463,0.0936906572919886
0.0643000000000008,-0.0314107590799034,0.587785252290417,-0.0157053795399517
0.0644000000000008,-0.248689887166572,0.309016994372515,-0.124344943583286
0.0645000000000008,-0.453990499741149,-2.54472580636366E-12,-0.226995249870575
0.0646000000000008,-0.637423989750073,-0.309016994377383,-0.318711994875037
0.0647000000000008,-0.790155012376789,-0.587785252294558,-0.395077506188394
0.0648000000000008,-0.904827052466793,-0.809016994376471,-0.452413526233397
0.0649000000000008,-0.975916761939143,-0.951056516295951,-0.487958380969572
0.0650000000000008,-1,-1,-0.5
0.0651000000000008,-0.975916761938347,-0.951056516294346,-0.487958380969173
0.0652000000000008,-0.904827052465239,-0.809016994373403,-0.452413526232619
0.0653000000000008,-0.790155012374568,-0.587785252290357,-0.395077506187284
0.0654000000000008,-0.637423989747259,-0.309016994372445,-0.31871199487363
0.0655000000000009,-0.453990499737895,2.64763203836896E-12,-0.226995249868948
0.0656000000000009,-0.248689887163063,0.309016994377481,-0.124344943581531
0.0657000000000009,-0.0314107590762535,0.587785252294618,-0.0157053795381268
0.0658000000000009,0.187381314587564,0.809016994376515,0.0936906572937821
0.0659000000000009,0.397147890636496,0.951056516295983,0.198573945318248
0.0660000000000009,0.587785252294006,1,0.293892626147003
0.0661000000000009,0.750111069631711,0.951056516294323,0.375055534815855
0.0662000000000009,0.876306680044774,0.809016994373359,0.438153340022387
0.0663000000000009,0.960293685677469,0.587785252290274,0.480146842838735
0.0664000000000009,0.998026728428392,0.309016994372347,0.499013364214196
0.0665000000000009,0.987688340594839,-2.75053827037426E-12,0.49384417029742
0.0666000000000009,0.92977648588755,-0.309016994377551,0.464888242943775
0.0667000000000009,0.827080574273477,-0.587785252294701,0.413540287136738
0.0668000000000009,0.684547105927283,-0.809016994376576,0.342273552963642
0.0669000000000009,0.509041415748715,-0.951056516296014,0.254520707874357
0.0670000000000009,0.309016994373093,-1,0.154508497186546
0.0671000000000009,0.094108313316576,-0.951056516294292,0.047054156658288
0.0672000000000009,-0.125333233566233,-0.809016994373298,-0.0626666167831164
0.0673000000000009,-0.338737920247144,-0.587785252290191,-0.169368960123572
0.0674000000000009,-0.535826794980657,-0.309016994372276,-0.267913397490328
0.0675000000000009,-0.707106781187936,2.82502279294915E-12,-0.353553390593968
0.0676000000000009,-0.844327925503081,0.309016994377649,-0.42216396275154
0.0677000000000009,-0.940880768954898,0.587785252294785,-0.470440384477449
0.0678000000000009,-0.992114701314726,0.809016994376619,-0.496057350657363
0.0679000000000009,-0.995561964602891,0.951056516296037,-0.497780982301445
0.0680000000000009,-0.951056516294534,1,-0.475528258147267
0.0681000000000009,-0.860742027002924,0.95105651629426,-0.430371013501462
0.0682000000000009,-0.728968627420024,0.809016994373255,-0.364484313710012
0.0683000000000009,-0.562083377850456,0.58778525229013,-0.281041688925228
0.0684000000000009,-0.368124552682799,0.309016994372178,-0.184062276341399
0.0685000000000009,-0.156434465038209,-2.92792902495445E-12,-0.0782172325191047
0.0686000000000009,0.062790519531353,-0.30901699437772,0.0313952597656765
0.0687000000000009,0.278991106041189,-0.587785252294845,0.139495553020594
0.0688000000000009,0.481753674103526,-0.80901699437668,0.240876837051763
0.068900000000001,0.661311865325199,-0.951056516296069,0.3306559326626
0.0690000000000009,0.809016994376158,-1,0.404508497188079
0.069100000000001,0.917754625684809,-0.951056516294237,0.458877312842405
0.069200000000001,0.982287250729079,-0.809016994373194,0.491143625364539
0.069300000000001,0.999506560365666,-0.587785252290047,0.499753280182833
0.069400000000001,0.968583161128108,-0.309016994372107,0.484291580564054
0.069500000000001,0.891006524187414,3.00241354752935E-12,0.445503262093707
0.069600000000001,0.770513242774452,0.309016994377818,0.385256621387226
0.069700000000001,0.612907053651298,0.587785252294928,0.306453526825649
0.069800000000001,0.425779291563153,0.809016994376724,0.212889645781577
0.069900000000001,0.218143241394476,0.951056516296092,0.109071620697238
0.070000000000001,-2.14339100635848E-12,1,-1.07169550317924E-12
0.070100000000001,-0.218143241398631,0.951056516294205,-0.109071620699316
0.070200000000001,-0.425779291567007,0.80901699437315,-0.212889645783503
0.070300000000001,-0.612907053654685,0.587785252289987,-0.306453526827343
0.070400000000001,-0.770513242777166,0.309016994372009,-0.385256621388583
0.070500000000001,-0.891006524189347,-3.10531977953465E-12,-0.445503262094674
0.070600000000001,-0.968583161129174,-0.309016994377889,-0.484291580564587
0.070700000000001,-0.9995065603658,-0.587785252294988,-0.4997532801829
0.070800000000001,-0.982287250728281,-0.809016994376784,-0.49114362536414
0.070900000000001,-0.917754625683107,-0.951056516296124,-0.458877312841553
0.071000000000001,-0.809016994373655,-1,-0.404508497186828
0.071100000000001,-0.661311865322005,-0.951056516294182,-0.330655932661003
0.071200000000001,-0.481753674099769,-0.80901699437309,-0.240876837049885
0.071300000000001,-0.2789911060371,-0.587785252289903,-0.13949555301855
0.071400000000001,-0.0627905195271031,-0.309016994371938,-0.0313952597635515
0.071500000000001,0.156434465042443,3.17980430210955E-12,0.0782172325212217
0.071600000000001,0.368124552686758,0.309016994377987,0.184062276343379
0.071700000000001,0.562083377853978,0.587785252295071,0.281041688926989
0.071800000000001,0.728968627422939,0.809016994376828,0.364484313711469
0.071900000000001,0.860742027005092,0.951056516296147,0.430371013502546
0.072000000000001,0.95105651629585,1,0.475528258147925
0.072100000000001,0.995561964603292,0.95105651629415,0.497780982301646
0.072200000000001,0.992114701314193,0.809016994373046,0.496057350657096
0.072300000000001,0.940880768953456,0.587785252289843,0.470440384476728
0.072400000000001,0.844327925500799,0.309016994371841,0.422163962750399
0.0725000000000011,0.707106781184925,-3.28271053411485E-12,0.353553390592462
0.0726000000000011,0.535826794977061,-0.309016994378058,0.267913397488531
0.0727000000000011,0.338737920243138,-0.587785252295132,0.169368960121569
0.0728000000000011,0.125333233562008,-0.809016994376889,0.062666616781004
0.0729000000000011,-0.0941083133208154,-0.951056516296179,-0.0470541566604077
0.0730000000000011,-0.309016994377143,-1,-0.154508497188571
0.0731000000000011,-0.50904141575238,-0.951056516294127,-0.25452070787619
0.0732000000000011,-0.684547105930388,-0.809016994372985,-0.342273552965194
0.0733000000000011,-0.82708057427587,-0.58778525228976,-0.413540287137935
0.0734000000000011,-0.929776485889118,-0.30901699437177,-0.464888242944559
0.0735000000000011,-0.987688340595505,3.35719505668974E-12,-0.493844170297753
0.0736000000000011,-0.998026728428124,0.309016994378155,-0.499013364214062
0.0737000000000011,-0.960293685676281,0.587785252295215,-0.480146842838141
0.0738000000000011,-0.876306680042722,0.809016994376949,-0.438153340021361
0.0739000000000011,-0.750111069628895,0.951056516296202,-0.375055534814447
0.0740000000000011,-0.587785252290538,1,-0.293892626145269
0.0741000000000011,-0.397147890632588,0.951056516294095,-0.198573945316294
0.0742000000000011,-0.187381314583381,0.809016994372925,-0.0936906572916906
0.0743000000000011,0.0314107590805382,0.5877852522897,0.0157053795402691
0.0744000000000011,0.248689887167187,0.309016994371672,0.124344943583594
0.0745000000000011,0.45399049974169,-3.46010128869504E-12,0.226995249870845
0.0746000000000011,0.637423989750562,-0.309016994378253,0.318711994875281
0.0747000000000011,0.790155012377178,-0.587785252295275,0.395077506188589
0.0748000000000011,0.904827052467052,-0.809016994376993,0.452413526233526
0.0749000000000011,0.975916761939282,-0.951056516296234,0.487958380969641
0.0750000000000011,1,-1,0.5
0.0751000000000011,0.975916761938214,-0.951056516294072,0.487958380969107
0.0752000000000011,0.904827052464968,-0.809016994372881,0.452413526232484
0.0753000000000011,0.790155012374179,-0.587785252289616,0.395077506187089
0.0754000000000011,0.637423989746792,-0.309016994371574,0.318711994873396
0.0755000000000011,0.45399049973733,3.53458581126994E-12,0.226995249868665
0.0756000000000011,0.248689887162447,0.309016994378324,0.124344943581224
0.0757000000000011,0.0314107590756472,0.587785252295358,0.0157053795378236
0.0758000000000011,-0.187381314588188,0.809016994377053,-0.093690657294094
0.0759000000000011,-0.397147890637079,0.951056516296257,-0.19857394531854
0.0760000000000012,-0.587785252294497,1,-0.293892626147249
0.0761000000000012,-0.750111069632131,0.95105651629404,-0.375055534816065
0.0762000000000012,-0.87630668004508,0.809016994372821,-0.43815334002254
0.0763000000000012,-0.960293685677646,0.587785252289556,-0.480146842838823
0.0764000000000012,-0.998026728428431,0.309016994371503,-0.499013364214216
0.0765000000000012,-0.98768834059474,-3.63749204327524E-12,-0.49384417029737
0.0766000000000012,-0.929776485887316,-0.309016994378422,-0.464888242943658
0.0767000000000012,-0.82708057427312,-0.587785252295419,-0.41354028713656
0.0768000000000012,-0.684547105926821,-0.809016994377097,-0.34227355296341
0.0769000000000012,-0.509041415748168,-0.951056516296289,-0.254520707874084
0.0770000000000012,-0.309016994372489,-1,-0.154508497186244
0.0771000000000012,-0.0941083133159437,-0.951056516294017,-0.0470541566579719
0.0772000000000012,0.125333233566863,-0.809016994372777,0.0626666167834315
0.0773000000000012,0.338737920247715,-0.587785252289473,0.169368960123858
0.0774000000000012,0.535826794981193,-0.309016994371405,0.267913397490596
0.0775000000000012,0.707106781188385,3.71197656585013E-12,0.353553390594192
0.0776000000000012,0.844327925503406,0.309016994378493,0.422163962751703
0.0777000000000012,0.940880768955113,0.587785252295502,0.470440384477557
0.0778000000000012,0.992114701314806,0.809016994377157,0.496057350657403
0.0779000000000012,0.995561964602834,0.951056516296312,0.497780982301417
0.0780000000000012,0.951056516294338,1,0.475528258147169
0.0781000000000012,0.860742027002601,0.951056516293986,0.430371013501301
0.0782000000000012,0.728968627419608,0.809016994372717,0.364484313709804
0.0783000000000012,0.562083377849931,0.587785252289413,0.281041688924965
0.0784000000000012,0.368124552682208,0.309016994371334,0.184062276341104
0.0785000000000012,0.15643446503761,-3.81488279785543E-12,0.0782172325188051
0.0786000000000012,-0.0627905195319868,-0.309016994378591,-0.0313952597659934
0.0787000000000012,-0.278991106041799,-0.587785252295562,-0.139495553020899
0.0788000000000012,-0.481753674104057,-0.809016994377201,-0.240876837052029
0.0789000000000012,-0.661311865325676,-0.951056516296343,-0.330655932662838
0.0790000000000012,-0.809016994376531,-1,-0.404508497188266
0.0791000000000012,-0.91775462568505,-0.951056516293963,-0.458877312842525
0.0792000000000012,-0.982287250729198,-0.809016994372673,-0.491143625364599
0.0793000000000012,-0.999506560365646,-0.587785252289329,-0.499753280182823
0.0794000000000013,-0.968583161127957,-0.309016994371237,-0.484291580563978
0.0795000000000012,-0.891006524187125,3.88936732043033E-12,-0.445503262093563
0.0796000000000013,-0.770513242774047,0.309016994378662,-0.385256621387023
0.0797000000000013,-0.612907053650819,0.587785252295646,-0.306453526825409
0.0798000000000013,-0.425779291562579,0.809016994377262,-0.212889645781289
0.0799000000000013,-0.218143241393856,0.951056516296366,-0.109071620696928
0.0800000000000013,2.75004779267396E-12,1,1.37502389633698E-12
0.0801000000000013,0.218143241399251,0.951056516293931,0.109071620699626
0.0802000000000013,0.425779291567581,0.809016994372612,0.212889645783791
0.0803000000000013,0.612907053655165,0.587785252289269,0.306453526827582
0.0804000000000013,0.770513242777571,0.309016994371166,0.385256621388785
0.0805000000000013,0.891006524189635,-3.99227355243563E-12,0.445503262094818
0.0806000000000013,0.968583161129325,-0.30901699437876,0.484291580564662
0.0807000000000013,0.99950656036582,-0.587785252295706,0.49975328018291
0.0808000000000013,0.982287250728162,-0.809016994377305,0.491143625364081
0.0809000000000013,0.917754625682866,-0.951056516296398,0.458877312841433
0.0810000000000013,0.809016994373282,-1,0.404508497186641
0.0811000000000013,0.661311865321529,-0.951056516293899,0.330655932660764
0.0812000000000013,0.481753674099238,-0.809016994372568,0.240876837049619
0.0813000000000013,0.27899110603649,-0.587785252289186,0.139495553018245
0.0814000000000013,0.0627905195264693,-0.309016994371068,0.0313952597632346
0.0815000000000013,-0.156434465043043,4.06675807501052E-12,-0.0782172325215213
0.0816000000000013,-0.368124552687348,0.309016994378857,-0.184062276343674
0.0817000000000013,-0.562083377854504,0.587785252295789,-0.281041688927252
0.0818000000000013,-0.728968627423373,0.809016994377349,-0.364484313711687
0.0819000000000013,-0.860742027005415,0.95105651629643,-0.430371013502708
0.0820000000000013,-0.951056516296046,1,-0.475528258148023
0.0821000000000013,-0.995561964603352,0.951056516293867,-0.497780982301676
0.0822000000000013,-0.992114701314113,0.809016994372508,-0.496057350657057
0.0823000000000013,-0.94088076895324,0.587785252289126,-0.47044038447662
0.0824000000000013,-0.844327925500459,0.30901699437097,-0.422163962750229
0.0825000000000013,-0.707106781184476,-4.16966430701582E-12,-0.353553390592238
0.0826000000000013,-0.535826794976525,-0.309016994378901,-0.267913397488263
0.0827000000000013,-0.33873792024254,-0.587785252295872,-0.16936896012127
0.0828000000000013,-0.125333233561406,-0.80901699437741,-0.0626666167807031
0.0829000000000013,0.0941083133214477,-0.951056516296462,0.0470541566607238
0.0830000000000014,0.309016994377747,-1,0.154508497188873
0.0831000000000014,0.509041415752902,-0.951056516293853,0.254520707876451
0.0832000000000014,0.684547105930851,-0.809016994372448,0.342273552965425
0.0833000000000014,0.827080574276227,-0.587785252289042,0.413540287138114
0.0834000000000014,0.929776485889341,-0.309016994370926,0.46488824294467
0.0835000000000014,0.987688340595605,4.27257053902112E-12,0.493844170297802
0.0836000000000014,0.998026728428084,0.309016994378999,0.499013364214042
0.0837000000000014,0.960293685676112,0.587785252295956,0.480146842838056
0.0838000000000014,0.876306680042416,0.80901699437747,0.438153340021208
0.0839000000000014,0.750111069628475,0.951056516296476,0.375055534814237
0.0840000000000014,0.587785252290047,1,0.293892626145024
0.0841000000000014,0.397147890632005,0.951056516293821,0.198573945316003
0.0842000000000014,0.187381314582757,0.80901699437242,0.0936906572913787
0.0843000000000014,-0.0314107590811445,0.587785252288959,-0.0157053795405723
0.0844000000000014,-0.248689887167802,0.309016994370828,-0.124344943583901
0.0845000000000014,-0.453990499742256,-4.37547677102642E-12,-0.226995249871128
0.0846000000000014,-0.63742398975103,-0.309016994379097,-0.318711994875515
0.0847000000000014,-0.790155012377567,-0.587785252295993,-0.395077506188784
0.0848000000000014,-0.904827052467322,-0.809016994377531,-0.452413526233661
0.0849000000000014,-0.975916761939414,-0.951056516296508,-0.487958380969707
0.0850000000000014,-1,-1,-0.5
0.0851000000000014,-0.975916761938076,-0.951056516293789,-0.487958380969038
0.0852000000000014,-0.90482705246471,-0.80901699437236,-0.452413526232355
0.0853000000000014,-0.79015501237379,-0.587785252288876,-0.395077506186895
0.0854000000000014,-0.637423989746303,-0.30901699437073,-0.318711994873151
0.0855000000000014,-0.453990499736789,4.42153958417092E-12,-0.226995249868395
0.0856000000000014,-0.248689887161832,0.309016994379195,-0.124344943580916
0.0857000000000014,-0.0314107590750124,0.587785252296076,-0.0157053795375062
0.0858000000000014,0.187381314588784,0.809016994377558,0.0936906572943919
0.0859000000000014,0.397147890637662,0.95105651629654,0.198573945318831
0.0860000000000014,0.587785252295011,1,0.293892626147505
0.0861000000000014,0.750111069632532,0.951056516293758,0.375055534816266
0.0862000000000015,0.876306680045385,0.809016994372299,0.438153340022693
0.0863000000000014,0.960293685677824,0.587785252288839,0.480146842838912
0.0864000000000014,0.99802672842847,0.309016994370633,0.499013364214235
0.0865000000000014,0.987688340594641,-4.52444581617621E-12,0.49384417029732
0.0866000000000015,0.929776485887082,-0.309016994379239,0.464888242943541
0.0867000000000015,0.827080574272779,-0.587785252296159,0.413540287136389
0.0868000000000015,0.684547105926358,-0.809016994377618,0.342273552963179
0.0869000000000015,0.509041415747621,-0.951056516296571,0.254520707873811
0.0870000000000015,0.309016994371912,-1,0.154508497185956
0.0871000000000015,0.0941083133153114,-0.951056516293743,0.0470541566576557
0.0872000000000015,-0.125333233567493,-0.809016994372239,-0.0626666167837465
0.0873000000000015,-0.338737920248313,-0.587785252288755,-0.169368960124156
0.0874000000000015,-0.535826794981729,-0.309016994370589,-0.267913397490865
0.0875000000000015,-0.707106781188834,4.62735204818152E-12,-0.353553390594417
0.0876000000000015,-0.844327925503746,0.309016994379336,-0.422163962751873
0.0877000000000015,-0.940880768955328,0.587785252296243,-0.470440384477664
0.0878000000000015,-0.992114701314886,0.809016994377679,-0.496057350657443
0.0879000000000015,-0.995561964602774,0.951056516296586,-0.497780982301387
0.0880000000000015,-0.951056516294142,1,-0.475528258147071
0.0881000000000015,-0.860742027002278,0.951056516293712,-0.430371013501139
0.0882000000000015,-0.728968627419174,0.809016994372212,-0.364484313709587
0.0883000000000015,-0.562083377849429,0.587785252288672,-0.281041688924715
0.0884000000000015,-0.368124552681618,0.309016994370491,-0.184062276340809
0.0885000000000015,-0.156434465036983,-4.73025828018681E-12,-0.0782172325184915
0.0886000000000015,0.0627905195325923,-0.309016994379434,0.0313952597662962
0.0887000000000015,0.278991106042409,-0.58778525229628,0.139495553021204
0.0888000000000015,0.481753674104614,-0.809016994377739,0.240876837052307
0.0889000000000015,0.661311865326131,-0.951056516296617,0.330655932663065
0.0890000000000015,0.809016994376905,-1,0.404508497188452
0.0891000000000015,0.917754625685303,-0.95105651629368,0.458877312842651
0.0892000000000015,0.982287250729311,-0.809016994372151,0.491143625364656
0.0893000000000015,0.999506560365626,-0.587785252288589,0.499753280182813
0.0894000000000015,0.968583161127799,-0.309016994370393,0.484291580563899
0.0895000000000015,0.89100652418685,4.77632109333131E-12,0.445503262093425
0.0896000000000015,0.770513242773642,0.309016994379532,0.385256621386821
0.0897000000000015,0.612907053650317,0.587785252296363,0.306453526825158
0.0898000000000016,0.42577929156203,0.8090169943778,0.212889645781015
0.0899000000000016,0.218143241393236,0.951056516296649,0.109071620696618
0.0900000000000015,-3.38512628841985E-12,1,-1.69256314420993E-12
0.0901000000000015,-0.218143241399843,0.951056516293648,-0.109071620699922
0.0902000000000016,-0.425779291568156,0.809016994372091,-0.212889645784078
0.0903000000000016,-0.612907053655667,0.587785252288552,-0.306453526827833
0.0904000000000016,-0.770513242777957,0.309016994370295,-0.385256621388979
0.0905000000000016,-0.891006524189924,-4.87922732533661E-12,-0.445503262094962
0.0906000000000016,-0.968583161129483,-0.30901699437963,-0.484291580564741
0.0907000000000016,-0.999506560365839,-0.587785252296446,-0.49975328018292
0.0908000000000016,-0.982287250728043,-0.809016994377827,-0.491143625364021
0.0909000000000016,-0.917754625682614,-0.951056516296681,-0.458877312841307
0.0910000000000016,-0.809016994372925,-1,-0.404508497186463
0.0911000000000016,-0.661311865321052,-0.951056516293634,-0.330655932660526
0.0912000000000016,-0.481753674098681,-0.80901699437203,-0.24087683704934
0.0913000000000016,-0.278991106035907,-0.587785252288468,-0.139495553017954
0.0914000000000016,-0.0627905195258354,-0.309016994370197,-0.0313952597629177
0.0915000000000016,0.15643446504367,4.98213355734191E-12,0.0782172325218349
0.0916000000000016,0.368124552687912,0.309016994379674,0.184062276343956
0.0917000000000016,0.562083377855029,0.58778525229653,0.281041688927514
0.0918000000000016,0.728968627423808,0.809016994377887,0.364484313711904
0.0919000000000016,0.860742027005724,0.951056516296695,0.430371013502862
0.0920000000000016,0.951056516296242,1,0.475528258148121
0.0921000000000016,0.995561964603411,0.951056516293602,0.497780982301706
0.0922000000000016,0.992114701314037,0.80901699437197,0.496057350657019
0.0923000000000016,0.940880768953025,0.587785252288385,0.470440384476513
0.0924000000000016,0.844327925500118,0.309016994370153,0.422163962750059
0.0925000000000016,0.707106781184047,-5.08503978934721E-12,0.353553390592023
0.0926000000000016,0.535826794975989,-0.309016994379772,0.267913397487994
0.0927000000000016,0.338737920241943,-0.587785252296567,0.169368960120971
0.0928000000000016,0.125333233560776,-0.809016994377948,0.0626666167803881
0.0929000000000016,-0.0941083133220799,-0.951056516296727,-0.04705415666104
0.0930000000000016,-0.309016994378351,-1,-0.154508497189175
0.0931000000000016,-0.509041415753449,-0.95105651629357,-0.254520707876724
0.0932000000000016,-0.684547105931314,-0.809016994371943,-0.342273552965657
0.0933000000000016,-0.827080574276584,-0.587785252288302,-0.413540287138292
0.0934000000000017,-0.929776485889575,-0.309016994370056,-0.464888242944787
0.0935000000000017,-0.9876883405957,5.1311026024917E-12,-0.49384417029785
0.0936000000000016,-0.998026728428044,0.30901699437987,-0.499013364214022
0.0937000000000017,-0.960293685675935,0.58778525229665,-0.480146842837967
0.0938000000000017,-0.876306680042124,0.809016994378008,-0.438153340021062
0.0939000000000017,-0.750111069628055,0.951056516296759,-0.375055534814027
0.0940000000000017,-0.587785252289534,1,-0.293892626144767
0.0941000000000017,-0.397147890631449,0.951056516293538,-0.198573945315724
0.0942000000000017,-0.187381314582134,0.809016994371882,-0.0936906572910668
0.0943000000000017,0.0314107590817793,0.587785252288265,0.0157053795408897
0.0944000000000017,0.24868988716839,0.309016994369958,0.124344943584195
0.0945000000000017,0.453990499742821,-5.234008834497E-12,0.226995249871411
0.0946000000000017,0.637423989751519,-0.309016994379967,0.31871199487576
0.0947000000000017,0.790155012377939,-0.587785252296733,0.39507750618897
0.0948000000000017,0.904827052467592,-0.809016994378035,0.452413526233796
0.0949000000000017,0.975916761939553,-0.951056516296791,0.487958380969776
0.0950000000000017,1,-1,0.5
0.0951000000000017,0.975916761937937,-0.951056516293524,0.487958380968969
0.0952000000000017,0.904827052464439,-0.809016994371822,0.45241352623222
0.0953000000000017,0.790155012373418,-0.587785252288181,0.395077506186709
0.0954000000000017,0.637423989745813,-0.30901699436986,0.318711994872907
0.0955000000000017,0.453990499736223,5.3369150665023E-12,0.226995249868112
0.0956000000000017,0.248689887161245,0.309016994380011,0.124344943580622
0.0957000000000017,0.0314107590743776,0.587785252296817,0.0157053795371888
0.0958000000000017,-0.187381314589408,0.809016994378096,-0.0936906572947039
0.0959000000000017,-0.397147890638219,0.951056516296823,-0.198573945319109
0.0960000000000017,-0.587785252295525,1,-0.293892626147762
0.0961000000000017,-0.750111069632952,0.951056516293492,-0.375055534816476
0.0962000000000017,-0.876306680045678,0.809016994371761,-0.438153340022839
0.0963000000000017,-0.960293685678001,0.587785252288098,-0.480146842839
0.0964000000000017,-0.998026728428509,0.309016994369816,-0.499013364214255
0.0965000000000017,-0.987688340594545,-5.4398212985076E-12,-0.493844170297273
0.0966000000000017,-0.929776485886849,-0.309016994380109,-0.464888242943424
0.0967000000000017,-0.827080574272422,-0.5877852522969,-0.413540287136211
0.0968000000000017,-0.684547105925915,-0.809016994378156,-0.342273552962958
0.0969000000000018,-0.509041415747075,-0.951056516296837,-0.254520707873537
0.0970000000000018,-0.309016994371308,-1,-0.154508497185654
0.0971000000000018,-0.0941083133147075,-0.95105651629346,-0.0470541566573537
0.0972000000000018,0.125333233568123,-0.809016994371734,0.0626666167840615
0.0973000000000018,0.33873792024891,-0.587785252288015,0.169368960124455
0.0974000000000018,0.535826794982242,-0.309016994369718,0.267913397491121
0.0975000000000018,0.707106781189283,5.5427275305129E-12,0.353553390594642
0.0976000000000018,0.844327925504086,0.309016994380207,0.422163962752043
0.0977000000000018,0.940880768955534,0.587785252296937,0.470440384477767
0.0978000000000018,0.992114701314965,0.809016994378217,0.496057350657483
0.0979000000000018,0.995561964602714,0.951056516296869,0.497780982301357
0.0980000000000018,0.951056516293954,1,0.475528258146977
0.0981000000000018,0.860742027001955,0.951056516293429,0.430371013500977
0.0982000000000018,0.728968627418739,0.809016994371674,0.364484313709369
0.0983000000000018,0.562083377848904,0.587785252287932,0.281041688924452
0.0984000000000018,0.368124552681027,0.30901699436962,0.184062276340514
0.0985000000000018,0.156434465036356,-5.58879034365739E-12,0.0782172325181778
0.0986000000000018,-0.0627905195332261,-0.309016994380305,-0.0313952597666131
0.0987000000000018,-0.278991106043018,-0.58778525229702,-0.139495553021509
0.0988000000000018,-0.48175367410517,-0.809016994378244,-0.240876837052585
0.0989000000000018,-0.661311865326607,-0.9510565162969,-0.330655932663304
0.0990000000000018,-0.809016994377261,-1,-0.404508497188631
0.0991000000000018,-0.917754625685555,-0.951056516293397,-0.458877312842777
0.0992000000000018,-0.98228725072943,-0.809016994371613,-0.491143625364715
0.0993000000000018,-0.999506560365607,-0.587785252287894,-0.499753280182804
0.0994000000000018,-0.968583161127641,-0.309016994369522,-0.484291580563821
0.0995000000000018,-0.891006524186562,5.69169657566269E-12,-0.445503262093281
0.0996000000000018,-0.770513242773255,0.309016994380349,-0.385256621386628
0.0997000000000018,-0.612907053649815,0.587785252297104,-0.306453526824908
0.0998000000000018,-0.425779291561455,0.809016994378304,-0.212889645780728
0.0999000000000018,-0.218143241392644,0.951056516296932,-0.109071620696322
0.100000000000002,4.02020478416574E-12,1,2.01010239208287E-12
0.100100000000002,0.218143241400463,0.951056516293383,0.109071620700231
0.100200000000002,0.425779291568705,0.809016994371553,0.212889645784352
0.100300000000002,0.612907053656168,0.587785252287811,0.306453526828084
0.100400000000002,0.770513242778362,0.309016994369479,0.385256621389181
0.100500000000002,0.891006524190199,-5.79460280766799E-12,0.4455032620951
0.100600000000002,0.96858316112964,-0.309016994380447,0.48429158056482
0.100700000000002,0.999506560365859,-0.587785252297187,0.499753280182929
0.100800000000002,0.982287250727929,-0.809016994378365,0.491143625363965
0.100900000000002,0.917754625682361,-0.951056516296946,0.458877312841181
0.101000000000002,0.809016994372552,-1,0.404508497186276
0.101100000000002,0.661311865320597,-0.951056516293351,0.330655932660299
0.101200000000002,0.481753674098125,-0.809016994371526,0.240876837049062
0.101300000000002,0.278991106035297,-0.587785252287728,0.139495553017649
0.101400000000002,0.06279051952523,-0.309016994369381,0.031395259762615
0.101500000000002,-0.156434465044297,5.89750903967329E-12,-0.0782172325221485
0.101600000000002,-0.368124552688503,0.309016994380544,-0.184062276344251
0.101700000000002,-0.562083377855531,0.587785252297224,-0.281041688927765
0.101800000000002,-0.728968627424243,0.809016994378425,-0.364484313712121
0.101900000000002,-0.860742027006048,0.951056516296978,-0.430371013503024
0.102000000000002,-0.95105651629643,1,-0.475528258148215
0.102100000000002,-0.995561964603471,0.951056516293319,-0.497780982301736
0.102200000000002,-0.992114701313957,0.809016994371465,-0.496057350656979
0.102300000000002,-0.94088076895282,0.587785252287645,-0.47044038447641
0.102400000000002,-0.844327925499778,0.309016994369283,-0.422163962749889
0.102500000000002,-0.707106781183598,-5.94357185281778E-12,-0.353553390591799
0.102600000000002,-0.535826794975477,-0.309016994380642,-0.267913397487738
0.102700000000002,-0.338737920241345,-0.587785252297307,-0.169368960120673
0.102800000000002,-0.125333233560146,-0.809016994378452,-0.062666616780073
0.102900000000002,0.0941083133226839,-0.95105651629701,0.047054156661342
0.103000000000002,0.309016994378955,-1,0.154508497189477
0.103100000000002,0.509041415753996,-0.951056516293287,0.254520707876998
0.103200000000002,0.684547105931756,-0.809016994371405,0.342273552965878
0.103300000000002,0.827080574276941,-0.587785252287607,0.413540287138471
0.103400000000002,0.929776485889808,-0.309016994369185,0.464888242944904
0.103500000000002,0.987688340595799,6.04647808482308E-12,0.493844170297899
0.103600000000002,0.998026728428004,0.30901699438074,0.499013364214002
0.103700000000002,0.960293685675758,0.587785252297391,0.480146842837879
0.103800000000002,0.876306680041818,0.809016994378513,0.438153340020909
0.103900000000002,0.750111069627635,0.951056516297042,0.375055534813817
0.104000000000002,0.58778525228902,1,0.29389262614451
0.104100000000002,0.397147890630866,0.951056516293273,0.198573945315433
0.104200000000002,0.18738131458151,0.809016994371344,0.0936906572907549
0.104300000000002,-0.0314107590824141,0.587785252287524,-0.015705379541207
0.104400000000002,-0.248689887169005,0.309016994369087,-0.124344943584503
0.104500000000002,-0.453990499743362,-6.14938431682838E-12,-0.226995249871681
0.104600000000002,-0.637423989752009,-0.309016994380784,-0.318711994876004
0.104700000000002,-0.790155012378328,-0.587785252297474,-0.395077506189164
0.104800000000002,-0.904827052467851,-0.809016994378573,-0.452413526233925
0.104900000000002,-0.975916761939691,-0.951056516297056,-0.487958380969846
0.105000000000002,-1,-1,-0.5
0.105100000000002,-0.975916761937805,-0.951056516293241,-0.487958380968902
0.105200000000002,-0.904827052464169,-0.809016994371284,-0.452413526232085
0.105300000000002,-0.790155012373029,-0.587785252287441,-0.395077506186514
0.105400000000002,-0.637423989745346,-0.309016994369043,-0.318711994872673
0.105500000000002,-0.453990499735657,6.25229054883368E-12,-0.226995249867829
0.105600000000002,-0.24868988716063,0.309016994380882,-0.124344943580315
0.105700000000002,-0.0314107590737713,0.587785252297511,-0.0157053795368856
0.105800000000002,0.187381314590032,0.809016994378634,0.0936906572950158
0.105900000000002,0.397147890638802,0.951056516297088,0.198573945319401
0.106000000000002,0.587785252296015,1,0.293892626148008
0.106100000000002,0.750111069633372,0.951056516293209,0.375055534816686
0.106200000000002,0.876306680045984,0.809016994371257,0.438153340022992
0.106300000000002,0.96029368567817,0.587785252287358,0.480146842839085
0.106400000000002,0.998026728428549,0.309016994368945,0.499013364214275
0.106500000000002,0.987688340594446,-6.29835336197817E-12,0.493844170297223
0.106600000000002,0.929776485886625,-0.30901699438098,0.464888242943313
0.106700000000002,0.827080574272065,-0.587785252297594,0.413540287136032
0.106800000000002,0.684547105925452,-0.809016994378694,0.342273552962726
0.106900000000002,0.509041415746553,-0.95105651629712,0.254520707873276
0.107000000000002,0.309016994370704,-1,0.154508497185352
0.107100000000002,0.0941083133140752,-0.951056516293178,0.0470541566570376
0.107200000000002,-0.125333233568725,-0.809016994371196,-0.0626666167843625
0.107300000000002,-0.338737920249508,-0.58778525228732,-0.169368960124754
0.107400000000002,-0.535826794982778,-0.309016994368848,-0.267913397491389
0.107500000000002,-0.707106781189712,6.40125959398347E-12,-0.353553390594856
0.107600000000002,-0.844327925504427,0.309016994381078,-0.422163962752213
0.107700000000002,-0.940880768955749,0.587785252297678,-0.470440384477875
0.107800000000002,-0.992114701315041,0.809016994378721,-0.496057350657521
0.107900000000002,-0.995561964602655,0.951056516297151,-0.497780982301327
0.108000000000002,-0.951056516293758,1,-0.475528258146879
0.108100000000002,-0.860742027001646,0.951056516293163,-0.430371013500823
0.108200000000002,-0.728968627418304,0.809016994371136,-0.364484313709152
0.108300000000002,-0.562083377848379,0.587785252287237,-0.281041688924189
0.108400000000002,-0.368124552680463,0.30901699436875,-0.184062276340232
0.108500000000002,-0.156434465035728,-6.50416582598877E-12,-0.0782172325178642
0.108600000000002,0.06279051953386,-0.309016994381121,0.03139525976693
0.108700000000002,0.278991106043601,-0.587785252297761,0.139495553021801
0.108800000000002,0.481753674105727,-0.809016994378782,0.240876837052863
0.108900000000002,0.661311865327084,-0.951056516297166,0.330655932663542
0.109000000000002,0.809016994377635,-1,0.404508497188817
0.109100000000002,0.917754625685807,-0.951056516293132,0.458877312842903
0.109200000000002,0.98228725072955,-0.809016994371075,0.491143625364775
0.109300000000002,0.999506560365587,-0.587785252287154,0.499753280182794
0.109400000000002,0.968583161127483,-0.309016994368706,0.484291580563742
0.109500000000002,0.891006524186273,6.60707205799407E-12,0.445503262093137
0.109600000000002,0.77051324277285,0.309016994381219,0.385256621386425
0.109700000000002,0.612907053649313,0.587785252297798,0.306453526824657
0.109800000000002,0.425779291560881,0.809016994378843,0.21288964578044
0.109900000000002,0.218143241392024,0.951056516297197,0.109071620696012
0.110000000000002,-4.62686157048122E-12,1,-2.31343078524061E-12
0.110100000000002,-0.218143241401083,0.9510565162931,-0.109071620700541
0.110200000000002,-0.425779291569279,0.809016994371048,-0.21288964578464
0.110300000000002,-0.612907053656648,0.58778525228707,-0.306453526828324
0.110400000000002,-0.770513242778767,0.309016994368608,-0.385256621389383
0.110500000000002,-0.891006524190487,-6.70997828999937E-12,-0.445503262095244
0.110600000000002,-0.968583161129791,-0.309016994381317,-0.484291580564896
0.110700000000002,-0.999506560365879,-0.587785252297882,-0.499753280182939
0.110800000000002,-0.98228725072781,-0.809016994378903,-0.491143625363905
0.110900000000002,-0.91775462568212,-0.951056516297229,-0.45887731284106
0.111000000000002,-0.809016994372179,-1,-0.404508497186089
0.111100000000002,-0.661311865320121,-0.951056516293068,-0.33065593266006
0.111200000000002,-0.481753674097593,-0.809016994370988,-0.240876837048796
0.111300000000002,-0.278991106034687,-0.587785252286987,-0.139495553017344
0.111400000000002,-0.0627905195245961,-0.30901699436851,-0.0313952597622981
0.111500000000002,0.156434465044896,6.75604110314386E-12,0.0782172325224481
0.111600000000002,0.368124552689093,0.309016994381415,0.184062276344547
0.111700000000002,0.562083377856056,0.587785252297965,0.281041688928028
0.111800000000002,0.728968627424658,0.80901699437893,0.364484313712329
0.111900000000002,0.860742027006371,0.951056516297261,0.430371013503186
0.112000000000002,0.951056516296626,1,0.475528258148313
0.112100000000002,0.995561964603528,0.951056516293036,0.497780982301764
0.112200000000002,0.992114701313878,0.809016994370927,0.496057350656939
0.112300000000002,0.940880768952605,0.58778525228695,0.470440384476302
0.112400000000002,0.844327925499453,0.309016994368412,0.422163962749726
0.112500000000002,0.707106781183149,-6.85894733514916E-12,0.353553390591574
0.112600000000002,0.535826794974941,-0.309016994381459,0.26791339748747
0.112700000000002,0.338737920240774,-0.587785252298048,0.169368960120387
0.112800000000002,0.125333233559516,-0.80901699437899,0.062666616779758
0.112900000000002,-0.0941083133233162,-0.951056516297293,-0.0470541566616581
0.113000000000002,-0.309016994379532,-1,-0.154508497189766
0.113100000000002,-0.509041415754542,-0.951056516293022,-0.254520707877271
0.113200000000002,-0.684547105932219,-0.809016994370867,-0.342273552966109
0.113300000000002,-0.827080574277282,-0.587785252286867,-0.413540287138641
0.113400000000002,-0.929776485890042,-0.309016994368369,-0.464888242945021
0.113500000000002,-0.987688340595898,6.96185356715446E-12,-0.493844170297949
0.113600000000002,-0.998026728427966,0.309016994381557,-0.499013364213983
0.113700000000002,-0.96029368567558,0.587785252298131,-0.48014684283779
0.113800000000002,-0.876306680041512,0.809016994379051,-0.438153340020756
0.113900000000002,-0.750111069627233,0.951056516297307,-0.375055534813617
0.114000000000002,-0.587785252288506,1,-0.293892626144253
0.114100000000002,-0.397147890630283,0.95105651629299,-0.198573945315142
0.114200000000002,-0.187381314580914,0.80901699437084,-0.0936906572904569
0.114300000000002,0.0314107590830488,0.587785252286783,0.0157053795415244
0.114400000000002,0.24868988716962,0.309016994368271,0.12434494358481
0.114500000000002,0.453990499743928,-7.06475979915976E-12,0.226995249871964
0.114600000000002,0.637423989752498,-0.309016994381655,0.318711994876249
0.114700000000002,0.790155012378718,-0.587785252298168,0.395077506189359
0.114800000000002,0.904827052468121,-0.809016994379111,0.452413526234061
0.114900000000002,0.97591676193983,-0.951056516297339,0.487958380969915
0.115000000000002,1,-1,0.5
0.115100000000002,0.975916761937666,-0.951056516292958,0.487958380968833
0.115200000000002,0.904827052463899,-0.809016994370779,0.452413526231949
0.115300000000002,0.790155012372639,-0.5877852522867,0.39507750618632
0.115400000000002,0.637423989744856,-0.309016994368173,0.318711994872428
0.115500000000002,0.453990499735117,7.11082261230425E-12,0.226995249867558
0.115600000000002,0.248689887160014,0.309016994381752,0.124344943580007
0.115700000000002,0.0314107590731365,0.587785252298252,0.0157053795365682
0.115800000000002,-0.187381314590627,0.809016994379138,-0.0936906572953137
0.115900000000002,-0.397147890639385,0.951056516297371,-0.198573945319692
0.116000000000002,-0.587785252296529,1,-0.293892626148265
0.116100000000002,-0.750111069633773,0.951056516292926,-0.375055534816887
0.116200000000002,-0.87630668004629,0.809016994370719,-0.438153340023145
0.116300000000002,-0.960293685678347,0.587785252286663,-0.480146842839174
0.116400000000002,-0.998026728428587,0.309016994368075,-0.499013364214294
0.116500000000002,-0.987688340594351,-7.21372884430955E-12,-0.493844170297176
0.116600000000002,-0.929776485886391,-0.309016994381796,-0.464888242943196
0.116700000000002,-0.827080574271708,-0.587785252298335,-0.413540287135854
0.116800000000002,-0.68454710592501,-0.809016994379199,-0.342273552962505
0.116900000000002,-0.509041415746006,-0.951056516297403,-0.254520707873003
0.117000000000002,-0.3090169943701,-1,-0.15450849718505
0.117100000000002,-0.0941083133134712,-0.951056516292912,-0.0470541566567356
0.117200000000002,0.125333233569355,-0.809016994370658,0.0626666167846775
0.117300000000002,0.338737920250105,-0.58778525228658,0.169368960125053
0.117400000000002,0.53582679498329,-0.309016994368031,0.267913397491645
0.117500000000002,0.707106781190161,7.31663507631485E-12,0.35355339059508
0.117600000000002,0.844327925504767,0.309016994381894,0.422163962752383
0.117700000000002,0.940880768955955,0.587785252298418,0.470440384477977
0.117800000000002,0.992114701315121,0.809016994379259,0.49605735065756
0.117900000000002,0.995561964602595,0.951056516297417,0.497780982301297
0.118000000000002,0.95105651629357,1,0.475528258146785
0.118100000000002,0.860742027001323,0.95105651629288,0.430371013500661
0.118200000000002,0.728968627417869,0.809016994370598,0.364484313708935
0.118300000000002,0.562083377847877,0.587785252286496,0.281041688923938
0.118400000000002,0.368124552679873,0.309016994367933,0.184062276339936
0.118500000000002,0.156434465035101,-7.41954130832015E-12,0.0782172325175506
0.118600000000002,-0.0627905195344654,-0.309016994381992,-0.0313952597672327
0.118700000000002,-0.278991106044211,-0.587785252298456,-0.139495553022105
0.118800000000002,-0.481753674106284,-0.80901699437932,-0.240876837053142
0.118900000000002,-0.661311865327539,-0.951056516297448,-0.330655932663769
0.119000000000002,-0.809016994378008,-1,-0.404508497189004
0.119100000000002,-0.917754625686059,-0.951056516292849,-0.45887731284303
0.119200000000002,-0.982287250729663,-0.809016994370571,-0.491143625364832
0.119300000000002,-0.999506560365567,-0.587785252286413,-0.499753280182784
0.119400000000002,-0.968583161127325,-0.309016994367835,-0.484291580563663
0.119500000000002,-0.891006524185998,7.46560412146464E-12,-0.445503262092999
0.119600000000002,-0.770513242772446,0.30901699438209,-0.385256621386223
0.119700000000002,-0.612907053648812,0.587785252298539,-0.306453526824406
0.119800000000002,-0.425779291560332,0.80901699437938,-0.212889645780166
0.119900000000002,-0.218143241391404,0.95105651629748,-0.109071620695702
0.120000000000002,5.29036177565751E-12,1,2.64518088782875E-12
0.120100000000002,0.218143241401675,0.951056516292817,0.109071620700837
0.120200000000002,0.425779291569854,0.80901699437051,0.212889645784927
0.120300000000002,0.612907053657172,0.587785252286376,0.306453526828586
0.120400000000002,0.770513242779154,0.309016994367737,0.385256621389577
0.120500000000002,0.891006524190776,-7.56851035346995E-12,0.445503262095388
0.120600000000002,0.968583161129956,-0.309016994382188,0.484291580564978
0.120700000000002,0.999506560365898,-0.587785252298622,0.499753280182949
0.120800000000002,0.982287250727691,-0.809016994379408,0.491143625363846
0.120900000000002,0.917754625681857,-0.951056516297512,0.458877312840929
0.121000000000002,0.809016994371822,-1,0.404508497185911
0.121100000000002,0.661311865319645,-0.951056516292803,0.330655932659822
0.121200000000002,0.481753674097012,-0.80901699437045,0.240876837048506
0.121300000000002,0.278991106034105,-0.587785252286293,0.139495553017052
0.121400000000002,0.0627905195239623,-0.30901699436764,0.0313952597619812
0.121500000000002,-0.156434465045552,7.67141658547524E-12,-0.0782172325227758
0.121600000000002,-0.368124552689657,0.309016994382231,-0.184062276344829
0.121700000000002,-0.562083377856581,0.587785252298705,-0.281041688928291
0.121800000000002,-0.728968627425112,0.809016994379468,-0.364484313712556
0.121900000000002,-0.86074202700668,0.951056516297526,-0.43037101350334
0.122000000000002,-0.951056516296822,1,-0.475528258148411
0.122100000000002,-0.995561964603591,0.951056516292771,-0.497780982301795
0.122200000000002,-0.992114701313802,0.809016994370389,-0.496057350656901
0.122300000000002,-0.94088076895239,0.587785252286209,-0.470440384476195
0.122400000000002,-0.844327925499097,0.309016994367596,-0.422163962749549
0.122500000000002,-0.70710678118272,-7.77432281748054E-12,-0.35355339059136
0.122600000000002,-0.535826794974404,-0.309016994382329,-0.267913397487202
0.122700000000002,-0.33873792024015,-0.587785252298743,-0.169368960120075
0.122800000000002,-0.125333233558914,-0.809016994379529,-0.0626666167794571
0.122900000000003,0.0941083133239484,-0.951056516297558,0.0470541566619742
0.123000000000002,0.309016994380163,-1,0.154508497190081
0.123100000000003,0.509041415755064,-0.951056516292739,0.254520707877532
0.123200000000002,0.684547105932682,-0.809016994370362,0.342273552966341
0.123300000000003,0.827080574277655,-0.587785252286126,0.413540287138827
0.123400000000003,0.929776485890266,-0.309016994367498,0.464888242945133
0.123500000000003,0.987688340595998,7.82038563062504E-12,0.493844170297999
0.123600000000003,0.998026728427928,0.309016994382427,0.499013364213964
0.123700000000003,0.960293685675411,0.587785252298826,0.480146842837706
0.123800000000003,0.876306680041206,0.809016994379589,0.438153340020603
0.123900000000003,0.750111069626832,0.95105651629759,0.375055534813416
0.124000000000003,0.587785252288015,1,0.293892626144008
0.124100000000003,0.3971478906297,0.951056516292707,0.19857394531485
0.124200000000003,0.187381314580318,0.809016994370302,0.0936906572901589
0.124300000000003,-0.0314107590836552,0.587785252286089,-0.0157053795418276
0.124400000000003,-0.248689887170235,0.3090169943674,-0.124344943585118
0.124500000000003,-0.453990499744468,-7.92329186263033E-12,-0.226995249872234
0.124600000000003,-0.637423989752965,-0.309016994382525,-0.318711994876483
0.124700000000003,-0.790155012379107,-0.587785252298909,-0.395077506189553
0.124800000000003,-0.90482705246838,-0.809016994379616,-0.45241352623419
0.124900000000003,-0.975916761939962,-0.951056516297622,-0.487958380969981
0.125000000000003,-1,-1,-0.5
0.125100000000003,-0.975916761937534,-0.951056516292693,-0.487958380968767
0.125200000000003,-0.904827052463665,-0.809016994370308,-0.452413526231832
0.125300000000003,-0.79015501237232,-0.587785252286098,-0.39507750618616
0.125400000000003,-0.637423989744477,-0.309016994367464,-0.318711994872238
0.125500000000003,-0.453990499734703,7.7988244191924E-12,-0.226995249867351
0.125600000000002,-0.248689887159565,0.309016994382353,-0.124344943579782
0.125700000000002,-0.0314107590727006,0.587785252298716,-0.0157053795363503
0.125800000000002,0.187381314591028,0.809016994379476,0.093690657295514
0.125900000000002,0.397147890639707,0.951056516297531,0.198573945319853
0.126000000000002,0.58778525229679,1,0.293892626148395
0.126100000000002,0.750111069633968,0.951056516292802,0.375055534816984
0.126200000000002,0.876306680046404,0.809016994370515,0.438153340023202
0.126300000000002,0.960293685678405,0.587785252286382,0.480146842839203
0.126400000000002,0.998026728428602,0.309016994367799,0.499013364214301
0.126500000000002,0.987688340594319,-7.44698330031124E-12,0.493844170297159
0.126600000000002,0.929776485886336,-0.309016994382018,0.464888242943168
0.126700000000002,0.827080574271654,-0.587785252298432,0.413540287135827
0.126800000000002,0.684547105924941,-0.809016994379269,0.34227355296247
0.126900000000002,0.509041415745973,-0.951056516297422,0.254520707872987
0.127000000000002,0.309016994370118,-1,0.154508497185059
0.127100000000002,0.0941083133134898,-0.95105651629291,0.0470541566567449
0.127200000000002,-0.125333233569337,-0.809016994370688,-0.0626666167846683
0.127300000000002,-0.338737920250034,-0.587785252286667,-0.169368960125017
0.127400000000002,-0.535826794983226,-0.309016994368134,-0.267913397491613
0.127500000000002,-0.707106781190068,7.09514218143007E-12,-0.353553390595034
0.127600000000002,-0.844327925504665,0.309016994381683,-0.422163962752333
0.127700000000002,-0.94088076895589,0.587785252298193,-0.470440384477945
0.127800000000002,-0.99211470131509,0.809016994379062,-0.496057350657545
0.127900000000002,-0.995561964602623,0.951056516297313,-0.497780982301312
0.128000000000002,-0.951056516293646,1,-0.475528258146823
0.128100000000002,-0.860742027001477,0.951056516293019,-0.430371013500738
0.128200000000002,-0.728968627418116,0.809016994370895,-0.364484313709058
0.128300000000002,-0.562083377848175,0.587785252286952,-0.281041688924087
0.128400000000002,-0.36812455268026,0.309016994368468,-0.18406227634013
0.128500000000002,-0.156434465035569,-6.74330106254891E-12,-0.0782172325177843
0.128600000000002,0.062790519533993,-0.309016994381349,0.0313952597669965
0.128700000000002,0.278991106043702,-0.587785252297908,0.139495553021851
0.128800000000002,0.481753674105819,-0.809016994378856,0.240876837052909
0.128900000000002,0.661311865327141,-0.951056516297204,0.33065593266357
0.129000000000002,0.809016994377663,-1,0.404508497188832
0.129100000000002,0.917754625685804,-0.951056516293128,0.458877312842902
0.129200000000002,0.982287250729543,-0.809016994371102,0.491143625364771
0.129300000000002,0.999506560365589,-0.587785252287236,0.499753280182795
0.129400000000002,0.968583161127513,-0.309016994368803,0.484291580563757
0.129500000000002,0.891006524186342,6.44830336252855E-12,0.445503262093171
0.129600000000002,0.770513242772928,0.309016994381014,0.385256621386464
0.129700000000002,0.612907053649455,0.587785252297624,0.306453526824728
0.129800000000002,0.425779291561069,0.809016994378649,0.212889645780534
0.129900000000002,0.218143241392255,0.951056516297096,0.109071620696127
0.130000000000002,-4.36224625273118E-12,1,-2.18112312636559E-12
0.130100000000002,-0.218143241400769,0.951056516293237,-0.109071620700385
0.130200000000002,-0.425779291568963,0.809016994371309,-0.212889645784481
0.130300000000002,-0.612907053656394,0.587785252287521,-0.306453526828197
0.130400000000002,-0.770513242778526,0.309016994369137,-0.385256621389263
0.130500000000002,-0.891006524190303,-6.09646224364739E-12,-0.445503262095151
0.130600000000002,-0.968583161129683,-0.30901699438068,-0.484291580564842
0.130700000000002,-0.999506560365863,-0.587785252297339,-0.499753280182932
0.130800000000002,-0.982287250727908,-0.809016994378442,-0.491143625363954
0.130900000000002,-0.917754625682339,-0.951056516296987,-0.458877312841169
0.131000000000002,-0.809016994372535,-1,-0.404508497186267
0.131100000000002,-0.661311865320554,-0.951056516293345,-0.330655932660277
0.131200000000002,-0.481753674098124,-0.809016994371515,-0.240876837049062
0.131300000000002,-0.278991106035324,-0.587785252287759,-0.139495553017662
0.131400000000002,-0.0627905195252857,-0.309016994369472,-0.0313952597626429
0.131500000000002,0.156434465044186,5.74462112476622E-12,0.0782172325220929
0.131600000000002,0.368124552688372,0.309016994380345,0.184062276344186
0.131700000000002,0.56208337785539,0.587785252297054,0.281041688927695
0.131800000000002,0.728968627424088,0.809016994378269,0.364484313712044
0.131900000000002,0.860742027005947,0.951056516296878,0.430371013502973
0.132000000000002,0.95105651629636,1,0.47552825814818
0.132100000000002,0.995561964603444,0.951056516293454,0.497780982301722
0.132200000000002,0.992114701313997,0.809016994371722,0.496057350656998
0.132300000000002,0.940880768952935,0.587785252288044,0.470440384476468
0.132400000000002,0.844327925499991,0.309016994369807,0.422163962749995
0.132500000000002,0.707106781183898,-5.39278000588506E-12,0.353553390591949
0.132600000000002,0.53582679497586,-0.30901699438001,0.26791339748793
0.132700000000002,0.338737920241772,-0.58778525229677,0.169368960120886
0.132800000000002,0.125333233560624,-0.809016994378062,0.0626666167803122
0.132900000000002,-0.0941083133221756,-0.95105651629677,-0.0470541566610878
0.133000000000002,-0.309016994378415,-1,-0.154508497189208
0.133100000000002,-0.509041415753483,-0.951056516293545,-0.254520707876741
0.133200000000002,-0.684547105931301,-0.809016994371929,-0.34227355296565
0.133300000000002,-0.827080574276558,-0.587785252288329,-0.413540287138279
0.133400000000002,-0.929776485889547,-0.309016994370141,-0.464888242944774
0.133500000000002,-0.987688340595692,5.0409388870039E-12,-0.493844170297846
0.133600000000002,-0.998026728428051,0.30901699437973,-0.499013364214025
0.133700000000002,-0.960293685675971,0.587785252296485,-0.480146842837986
0.133800000000002,-0.876306680042201,0.809016994377855,-0.4381533400211
0.133900000000002,-0.750111069628198,0.951056516296661,-0.375055534814099
0.134000000000002,-0.587785252289732,1,-0.293892626144866
0.134100000000002,-0.3971478906317,0.951056516293654,-0.19857394531585
0.134200000000002,-0.187381314582458,0.809016994372136,-0.093690657291229
0.134300000000002,0.0314107590814776,0.587785252288613,0.0157053795407388
0.134400000000002,0.24868988716807,0.309016994370476,0.124344943584035
0.134500000000002,0.453990499742476,-4.68909776812273E-12,0.226995249871238
0.134600000000002,0.637423989751199,-0.309016994379395,0.318711994875599
0.134700000000001,0.790155012377667,-0.587785252296201,0.395077506188833
0.134800000000001,0.904827052467379,-0.809016994377648,0.45241352623369
0.134900000000001,0.975916761939437,-0.951056516296552,0.487958380969719
0.135000000000001,1,-1,0.5
0.135100000000001,0.975916761938059,-0.951056516293763,0.487958380969029
0.135200000000001,0.904827052464689,-0.809016994372343,0.452413526232345
0.135300000000001,0.790155012373794,-0.587785252288898,0.395077506186897
0.135400000000001,0.637423989746331,-0.309016994370756,0.318711994873165
0.135500000000001,0.453990499736847,4.33725664924157E-12,0.226995249868423
0.135600000000001,0.24868988716195,0.309016994379061,0.124344943580975
0.135700000000001,0.0314107590751623,0.587785252295916,0.0157053795375811
0.135800000000001,-0.187381314588609,0.809016994377441,-0.0936906572943043
0.135900000000001,-0.397147890637498,0.951056516296461,-0.198573945318749
0.136000000000001,-0.587785252294844,1,-0.293892626147422
0.136100000000001,-0.750111069632376,0.951056516293872,-0.375055534816188
0.136200000000001,-0.876306680045245,0.809016994372549,-0.438153340022622
0.136300000000001,-0.960293685677734,0.587785252289183,-0.480146842838867
0.136400000000001,-0.998026728428448,0.309016994371091,-0.499013364214224
0.136500000000001,-0.987688340594704,-3.9854155303604E-12,-0.493844170297352
0.136600000000001,-0.929776485887242,-0.309016994378726,-0.464888242943621
0.136700000000001,-0.827080574273007,-0.587785252295631,-0.413540287136503
0.136800000000001,-0.684547105926695,-0.809016994377235,-0.342273552963347
0.136900000000001,-0.509041415748044,-0.951056516296352,-0.254520707874022
0.137000000000001,-0.309016994372406,-1,-0.154508497186203
0.137100000000001,-0.0941083133158852,-0.95105651629398,-0.0470541566579426
0.137200000000001,0.125333233566893,-0.809016994372723,0.0626666167834466
0.137300000000001,0.338737920247717,-0.587785252289467,0.169368960123858
0.137400000000001,0.535826794981195,-0.309016994371426,0.267913397490597
0.137500000000001,0.707106781188366,3.63357441147924E-12,0.353553390594183
0.137600000000001,0.844327925503376,0.309016994378391,0.422163962751688
0.137700000000001,0.940880768955075,0.587785252295393,0.470440384477538
0.137800000000001,0.992114701314788,0.809016994377028,0.496057350657394
0.137900000000001,0.99556196460285,0.951056516296243,0.497780982301425
0.138000000000001,0.951056516294407,1,0.475528258147204
0.138100000000001,0.860742027002731,0.951056516294089,0.430371013501365
0.138200000000001,0.728968627419763,0.80901699437293,0.364484313709881
0.138300000000001,0.562083377850165,0.587785252289752,0.281041688925082
0.138400000000001,0.368124552682497,0.30901699437176,0.184062276341248
0.138500000000001,0.156434465037945,-3.28173329259807E-12,0.0782172325189725
0.138600000000001,-0.0627905195315917,-0.309016994378057,-0.0313952597657958
0.138700000000001,-0.278991106041391,-0.587785252295108,-0.139495553020696
0.138800000000001,-0.481753674103661,-0.809016994376821,-0.24087683705183
0.138900000000001,-0.661311865325293,-0.951056516296135,-0.330655932662647
0.139000000000001,-0.809016994376249,-1,-0.404508497188124
0.139100000000001,-0.917754625684848,-0.951056516294198,-0.458877312842424
0.139200000000001,-0.982287250729092,-0.809016994373136,-0.491143625364546
0.139300000000001,-0.999506560365665,-0.587785252290037,-0.499753280182832
0.139400000000001,-0.968583161128112,-0.309016994372095,-0.484291580564056
0.139500000000001,-0.891006524187434,2.98673559257772E-12,-0.445503262093717
0.139600000000001,-0.770513242774498,0.309016994377722,-0.385256621387249
0.139700000000001,-0.612907053651401,0.587785252294823,-0.306453526825701
0.139800000000001,-0.425779291563246,0.809016994376614,-0.212889645781623
0.139900000000001,-0.218143241394603,0.951056516296026,-0.109071620697301
0.140000000000001,1.95620183942383E-12,1,9.78100919711917E-13
0.140100000000001,0.218143241398421,0.951056516294306,0.10907162069921
0.140200000000001,0.425779291566786,0.809016994373343,0.212889645783393
0.140300000000001,0.612907053654448,0.587785252290321,0.306453526827224
0.140400000000001,0.770513242776956,0.30901699437243,0.385256621388478
0.140500000000001,0.891006524189185,-2.63489447369655E-12,0.445503262094592
0.140600000000001,0.968583161129085,-0.309016994377387,0.484291580564542
0.140700000000001,0.999506560365788,-0.587785252294539,0.499753280182894
0.140800000000001,0.982287250728359,-0.809016994376407,0.491143625364179
0.140900000000001,0.917754625683294,-0.951056516295917,0.458877312841647
0.141000000000001,0.809016994373949,-1,0.404508497186975
0.141100000000001,0.661311865322401,-0.951056516294415,0.330655932661201
0.141200000000001,0.481753674100282,-0.80901699437355,0.240876837050141
0.141300000000001,0.278991106037689,-0.58778525229056,0.139495553018844
0.141400000000001,0.062790519527687,-0.309016994372764,0.0313952597638435
0.141500000000001,-0.156434465041809,2.28305335481539E-12,-0.0782172325209047
0.141600000000001,-0.368124552686135,0.309016994377053,-0.184062276343067
0.141700000000001,-0.5620833778534,0.587785252294254,-0.2810416889267
0.141800000000001,-0.728968627422441,0.809016994376234,-0.36448431371122
0.141900000000001,-0.860742027004693,0.951056516295809,-0.430371013502347
0.142000000000001,-0.951056516295599,1,-0.475528258147799
0.142100000000001,-0.995561964603213,0.951056516294524,-0.497780982301606
0.142200000000001,-0.992114701314298,0.809016994373757,-0.496057350657149
0.142300000000001,-0.94088076895375,0.587785252290845,-0.470440384476875
0.142400000000001,-0.84432792550128,0.309016994373099,-0.42216396275064
0.142500000000001,-0.7071067811856,-1.93121223593423E-12,-0.3535533905928
0.142600000000001,-0.535826794977891,-0.309016994376718,-0.267913397488946
0.142700000000001,-0.338737920244089,-0.587785252293969,-0.169368960122045
0.142800000000001,-0.125333233563068,-0.809016994376027,-0.062666616781534
0.142900000000001,0.0941083133197236,-0.9510565162957,0.0470541566598618
0.143000000000001,0.309016994376127,-1,0.154508497188063
0.143100000000001,0.509041415751412,-0.951056516294633,0.254520707875706
0.143200000000001,0.684547105929547,-0.809016994373964,0.342273552964773
0.143300000000001,0.827080574275206,-0.587785252291129,0.413540287137603
0.143400000000001,0.929776485888662,-0.309016994373433,0.464888242944331
0.143500000000001,0.987688340595307,1.57937111705306E-12,0.493844170297654
0.143600000000001,0.998026728428206,0.309016994376438,0.499013364214103
0.143700000000001,0.960293685676658,0.587785252293685,0.480146842838329
0.1438,0.87630668004336,0.80901699437582,0.43815334002168
0.1439,0.750111069629789,0.951056516295591,0.375055534814894
0.144,0.587785252291678,1,0.293892626145839
0.1441,0.397147890633908,0.951056516294724,0.198573945316954
0.1442,0.187381314584821,0.809016994374171,0.0936906572924107
0.1443,-0.0314107590790159,0.587785252291414,-0.015705379539508
0.1444,-0.248689887165684,0.309016994373768,-0.124344943582842
0.1445,-0.453990499740282,-1.2275299981719E-12,-0.226995249870141
0.1446,-0.637423989749345,-0.309016994376103,-0.318711994874673
0.1447,-0.790155012376192,-0.5877852522934,-0.395077506188096
0.1448,-0.904827052466355,-0.809016994375614,-0.452413526233177
0.1449,-0.975916761938912,-0.951056516295482,-0.487958380969456
0.145,-1,-1,-0.5
0.1451,-0.975916761938596,-0.951056516294833,-0.487958380969298
0.1452,-0.904827052465738,-0.809016994374377,-0.452413526232869
0.1453,-0.790155012375269,-0.587785252291699,-0.395077506187635
0.1454,-0.637423989748184,-0.309016994374049,-0.318711994874092
0.1455,-0.453990499738991,8.75688879290732E-13,-0.226995249869495
0.1456,-0.24868988716428,0.309016994375768,-0.12434494358214
0.1457,-0.0314107590775671,0.587785252293115,-0.0157053795387836
0.1458,0.187381314586245,0.809016994375407,0.0936906572931226
0.1459,0.397147890635238,0.951056516295391,0.198573945317619
0.146,0.587785252292851,1,0.293892626146426
0.1461,0.750111069630785,0.951056516294941,0.375055534815393
0.1462,0.876306680044086,0.809016994374584,0.438153340022043
0.1463,0.960293685677063,0.587785252291983,0.480146842838531
0.1464,0.998026728428297,0.309016994374383,0.499013364214148
0.1465,0.98768834059508,-5.23847760409568E-13,0.49384417029754
0.1466,0.929776485888128,-0.309016994375434,0.464888242944064
0.1467,0.827080574274391,-0.587785252292831,0.413540287137196
0.1468,0.68454710592849,-0.8090169943752,0.342273552964245
0.1469,0.509041415750115,-0.951056516295282,0.254520707875058
0.147,0.309016994374694,-1,0.154508497187347
0.1471,0.0941083133182805,-0.95105651629505,0.0470541566591403
0.1472,-0.125333233564506,-0.809016994374791,-0.062666616782253
0.1473,-0.338737920245453,-0.587785252292268,-0.169368960122727
0.1474,-0.535826794979115,-0.309016994374718,-0.267913397489558
0.1475,-0.707106781186625,1.72006641528403E-13,-0.353553390593312
0.1476,-0.844327925502057,0.309016994375099,-0.422163962751028
0.1477,-0.94088076895426,0.587785252292592,-0.47044038447713
0.1478,-0.992114701314487,0.809016994374993,-0.496057350657243
0.1479,-0.995561964603076,0.951056516295174,-0.497780982301538
0.148,-0.951056516295151,1,-0.475528258147575
0.1481,-0.860742027003955,0.951056516295159,-0.430371013501978
0.1482,-0.728968627421449,0.809016994374964,-0.364484313710724
0.1483,-0.562083377852202,0.587785252292553,-0.281041688926101
0.1484,-0.368124552684787,0.309016994375053,-0.184062276342393
0.1485,-0.156434465040322,1.79834477352761E-13,-0.0782172325201608
0.1486,0.0627905195291904,-0.309016994374765,0.0313952597645952
0.1487,0.278991106039081,-0.587785252292307,0.13949555301954
0.1488,0.481753674101552,-0.809016994374786,0.240876837050776
0.1489,0.661311865323489,-0.951056516295065,0.330655932661744
0.149,0.809016994374801,-1,0.4045084971874
0.1491,0.91775462568387,-0.951056516295267,0.458877312841935
0.1492,0.98228725072863,-0.809016994375171,0.491143625364315
0.1493,0.999506560365741,-0.587785252292837,0.49975328018287
0.1494,0.96858316112871,-0.309016994375387,0.484291580564355
0.1495,0.891006524188527,-4.74832177373117E-13,0.445503262094263
0.1496,0.770513242776032,0.30901699437443,0.385256621388016
0.1497,0.612907053653302,0.587785252292023,0.306453526826651
0.1498,0.425779291565474,0.809016994374579,0.212889645782737
0.1499,0.218143241397006,0.951056516294956,0.109071620698503
0.15,5.06685992744317E-13,1,2.53342996372158E-13
0.1501,-0.218143241396073,0.951056516295376,-0.109071620698036
0.1502,-0.425779291564609,0.809016994375378,-0.212889645782304
0.1503,-0.612907053652546,0.587785252293122,-0.306453526826273
0.1504,-0.770513242775422,0.309016994375722,-0.385256621387711
0.1505,-0.891006524188092,8.26673296254282E-13,-0.445503262094046
0.1506,-0.968583161128472,-0.309016994374095,-0.484291580564236
0.1507,-0.999506560365711,-0.587785252291738,-0.499753280182855
0.1508,-0.98228725072882,-0.809016994374373,-0.49114362536441
0.1509,-0.91775462568425,-0.951056516294848,-0.458877312842125
0.151,-0.809016994375363,-1,-0.404508497187682
0.1511,-0.661311865324206,-0.951056516295485,-0.330655932662103
0.1512,-0.48175367410239,-0.809016994375585,-0.240876837051195
0.1513,-0.278991106039999,-0.587785252293406,-0.13949555302
0.1514,-0.062790519530145,-0.309016994376056,-0.0313952597650725
0.1515,0.156434465039377,-1.17851441513545E-12,0.0782172325196884
0.1516,0.368124552683845,0.309016994373761,0.184062276341922
0.1517,0.56208337785141,0.587785252291454,0.281041688925705
0.1518,0.728968627420794,0.809016994374199,0.364484313710397
0.1519,0.860742027003468,0.951056516294739,0.430371013501734
0.152,0.951056516294855,1,0.475528258147428
0.1521,0.995561964602986,0.951056516295594,0.497780982301493
0.1522,0.992114701314607,0.809016994375792,0.496057350657303
0.1523,0.940880768954584,0.587785252293645,0.470440384477292
0.1524,0.844327925502569,0.309016994376391,0.422163962751285
0.1525,0.707106781187301,1.53035553401661E-12,0.35355339059365
0.1526,0.535826794979923,-0.309016994373426,0.267913397489961
0.1527,0.338737920246353,-0.587785252291169,0.169368960123177
0.1528,0.125333233565455,-0.809016994373993,0.0626666167827275
0.152899999999999,-0.0941083133173282,-0.95105651629463,-0.0470541566586641
0.152999999999999,-0.309016994373784,-1,-0.154508497186892
0.153099999999999,-0.509041415749292,-0.951056516295702,-0.254520707874646
0.153199999999999,-0.684547105927793,-0.809016994375998,-0.342273552963896
0.153299999999999,-0.827080574273853,-0.58778525229393,-0.413540287136927
0.153399999999999,-0.929776485887776,-0.309016994376726,-0.464888242943888
0.153499999999999,-0.987688340594931,-1.88219665289777E-12,-0.493844170297465
0.153599999999999,-0.998026728428357,0.309016994373145,-0.499013364214178
0.153699999999999,-0.96029368567733,0.587785252290884,-0.480146842838665
0.153799999999999,-0.876306680044547,0.809016994373786,-0.438153340022273
0.153899999999999,-0.750111069631418,0.951056516294521,-0.375055534815709
0.153999999999999,-0.587785252293625,1,-0.293892626146812
0.154099999999999,-0.397147890636116,0.951056516295794,-0.198573945318058
0.154199999999999,-0.187381314587185,0.809016994376205,-0.0936906572935924
0.154299999999999,0.0314107590766111,0.587785252294214,0.0157053795383055
0.154399999999999,0.248689887163354,0.30901699437706,0.124344943581677
0.154499999999999,0.453990499738138,2.23403777177894E-12,0.226995249869069
0.154599999999999,0.637423989747447,-0.309016994372811,0.318711994873724
0.154699999999999,0.790155012374683,-0.5877852522906,0.395077506187341
0.154799999999999,0.90482705246533,-0.809016994373579,0.452413526232665
0.154899999999999,0.975916761938387,-0.951056516294413,0.487958380969194
0.154999999999999,1,-1,0.5
0.155099999999999,0.975916761939121,-0.951056516295902,0.487958380969561
0.155199999999999,0.904827052466762,-0.809016994376412,0.452413526233381
